752182	species	Hyperolius riggenbachi	GCA_040937935.1	Anura	4915935452	2674826	451034413	3516	477	12	45	GCA_040937895.1	primary	primary	PRJNA1129093;PRJNA1137929;PRJNA489243;PRJNA533106	Chromosome	2024-07-30
8296	species	Ambystoma mexicanum	GCA_040938575.1	Caudata	29117848270	23068610	1489131749	2315	220	21	46.5		primary	primary	PRJNA1104202;PRJNA1168523	Chromosome	2024-07-30
233779	species	Spea bombifrons	GCA_027358695.2	Anura	987655159	21170366	114150385	119	17	13	40.5	GCA_027382365.2	primary	primary	PRJNA489243;PRJNA533106;PRJNA838345;PRJNA915367	Chromosome	2022-12-27
8319	species	Pleurodeles waltl	GCA_031143425.1	Caudata	19767450834	20474000	1360680797	2445	616	16	46	GCA_031142525.1,GCA_026652325.1	primary	primary	PRJNA1001912;PRJNA990737	Chromosome	2024-03-19
8351	species	Discoglossus pictus	GCA_027410445.1	Anura	3872581802	3043591	453717995	4998	1317	14	39.5	GCA_027410455.1	primary	primary	PRJNA489243;PRJNA533106;PRJNA912129;PRJNA915386	Chromosome	2022-12-28
8345	species	Bombina bombina	GCA_027579735.1	Anura	10019663791	3759931	1241340601	9446	2467	12	39	GCA_027579415.1	primary	primary	PRJNA489243;PRJNA533106;PRJNA915412;PRJNA922148	Chromosome	2023-01-09
150705	species	Dendropsophus ebraccatus	GCA_027789765.1	Anura	2214937069	8808153	153439414	3003	2200	15	44	GCA_027789725.1	primary	primary	PRJNA489243;PRJNA533106;PRJNA910819;PRJNA922582	Chromosome	2023-01-13
8429	species	Gastrophryne carolinensis	GCA_027917425.1	Anura	4336248441	4962642	489283037	2747	1002	11	47	GCA_027917415.1	primary	primary	PRJNA489243;PRJNA533106;PRJNA916748;PRJNA923362	Chromosome	2023-01-18
327740	species	Hyla sarda	GCA_029499605.1	Anura	4142159359	3809262	384967061	5771	3474	13	44	GCA_029493135.1	primary	primary	PRJNA489243;PRJNA533106;PRJNA921707;PRJNA945447	Chromosome	2023-04-07
238119	species	Leptodactylus fuscus	GCA_031893025.1	Anura	2307711212	5565655	228259793	3239	2266	11	43	GCA_031893055.1	primary	primary	PRJNA1007263;PRJNA1008724;PRJNA489243;PRJNA533106	Chromosome	2023-09-26
111125	species	Ranitomeya imitator	GCA_032444005.1	Anura	5956610564	13907627	725832262	2437	1672	10	45	GCA_032442605.1	primary	primary	PRJNA1013386;PRJNA1023201	Chromosome	2023-10-16
57060	species	Eleutherodactylus coqui	GCA_035609145.1	Anura	3371297528	10388966	277440397	1615	956	13	45	GCA_035609135.1	primary	primary	PRJNA1057919;PRJNA1061194;PRJNA489243;PRJNA533106	Chromosome	2024-01-12
191477	species	Pelobates fuscus	GCA_036172605.1	Anura	3606456729	29412599	387735018	508	159	13	42	GCA_036172575.1,GCA_036172585.1	primary	primary	PRJNA1060730;PRJNA1062344;PRJNA489243;PRJNA533106	Chromosome	2024-01-26
233781	species	Pelodytes ibericus	GCA_036172795.1	Anura	2077641644	19137354	222280400	360	98	12	39.5	GCA_036172765.1,GCA_036172775.1	primary	primary	PRJNA1008780;PRJNA1062339;PRJNA489243;PRJNA533106	Chromosome	2024-01-26
43566	species	Rhinophrynus dorsalis	GCA_037306005.1	Anura	4745552136	12994863	565843407	2495	463	11	42	GCA_037306015.1	primary	primary	PRJNA1085474;PRJNA1086928;PRJNA489243;PRJNA533106	Chromosome	2024-03-20
3061075	species	Mixophyes fleayi	GCA_038048845.1	Anura	2969628263	4050021	346624570	4227	2806	12	40.5	GCA_038048865.1	primary	primary	PRJNA1071269;PRJNA1096747;PRJNA489243;PRJNA533106	Chromosome	2024-04-17
288555	species	Xenopus petersii	GCA_038501925.1	Anura	2883778474	15294995	160347489	1387	887	18	39.5	GCA_038501915.1	primary	primary	PRJNA1058702;PRJNA1104629;PRJNA489243;PRJNA533106	Chromosome	2024-04-29
8439	species	Ascaphus truei	GCA_040206685.1	Anura	3722616900	981472	424004025	9569	3549	23	45	GCA_040206675.1	primary	primary	PRJNA1106995;PRJNA1108278;PRJNA489243;PRJNA533106	Chromosome	2024-06-17
76066	species	Engystomops pustulosus	GCA_040894005.1	Anura	2158203323	21805561	214838416	1372	936	11	43	GCA_040894015.1	primary	primary	PRJNA1135147;PRJNA1144444;PRJNA489243;PRJNA533106	Chromosome	2024-07-30
43514	species	Mantella aurantiaca	GCA_048565335.1	Anura	3319283846	2243248	372175235	6532	2611	13	41	GCA_048565345.1	primary	primary	PRJNA1220199;PRJNA1232177;PRJNA489243;PRJNA533106	Chromosome	2025-03-12
238106	species	Anomaloglossus baeobatrachus	GCA_048569485.1	Anura	6265077250	2835192	707508717	7414	3642	12	46.5	GCA_048569465.1	primary	primary	PRJNA1226914;PRJNA1235750;PRJNA489243;PRJNA533106	Chromosome	2025-03-13
194408	species	Rhinatrema bivittatum	GCA_901001135.2	Gymnophiona	5319222779	3216284	486875112	4900	1329	19	44.5	GCA_901001175.1,GCA_901001135.1	primary	primary	PRJEB32111;PRJEB32113;PRJEB43745;PRJNA489243;PRJNA533106	Chromosome	2021-04-24
1415580	species	Microcaecilia unicolor	GCA_901765095.2	Gymnophiona	4685923413	3661507	376147139	3529	1080	14	44	GCA_901765105.1,GCA_901765095.1	primary	primary	PRJEB32737;PRJEB32739;PRJEB43745;PRJNA489243;PRJNA533106	Chromosome	2021-04-24
256425	species	Lissotriton helveticus	GCA_964261635.1	Caudata	23170028842	7795245	2132484007	5693	448	17	45	GCA_964258895.1	primary	primary	PRJEB40665;PRJEB43510;PRJEB43745;PRJEB69288;PRJEB79500;PRJNA489243;PRJNA533106	Chromosome	2024-10-17
8324	species	Lissotriton vulgaris	GCA_964263255.1	Caudata	24226223864	6568731	1925992481	19295	15265	16	45	GCA_964261385.1	primary	primary	PRJEB40665;PRJEB43510;PRJEB43745;PRJEB69290;PRJEB79654;PRJNA489243;PRJNA533106	Chromosome	2024-10-17
495146	species	Pseudophryne corroboree	GCA_028390025.1	Anura	8872758793	6819095	846894890	5826	3127	12	45.550000000000004	GCA_028390055.1	primary	primary	PRJNA489243;PRJNA533106;PRJNA921726;PRJNA928730	Chromosome	2023-02-06
260995	species	Geotrypetes seraphini	GCA_902459505.2	Gymnophiona	3779413726	20656571	272612222	596	163	19	43.18	GCA_902459495.1,GCA_902459505.1	primary	primary	PRJEB33992;PRJEB33993;PRJEB43745;PRJNA489243;PRJNA533106	Chromosome	2021-04-24
8384	species	Bufo bufo	GCA_905171765.1	Anura	5044744194	3959750	635713434	5501	1306	11	44.410000000000004	GCA_905171715.1	primary	primary	PRJEB40665;PRJEB42168;PRJEB42238;PRJEB43510;PRJEB43745;PRJNA489243;PRJNA533106	Chromosome	2021-01-28
8407	species	Rana temporaria	GCA_905171775.1	Anura	4111422596	6264810	481763206	2411	554	13	43.88	GCA_905171725.1	primary	primary	PRJEB40665;PRJEB42171;PRJEB42239;PRJEB43510;PRJEB43745;PRJNA489243;PRJNA533106	Chromosome	2021-01-28
8323	species	Triturus cristatus	GCA_964204655.1	Caudata	22324616549	8497210	1248769876	6001	1303	17	45.53	GCA_964204665.1	primary	primary	PRJEB40665;PRJEB43510;PRJEB43745;PRJEB75439;PRJEB78383;PRJNA489243;PRJNA533106	Chromosome	2024-07-31
8348	species	Bombina variegata	GCA_964205295.1	Anura	9369772323	1741680	1114117749	11427	4756	12	38.93	GCA_964205305.1	primary	primary	PRJEB43745;PRJEB74356;PRJEB76886;PRJNA489243;PRJNA533106	Chromosome	2024-07-29
45623	species	Pelophylax lessonae	GCA_965119305.1	Anura	5811227458	3786355	677924506	4371	1327	13	43.76	GCA_965119315.1	primary	primary	PRJEB40665;PRJEB43510;PRJEB43745;PRJEB80341;PRJEB85310;PRJNA489243;PRJNA533106	Chromosome	2025-02-11
39638	species	Agelaius phoeniceus	GCA_020745825.3	Passeriformes	1188530404	22833505	36435137	515	440	37	43		primary	primary	PRJNA735624	Chromosome	2023-03-15
8845	species	Anser cygnoides	GCA_040182565.1	Anseriformes	1215337776	39655246	81007908	116	74	40	43		primary	primary	PRJNA1111257	Chromosome	2024-06-14
9031	species	Gallus gallus	GCA_016699485.1	Galliformes	1053315467	18834961	90861225	676	213	41	42	GCA_016700215.2	primary	primary	PRJNA489243;PRJNA489244;PRJNA533106;PRJNA660757;PRJNA673216	Chromosome	2021-01-19
57412	species	Colius striatus	GCA_028858725.2	Coliiformes	1212464869	21931325	89023854	348	190	32	42.5	GCA_028858625.2	primary	primary	PRJNA489243;PRJNA533106;PRJNA936149;PRJNA938129	Chromosome	2023-02-24
8790	species	Dromaius novaehollandiae	GCA_036370855.1	Casuariiformes	1468706110	24239989	77929039	400	271	41	44	GCA_036417515.1	primary	primary	PRJNA1061216;PRJNA1067667;PRJNA489243;PRJNA533106	Chromosome	2024-02-26
678569	species	Lathamus discolor	GCA_037157495.1	Psittaciformes	1241003407	19972387	126105786	553	367	26	42.5	GCA_037157625.1	primary	primary	PRJNA1085017;PRJNA1086524;PRJNA489243;PRJNA533106	Chromosome	2024-03-15
8869	species	Cygnus olor	GCA_009769625.2	Anseriformes	1134169903	8308965	81481363	621	170	36	42	GCA_009769485.2	primary	primary	PRJNA489243;PRJNA489244;PRJNA533106;PRJNA561960;PRJNA562205	Chromosome	2021-03-31
8801	species	Struthio camelus	GCA_040807025.1	Struthioniformes	1452018929	28829471	84633522	378	262	41	44.5	GCA_040807015.1	primary	primary	PRJNA1129091;PRJNA1135236;PRJNA489243;PRJNA533106	Chromosome	2024-07-22
372321	species	Patagioenas fasciata	GCA_037038585.2	Columbiformes	1454324034	48246320	71669782	497	360	41	44	GCA_036971685.2	primary	primary	PRJNA1078807;PRJNA1080603;PRJNA489243;PRJNA533106	Chromosome	2025-02-07
2939378	species	Oenanthe melanoleuca	GCA_029582105.1	Passeriformes	1036256795	7795761	69618406	1169	587	31	42		primary	primary	PRJNA937434	Chromosome	2023-04-06
48891	species	Poecile atricapillus	GCA_030490865.1	Passeriformes	1251116877	8462732	107919339	708	306	41	42.5	GCA_030490855.1	primary	primary	PRJNA1078797;PRJNA489243;PRJNA533106;PRJNA972429	Chromosome	2023-07-18
8795	species	Rhea pennata	GCA_028389875.1	Rheiformes	1269000025	19335416	82467789	307	179	40	42.5	GCA_028389885.1	primary	primary	PRJNA489243;PRJNA489244;PRJNA533106;PRJNA918801;PRJNA928731	Chromosome	2023-02-06
59729	species	Taeniopygia guttata	GCA_048771995.1	Passeriformes	1141148522	65033001	72089520	50	41	41	42.5	GCA_048772025.1	primary	primary	PRJNA1229770;PRJNA1236351;PRJNA489243;PRJNA533106	Chromosome	2025-03-21
9244	species	Calypte anna	GCA_003957555.2	Apodiformes	1059687259	14522327	74081004	584	159	33	41.5	GCA_003957575.1,GCA_000699085.1,GCA_002021895.1	primary	primary	PRJNA489139;PRJNA489243;PRJNA489244;PRJNA510144;PRJNA533106	Chromosome	2019-05-17
121530	species	Tauraco erythrolophus	GCA_009769465.1	Musophagiformes	1252271553	11927027	85562082	484	140	33	42.5	GCA_009764505.1		primary	PRJNA489243;PRJNA489244;PRJNA533106;PRJNA561947;PRJNA562246	Chromosome	2019-12-19
240206	species	Pterocles gutturalis	GCA_009769525.1	Pterocliformes	1127398289	12131577	43262132	330	88	36	42.5	GCA_009769505.1		primary	PRJNA489243;PRJNA489244;PRJNA533106;PRJNA561958;PRJNA562241	Chromosome	2019-12-23
54380	species	Cariama cristata	GCA_009819825.1	Cariamiformes	1215224075	13514148	30176635	303	109	52	42	GCA_009819485.1		primary	PRJNA489243;PRJNA489244;PRJNA533106;PRJNA561892;PRJNA562192	Chromosome	2019-12-31
57421	species	Merops nubicus	GCA_009819595.1	Coraciiformes	1149337515	12372304	49132790	377	108	36	43	GCA_009819585.1		primary	PRJNA489243;PRJNA489244;PRJNA533106;PRJNA561894;PRJNA562222	Chromosome	2019-12-31
100784	subspecies	Balearica regulorum gibbericeps	GCA_011004875.1	Gruiformes	1221032548	23326060	82577926	248	104	37	42.5	GCA_011004865.1		primary	PRJNA489243;PRJNA489244;PRJNA533106;PRJNA561890;PRJNA562181	Chromosome	2020-03-05
118200	species	Dryobates pubescens	GCA_014839835.1	Piciformes	1187939694	19150283	38715865	367	180	46	45.5	GCA_014839825.1	primary	primary	PRJNA489243;PRJNA489244;PRJNA533106;PRJNA561991;PRJNA562232	Chromosome	2020-10-02
43150	species	Hirundo rustica	GCA_015227805.3	Passeriformes	1105955550	2794774	76187387	1719	617	41	42.5	GCA_015227815.3	primary	primary	PRJNA489243;PRJNA489244;PRJNA533106;PRJNA636192;PRJNA641117	Chromosome	2021-11-30
57068	species	Acanthisitta chloris	GCA_016904835.1	Passeriformes	1077368553	16681756	40827287	400	205	38	42.5	GCA_016880875.1		primary	PRJNA489243;PRJNA489244;PRJNA533106;PRJNA561954;PRJNA562166	Chromosome	2021-02-17
55661	species	Cuculus canorus	GCA_017976375.1	Cuculiformes	1180136575	20797936	78325852	446	150	41	42	GCA_017976305.1	primary	primary	PRJNA489243;PRJNA489244;PRJNA533106;PRJNA562015;PRJNA562200	Chromosome	2021-04-15
8895	species	Apus apus	GCA_020740795.1	Apodiformes	1100361224	25561769	115508478	365	109	31	42	GCA_020740585.1	primary	primary	PRJNA489243;PRJNA489244;PRJNA533106;PRJNA776336;PRJNA776865	Chromosome	2021-11-04
134902	species	Corvus hawaiiensis	GCA_020740725.1	Passeriformes	1151594481	23064755	76278832	481	187	43	43.5	GCA_020740675.1	primary	primary	PRJNA489243;PRJNA489244;PRJNA533106;PRJNA774314;PRJNA776866	Chromosome	2021-11-04
1118847	species	Theristicus caerulescens	GCA_020745775.1	Pelecaniformes	1203353649	37098842	101368359	191	87	26	42.5	GCA_020745805.1	primary	primary	PRJNA489243;PRJNA489244;PRJNA533106;PRJNA774297;PRJNA776872	Chromosome	2021-11-05
64668	species	Lagopus muta	GCA_023343835.1	Galliformes	1026755127	17905263	71229700	374	164	40	41.5	GCA_023344045.1	primary	primary	PRJNA489243;PRJNA533106;PRJNA836583;PRJNA843060	Chromosome	2022-05-12
345164	species	Falco cherrug	GCA_023634085.1	Falconiformes	1309366964	21245687	92426045	540	282	24	43	GCA_023634115.1	primary	primary	PRJNA489243;PRJNA533106;PRJNA842831;PRJNA844067	Chromosome	2022-06-02
8954	species	Falco peregrinus	GCA_023634155.1	Falconiformes	1311580791	15744644	93682670	356	124	23	42.5	GCA_023634185.1	primary	primary	PRJNA489243;PRJNA533106;PRJNA842834;PRJNA844070	Chromosome	2022-06-02
46513	species	Phaethornis superciliosus	GCA_023637945.2	Apodiformes	1020009783	35194150	72671965	205	65	36	41	GCA_023637925.2	primary	primary	PRJNA489243;PRJNA533106;PRJNA785144;PRJNA789234	Chromosome	2025-02-06
202280	species	Harpia harpyja	GCA_026419915.1	Accipitriformes	1351447071	16799191	58111031	664	322	30	43.5	GCA_026419925.1	primary	primary	PRJNA489243;PRJNA533106;PRJNA896141;PRJNA903882	Chromosome	2022-11-27
81927	species	Vidua chalybeata	GCA_026979565.1	Passeriformes	1080440577	15819291	72553174	635	177	41	42	GCA_013398495.1,GCA_026979555.1	primary	primary	PRJNA489243;PRJNA533106;PRJNA889055;PRJNA912708	Chromosome	2022-12-21
30427	species	Haemorhous mexicanus	GCA_027477595.1	Passeriformes	1148216196	16787335	77212160	478	183	41	43	GCA_027406555.1	primary	primary	PRJNA489243;PRJNA533106;PRJNA839499;PRJNA915091	Chromosome	2022-12-29
9240	species	Spheniscus humboldti	GCA_027474245.1	Sphenisciformes	1358357718	13936613	89079306	389	136	37	44	GCA_027474345.1	primary	primary	PRJNA489243;PRJNA489244;PRJNA533106;PRJNA838343;PRJNA922133	Chromosome	2022-12-28
279927	species	Acridotheres tristis	GCA_027559615.1	Passeriformes	1193400391	7308823	75254055	889	454	38	42.5	GCA_027559525.1		primary	PRJNA489243;PRJNA489244;PRJNA533106;PRJNA839507;PRJNA922139	Chromosome	2023-01-09
54386	species	Rhynochetos jubatus	GCA_027574665.1	Eurypygiformes	1331454348	10485863	63592491	448	148	43	45	GCA_027595965.1	primary	primary	PRJNA489243;PRJNA489244;PRJNA533106;PRJNA916495;PRJNA922141	Chromosome	2023-01-09
2857394	species	Ammospiza nelsoni	GCA_027579445.1	Passeriformes	1185463352	12036358	74723840	292	77	37	43	GCA_027579665.1	primary	primary	PRJNA489243;PRJNA533106;PRJNA839456;PRJNA922164	Chromosome	2023-01-09
2857398	species	Ammospiza caudacuta	GCA_027887145.1	Passeriformes	1241209685	8252193	78443464	645	282	40	43.5	GCA_027887135.1	primary	primary	PRJNA489243;PRJNA489244;PRJNA533106;PRJNA839452;PRJNA922976	Chromosome	2023-01-18
33610	species	Gypaetus barbatus	GCA_028022735.1	Accipitriformes	1365299843	18064636	52189775	491	232	31	43.5	GCA_028017155.1	primary	primary	PRJEB43510;PRJEB49670;PRJNA489243;PRJNA489244;PRJNA533106;PRJNA912841;PRJNA927017	Chromosome	2023-01-31
44398	species	Melospiza georgiana	GCA_028018845.1	Passeriformes	1162015399	10446106	74254230	276	40	36	43	GCA_028019105.1	primary	primary	PRJNA489243;PRJNA533106;PRJNA915609;PRJNA927021	Chromosome	2023-01-31
8905	species	Podargus strigoides	GCA_028020825.1	Caprimulgiformes	1271141449	11637970	58393285	1241	1038	45	42.5	GCA_028020675.1	primary	primary	PRJNA489243;PRJNA533106;PRJNA912327;PRJNA926650	Chromosome	2023-01-31
75485	species	Rissa tridactyla	GCA_028500815.1	Charadriiformes	1353621101	15653959	88208671	999	716	32	44.5	GCA_028501385.1	primary	primary	PRJNA489243;PRJNA533106;PRJNA909853;PRJNA911786	Chromosome	2023-02-09
9226	species	Ara ararauna	GCA_028858755.1	Psittaciformes	1224360198	38811057	110438430	353	246	35	42.5	GCA_028858555.1	primary	primary	PRJNA489243;PRJNA533106;PRJNA931362;PRJNA935292	Chromosome	2023-02-24
9117	species	Grus americana	GCA_028858705.1	Gruiformes	1257821324	28324902	82903739	1190	929	40	43	GCA_028858595.1	primary	primary	PRJNA489243;PRJNA533106;PRJNA924953;PRJNA938116	Chromosome	2023-02-24
36300	species	Pelecanus crispus	GCA_030463565.1	Pelecaniformes	1314568463	9666746	86807213	700	310	34	43.5	GCA_030449815.1		primary	PRJNA489243;PRJNA533106;PRJNA984931;PRJNA986544	Chromosome	2023-07-18
30419	species	Opisthocomus hoazin	GCA_030867145.1	Opisthocomiformes	1482459898	14274197	80946297	683	415	41	45.5	GCA_030867165.1		primary	PRJNA1007258;PRJNA1008722;PRJNA489243;PRJNA533106	Chromosome	2023-08-24
37040	species	Gavia stellata	GCA_030936135.1	Gaviiformes	1321270170	13765203	50637386	1434	1185	44	43	GCA_030936125.1	primary	primary	PRJNA1008847;PRJNA1009091;PRJNA489243;PRJNA533106	Chromosome	2023-08-30
37578	species	Morus bassanus	GCA_031468815.1	Suliformes	1294787636	10178591	85624757	668	420	34	42.5	GCA_031468805.1	primary	primary	PRJNA1009681;PRJNA1010264;PRJNA489243;PRJNA533106	Chromosome	2023-09-15
111821	species	Strix aluco	GCA_031877795.1	Strigiformes	1414783145	11872084	89389700	483	202	41	42.5	GCA_031877785.1	primary	primary	PRJNA1007267;PRJNA1008725;PRJNA489243;PRJNA533106	Chromosome	2023-09-25
161624	species	Passerculus sandwichensis	GCA_031885435.1	Passeriformes	1270923488	19816254	64395891	358	109	41	43.5	GCA_031876245.1	primary	primary	PRJNA1006784;PRJNA1014448;PRJNA489243;PRJNA533106	Chromosome	2023-09-25
8932	species	Columba livia	GCA_036013475.2	Columbiformes	1325566026	14042120	68980706	1118	869	41	42	GCA_036010775.2	primary	primary	PRJNA1054131;PRJNA1063711;PRJNA489243;PRJNA533106	Chromosome	2024-04-08
188344	species	Leptosomus discolor	GCA_034619455.1	Coraciiformes	1327905210	8029456	82108581	625	335	29	43.5	GCA_034619465.1		primary	PRJNA1013356;PRJNA1048942;PRJNA489243;PRJNA533106	Chromosome	2023-12-27
1914991	subspecies	Melospiza melodia melodia	GCA_035770615.1	Passeriformes	1541245192	19453098	77460261	652	353	33	45	GCA_035771015.1	primary	primary	PRJNA1006794;PRJNA1061206;PRJNA489243;PRJNA533106	Chromosome	2024-01-24
187106	species	Caloenas nicobarica	GCA_036013445.1	Columbiformes	1285834579	25101800	79699707	923	806	40	44.5	GCA_036010745.1	primary	primary	PRJNA1061158;PRJNA1061556;PRJNA489243;PRJNA533106	Chromosome	2024-01-26
3111550	subspecies	Ammospiza maritima maritima	GCA_036010785.1	Passeriformes	1397839254	8735889	67791739	865	500	39	44	GCA_036010685.1	primary	primary	PRJNA1060856;PRJNA1061555;PRJNA489243;PRJNA533106	Chromosome	2024-01-24
472823	species	Heliangelus exortis	GCA_036169615.1	Apodiformes	1049650714	8413062	73898144	568	131	33	41.5	GCA_036172335.1	primary	primary	PRJNA1012326;PRJNA1014435;PRJNA489243;PRJNA533106	Chromosome	2024-01-26
415032	species	Pseudopipra pipra	GCA_036250125.1	Passeriformes	1165201947	10447158	75011098	1019	696	33	42.5	GCA_036250135.1	primary	primary	PRJNA1057371;PRJNA1068568;PRJNA489243;PRJNA533106	Chromosome	2024-01-31
187382	species	Chlamydotis macqueenii	GCA_036417535.1	Otidiformes	1273916401	25335467	84623986	428	328	38	43	GCA_036418225.1		primary	PRJNA1064422;PRJNA1067650;PRJNA489243;PRJNA533106	Chromosome	2024-02-07
48849	species	Passer domesticus	GCA_036417665.1	Passeriformes	1310114252	20590000	83066519	536	334	39	44	GCA_036417895.1	primary	primary	PRJNA1064421;PRJNA1072095;PRJNA489243;PRJNA533106	Chromosome	2024-02-07
2696672	species	Apteryx mantelli	GCA_036417845.1	Apterygiformes	1504396159	19797665	88095958	578	408	43	44	GCA_036417975.1	primary	primary	PRJNA1061176;PRJNA1063290;PRJNA489243;PRJNA533106	Chromosome	2024-02-06
1570318	species	Mergus octosetaceus	GCA_036873955.1	Anseriformes	1245774584	10800487	83836255	895	568	36	42.5	GCA_036850655.1	primary	primary	PRJNA1072166;PRJNA1076174;PRJNA489243;PRJNA533106	Chromosome	2024-02-26
43583	species	Sarcoramphus papa	GCA_037962945.1	Accipitriformes	1543931415	40899883	96420541	277	123	41	44	GCA_037950955.1	primary	primary	PRJNA1093106;PRJNA1094962;PRJNA489243;PRJNA533106	Chromosome	2024-04-04
151761	species	Amazona ochrocephala	GCA_039720435.1	Psittaciformes	1361896792	14879228	92674118	1876	1678	34	43.5	GCA_039720425.1	primary	primary	PRJNA1102367;PRJNA1103237;PRJNA489243;PRJNA533106	Chromosome	2024-05-24
46218	species	Excalfactoria chinensis	GCA_039878825.1	Galliformes	966847183	7816141	86361526	521	191	33	41.5	GCA_039878515.1	primary	primary	PRJNA1108770;PRJNA1112841;PRJNA489243;PRJNA533106	Chromosome	2024-05-31
48277	species	Aegotheles albertisi	GCA_039906565.1	Caprimulgiformes	1167479976	9620782	46898397	1030	591	39	42.5	GCA_039906465.1	primary	primary	PRJNA1104699;PRJNA1112837;PRJNA489243;PRJNA533106	Chromosome	2024-05-31
51906	species	Guaruba guarouba	GCA_045345405.1	Psittaciformes	1366127126	33341676	109727540	389	216	36	43.5	GCA_045519325.1	primary	primary	PRJNA1180119;PRJNA1180972;PRJNA1180976;PRJNA489243;PRJNA533106	Chromosome	2024-12-02
252789	species	Morphnus guianensis	GCA_045345515.1	Accipitriformes	1576624229	26372894	61450600	708	544	28	44.5	GCA_045345505.1	primary	primary	PRJNA1180117;PRJNA1180970;PRJNA1180976;PRJNA489243;PRJNA533106	Chromosome	2024-12-02
1566151	species	Willisornis vidua	GCA_045364795.1	Passeriformes	1233406177	4357226	68492996	2283	1510	41	44	GCA_045364805.1	primary	primary	PRJNA1180198;PRJNA1180969;PRJNA1180976;PRJNA489243;PRJNA533106	Chromosome	2024-12-02
28727	species	Cyanocitta cristata	GCA_046129655.1	Passeriformes	1227159539	6932545	76484566	708	315	39	43.5	GCA_046129645.1	primary	primary	PRJNA1181931;PRJNA1183835;PRJNA489243;PRJNA533106	Chromosome	2024-12-18
40157	species	Lonchura striata	GCA_046129695.1	Passeriformes	1207550942	29140630	73424396	337	161	40	43.5	GCA_046129705.1		primary	PRJNA1186962;PRJNA1188146;PRJNA489243;PRJNA533106	Chromosome	2024-12-18
44394	species	Zonotrichia albicollis	GCA_047830755.1	Passeriformes	1278921982	17147933	64429512	408	179	42	44	GCA_047774235.1	primary	primary	PRJNA1214919;PRJNA1217013;PRJNA489243;PRJNA533106	Chromosome	2025-02-18
8805	species	Eudromia elegans	GCA_047922985.1	Tinamiformes	1109672866	11629215	66803183	695	396	40	44.5	GCA_047922975.1	primary	primary	PRJNA1103212;PRJNA1103214;PRJNA1224799;PRJNA1226602;PRJNA489243;PRJNA489244;PRJNA533106	Chromosome	2025-02-20
8957	species	Astur gentilis	GCA_929443795.2	Accipitriformes	1398011397	17712854	35025567	637	454	40	44	GCA_929447715.1,GCA_929443795.1	primary	primary	PRJEB40665;PRJEB43510;PRJEB43745;PRJEB48396;PRJEB50702;PRJNA489243;PRJNA533106	Chromosome	2022-10-27
107022	species	Bucephala clangula	GCA_964059595.1	Anseriformes	1190922165	4272793	66356865	991	537	40	42	GCA_964059605.1	primary	primary	PRJEB40665;PRJEB43510;PRJEB43745;PRJEB68286;PRJEB76092;PRJNA489243;PRJNA533106	Chromosome	2024-06-06
1323832	species	Calonectris borealis	GCA_964196065.2	Procellariiformes	1211470109	4109000	86671854	759	281	39	43.5	GCA_964195595.2	primary	primary	PRJEB40665;PRJEB43510;PRJEB43745;PRJEB75561;PRJEB77029;PRJNA489243;PRJNA533106	Chromosome	2024-07-23
2489341	species	Strigops habroptila	GCA_004027225.2	Psittaciformes	1148597545	9454087	83240647	456	89	25	41.59	GCA_004011185.1	primary	primary	PRJNA489135;PRJNA489243;PRJNA489244;PRJNA510145;PRJNA533106	Chromosome	2020-03-04
187126	species	Nesoenas mayeri	GCA_963082525.1	Columbiformes	1183254979	4840756	78184682	651	142	40	42.28	GCA_963082445.1	primary	primary	PRJEB43745;PRJEB64092;PRJEB64783;PRJNA489243;PRJNA533106	Chromosome	2023-08-09
148596	species	Falco punctatus	GCA_963210335.1	Falconiformes	1279260504	4755657	92385878	722	315	23	42.67	GCA_963210275.1	primary	primary	PRJEB43745;PRJEB61047;PRJEB65028;PRJNA489243;PRJNA533106	Chromosome	2023-08-19
232653	species	Psittacula echo	GCA_963264785.1	Psittaciformes	1203813063	5922112	106987384	529	171	35	42.67	GCA_963243765.1	primary	primary	PRJEB43745;PRJEB64768;PRJEB65273;PRJNA489243;PRJNA533106	Chromosome	2023-08-20
37598	species	Fringilla coelebs	GCA_963513975.1	Passeriformes	1209226962	3733973	73246393	1032	459	40	44.06	GCA_963513985.1	primary	primary	PRJEB40665;PRJEB43510;PRJEB43745;PRJEB61919;PRJEB66368;PRJNA489243;PRJNA533106	Chromosome	2023-09-28
127875	species	Cinclus cinclus	GCA_963662255.1	Passeriformes	1170837027	3563180	74357285	935	277	39	42.82	GCA_963662415.1	primary	primary	PRJEB40665;PRJEB43510;PRJEB43745;PRJEB61999;PRJEB68422;PRJNA489243;PRJNA533106	Chromosome	2023-12-11
9209	species	Phalacrocorax carbo	GCA_963921805.1	Suliformes	1283623959	4631399	84621172	843	350	36	43.46	GCA_963921815.1	primary	primary	PRJEB40665;PRJEB43510;PRJEB43745;PRJEB70849;PRJEB71801;PRJNA489243;PRJNA533106	Chromosome	2024-02-09
1192867	species	Chroicocephalus ridibundus	GCA_963924245.1	Charadriiformes	1417554307	4003687	83755488	1190	728	33	44.65	GCA_963924255.1	primary	primary	PRJEB40665;PRJEB43510;PRJEB43745;PRJEB68288;PRJEB71951;PRJNA489243;PRJNA533106	Chromosome	2024-01-20
28680	species	Anas acuta	GCA_963932015.1	Anseriformes	1189296988	3416933	76435830	1025	394	39	42.56	GCA_963932075.1	primary	primary	PRJEB40665;PRJEB43510;PRJEB43745;PRJEB64746;PRJEB72290;PRJNA489243;PRJNA533106	Chromosome	2024-02-07
8915	species	Larus fuscus	GCA_963932225.1	Charadriiformes	1324269790	3570916	86500895	1903	1366	32	44.410000000000004	GCA_963932325.1	primary	primary	PRJEB40665;PRJEB43510;PRJEB43745;PRJEB71570;PRJEB72328;PRJNA489243;PRJNA533106	Chromosome	2024-02-07
8969	species	Haliaeetus albicilla	GCA_947461875.1	Accipitriformes	1320298205	4576000	44398590	612	188	34	43.15	GCA_947461935.1	primary	primary	PRJEB43510;PRJEB43745;PRJEB47820;PRJEB57284;PRJEB57865;PRJNA489243;PRJNA533106	Chromosome	2022-12-06
177155	species	Streptopelia turtur	GCA_901699155.2	Columbiformes	1178816852	3790373	81365208	1246	311	33	41.71	GCA_901699165.2	primary	primary	PRJEB32724;PRJEB32727;PRJEB33226;PRJEB40665;PRJEB43510;PRJEB43745;PRJNA489243;PRJNA489244;PRJNA533106	Chromosome	2021-05-17
223781	subspecies	Aquila chrysaetos chrysaetos	GCA_900496995.4	Accipitriformes	1233704830	21924221	46934974	372	144	28	42.17	GCA_902153765.2	primary	primary	PRJEB27699;PRJEB33202;PRJEB33226;PRJEB40665;PRJEB43510;PRJEB43745;PRJNA489243;PRJNA489244;PRJNA533106	Chromosome	2021-03-26
37610	species	Erithacus rubecula	GCA_903797595.2	Passeriformes	1086738418	5585877	60684490	2109	1119	33	42.11	GCA_903797565.2	primary	primary	PRJEB33226;PRJEB38658;PRJEB38659;PRJEB40665;PRJEB43510;PRJEB43745;PRJNA489243;PRJNA489244;PRJNA533106	Chromosome	2021-05-03
111811	species	Caprimulgus europaeus	GCA_907165065.1	Caprimulgiformes	1177791212	30622946	82614289	274	121	37	41.93	GCA_907165095.1	primary	primary	PRJEB40665;PRJEB43510;PRJEB43745;PRJEB44540;PRJEB44830;PRJNA489243;PRJNA533106	Chromosome	2021-05-17
28689	species	Alca torda	GCA_008658365.1	Charadriiformes	1178473458	18221265	84526827	321	94	26	42.53	GCA_008658355.1	primary	primary	PRJNA489243;PRJNA489244;PRJNA533106;PRJNA554520;PRJNA566188	Chromosome	2019-10-10
1196302	species	Corvus moneduloides	GCA_009650955.1	Passeriformes	1112734094	11524098	74699841	394	105	36	41.47	GCA_009651025.1	primary	primary	PRJNA489243;PRJNA489244;PRJNA533106;PRJNA560983;PRJNA561795	Chromosome	2019-11-14
296741	species	Chiroxiphia lanceolata	GCA_009829145.1	Passeriformes	1089631598	18496167	75608808	299	93	35	41.84	GCA_009829205.1	primary	primary	PRJNA489243;PRJNA489244;PRJNA533106;PRJNA561943;PRJNA562196	Chromosome	2020-01-03
153643	species	Bucorvus abyssinicus	GCA_009769605.1	Bucerotiformes	1132597561	12039478	40274051	316	112	41	42.99	GCA_009769595.1	primary	primary	PRJNA489243;PRJNA489244;PRJNA533106;PRJNA561887;PRJNA562182	Chromosome	2019-12-23
219594	species	Aythya fuligula	GCA_009819795.1	Anseriformes	1126988109	17816505	85905639	267	104	36	41.31	GCA_009819845.1	primary	primary	PRJNA489243;PRJNA489244;PRJNA533106;PRJNA561952;PRJNA562180	Chromosome	2019-12-31
91951	species	Catharus ustulatus	GCA_009819885.2	Passeriformes	1131616530	4908935	68462074	589	160	41	41.99	GCA_009819505.2	primary	primary	PRJNA489243;PRJNA489244;PRJNA533106;PRJNA561933;PRJNA562193	Chromosome	2020-12-22
108405	species	Sterna hirundo	GCA_009819605.1	Charadriiformes	1229953488	22002498	85487239	327	122	27	42.69	GCA_009819645.1	primary	primary	PRJNA489243;PRJNA489244;PRJNA533106;PRJNA558062;PRJNA560234	Chromosome	2019-12-31
48155	species	Sylvia atricapilla	GCA_009819655.1	Passeriformes	1066786587	7345957	72978054	602	189	35	41.54	GCA_009819715.1	primary	primary	PRJNA489243;PRJNA489244;PRJNA533106;PRJNA558064;PRJNA560235	Chromosome	2019-12-31
135433	species	Geothlypis trichas	GCA_009764595.1	Passeriformes	1078128490	3247339	72541719	1757	278	34	41.51	GCA_009764545.1	primary	primary	PRJNA489243;PRJNA489244;PRJNA533106;PRJNA589703;PRJNA593040	Chromosome	2019-12-19
126867	species	Phalacrocorax aristotelis	GCA_949628215.1	Suliformes	1279116138	11420000	78889319	574	352	36	43.11	GCA_949628205.1	primary	primary	PRJEB40665;PRJEB43510;PRJEB43745;PRJEB57282;PRJEB60539;PRJNA489243;PRJNA533106	Chromosome	2023-04-08
100830	species	Tetrao urogallus	GCA_951394365.1	Galliformes	1013167347	1909808	71401156	1290	317	39	41.51	GCA_951394355.1	primary	primary	PRJEB40665;PRJEB43510;PRJEB43745;PRJEB47820;PRJEB57676;PRJEB62070;PRJNA489243;PRJNA533106	Chromosome	2023-06-15
345155	species	Falco biarmicus	GCA_023638135.1	Falconiformes	1285492283	24892811	91472507	555	397	24	42.95	GCA_023634305.1	primary	primary	PRJNA489243;PRJNA533106;PRJNA842826;PRJNA844077	Chromosome	2022-06-02
9218	subspecies	Phoenicopterus ruber ruber	GCA_009819775.1	Phoenicopteriformes	1246226932	14700712	85472901	370	90	33	42.97	GCA_009819805.1	primary	primary	PRJNA489243;PRJNA489244;PRJNA533106;PRJNA561888;PRJNA562231	Chromosome	2019-12-31
197941	species	Clangula hyemalis	GCA_963989345.1	Anseriformes	1206087415	3738964	78069974	815	271	41	42.31	GCA_963989315.1	primary	primary	PRJEB40665;PRJEB43510;PRJEB43745;PRJEB68290;PRJEB73781;PRJNA489243;PRJNA533106	Chromosome	2024-03-14
132585	species	Anser brachyrhynchus	GCA_964034855.1	Anseriformes	1287320976	2049950	79251119	1851	714	41	43.67	GCA_964034845.1	primary	primary	PRJEB40665;PRJEB43510;PRJEB43745;PRJEB68284;PRJEB75305;PRJNA489243;PRJNA533106	Chromosome	2024-04-27
30387	species	Netta rufina	GCA_964035555.1	Anseriformes	1166961997	3347974	77261329	854	140	42	42.08	GCA_964035535.1	primary	primary	PRJEB40665;PRJEB43510;PRJEB43745;PRJEB71875;PRJEB75341;PRJNA489243;PRJNA533106	Chromosome	2024-04-29
40816	species	Grus grus	GCA_964106855.1	Gruiformes	1352263658	3365458	83713171	1346	753	40	44.25	GCA_964059345.1	primary	primary	PRJEB40665;PRJEB43510;PRJEB43745;PRJEB73916;PRJEB75999;PRJNA489243;PRJNA533106	Chromosome	2024-06-06
31919	species	Numenius arquata	GCA_964106895.1	Charadriiformes	1348859203	2605715	63363742	2603	1818	41	43.980000000000004	GCA_964059295.1	primary	primary	PRJEB40665;PRJEB43510;PRJEB43745;PRJEB71566;PRJEB75987;PRJNA489243;PRJNA533106	Chromosome	2024-06-06
30397	species	Buteo buteo	GCA_964188355.1	Accipitriformes	1303682556	4249591	46961128	1014	543	34	43.160000000000004	GCA_964188375.1	primary	primary	PRJEB40665;PRJEB43510;PRJEB43745;PRJEB74952;PRJEB76733;PRJNA489243;PRJNA533106	Chromosome	2024-06-21
119627	species	Larus michahellis	GCA_964199755.1	Charadriiformes	1405564706	4216312	87713602	1117	617	35	44.65	GCA_964199725.1	primary	primary	PRJEB40665;PRJEB43510;PRJEB43745;PRJEB76381;PRJEB77562;PRJNA489243;PRJNA533106	Chromosome	2024-07-14
219593	species	Aythya ferina	GCA_964211825.1	Anseriformes	1252302973	4150808	79844515	1335	861	41	42.18	GCA_964211795.1		primary	PRJEB40665;PRJEB43510;PRJEB43745;PRJEB73425;PRJEB78494;PRJNA489243;PRJNA533106	Chromosome	2024-07-31
8843	species	Anser anser	GCA_964211835.1	Anseriformes	1313438308	2674135	78965412	1748	818	41	43.53	GCA_964211785.1	primary	primary	PRJEB40665;PRJEB43510;PRJEB43745;PRJEB73445;PRJEB78491;PRJNA489243;PRJNA533106	Chromosome	2024-07-31
9123	species	Gallinula chloropus	GCA_964237585.1	Gruiformes	1282394494	3673000	90336355	1420	817	38	44.7	GCA_964237395.1	primary	primary	PRJEB40665;PRJEB43510;PRJEB43745;PRJEB74708;PRJEB79218;PRJNA489243;PRJNA533106	Chromosome	2024-08-31
177147	species	Streptopelia decaocto	GCA_964273445.1	Columbiformes	1290939990	2425281	78754139	3146	2450	33	41.79	GCA_964273585.1	primary	primary	PRJEB40665;PRJEB43510;PRJEB43745;PRJEB73918;PRJEB80767;PRJNA489243;PRJNA533106	Chromosome	2024-10-04
37045	species	Phaethon aethereus	GCA_964289735.1	Phaethontiformes	1321007257	2122569	85546101	1925	656	40	43.160000000000004	GCA_964289755.1	primary	primary	PRJEB40665;PRJEB43510;PRJEB43745;PRJEB79621;PRJEB81454;PRJNA489243;PRJNA533106	Chromosome	2024-10-28
35669	species	Larus argentatus	GCA_964417175.1	Charadriiformes	1417836755	3525167	88668981	959	400	35	44.81	GCA_964417125.1	primary	primary	PRJEB40665;PRJEB43510;PRJEB43745;PRJEB75661;PRJEB83061;PRJNA489243;PRJNA533106	Chromosome	2024-12-05
126797	species	Athene noctua	GCA_965140245.1	Strigiformes	1355857592	4050372	86326089	1288	716	41	43.44	GCA_965140185.1	primary	primary	PRJEB40665;PRJEB43510;PRJEB43745;PRJEB74980;PRJEB85708;PRJNA489243;PRJNA533106	Chromosome	2025-02-13
189534	species	Aythya marila	GCA_965140915.1	Anseriformes	1224516623	3182246	77037309	1961	1268	40	42.160000000000004	GCA_965140925.1		primary	PRJEB40665;PRJEB43510;PRJEB43745;PRJEB78816;PRJEB85746;PRJNA489243;PRJNA533106	Chromosome	2025-02-13
110926	species	Cygnus columbianus	GCA_965151615.1	Anseriformes	1293521421	3838603	78162771	1142	602	41	45.03	GCA_965151595.1	primary	primary	PRJEB40665;PRJEB43510;PRJEB43745;PRJEB65211;PRJEB85807;PRJNA489243;PRJNA533106	Chromosome	2025-02-15
48427	species	Nyctibius grandis	GCA_013368605.1	Caprimulgiformes	1256393467	23231768	92359233	433	190	38	42.47	GCA_013368595.1	primary	primary	PRJNA489243;PRJNA489244;PRJNA533106;PRJNA562020;PRJNA562227	Chromosome	2020-06-23
73324	species	Sylvia borin	GCA_014839755.1	Passeriformes	1045652180	31914676	72750092	310	176	37	42	GCA_014839765.1	primary	primary	PRJNA489243;PRJNA489244;PRJNA533106;PRJNA561945;PRJNA562244	Chromosome	2020-10-02
2767082	subspecies	Lycocorax pyrrhopterus obiensis	GCA_014706295.1	Passeriformes	1107771238	7380351	74168823	3296	1695		42.77		primary	primary	PRJNA604967	Scaffold	2020-09-23
488313	species	Pogoniulus pusillus	GCA_015220805.1	Piciformes	1272338968	16792259	33994490	559	252	46	45.75	GCA_015220175.1	primary	primary	PRJNA489243;PRJNA489244;PRJNA533106;PRJNA637953;PRJNA641122	Chromosome	2020-11-03
120794	species	Falco rusticolus	GCA_015220075.1	Falconiformes	1195829278	15323486	91094845	767	132	24	42.02	GCA_015220155.1	primary	primary	PRJNA489243;PRJNA489244;PRJNA533106;PRJNA561988;PRJNA562209	Chromosome	2020-11-03
52777	species	Ciconia maguari	GCA_017639555.1	Ciconiiformes	1239415939	23757428	85554746	384	152	31	41.37	GCA_017639665.1	primary	primary	PRJNA489243;PRJNA489244;PRJNA533106;PRJNA715733;PRJNA717215	Chromosome	2021-03-30
148594	species	Falco naumanni	GCA_017639655.1	Falconiformes	1215702009	13754753	91761059	588	290	27	42.15	GCA_017639645.1	primary	primary	PRJNA489243;PRJNA489244;PRJNA533106;PRJNA702666;PRJNA715196	Chromosome	2021-03-30
670352	species	Pluvialis apricaria	GCA_017639485.1	Charadriiformes	1247746888	15203797	87527607	374	106	38	42.300000000000004	GCA_017639475.1	primary	primary	PRJNA489243;PRJNA489244;PRJNA533106;PRJNA715924;PRJNA717218	Chromosome	2021-03-30
243314	species	Hemiprocne comata	GCA_020745705.1	Apodiformes	1164793941	20531774	91346199	363	145	31	41.75	GCA_020745695.1	primary	primary	PRJNA489243;PRJNA489244;PRJNA533106;PRJNA774831;PRJNA776867	Chromosome	2021-11-05
297711	species	Trogon surrucura	GCA_020746105.1	Trogoniformes	1165727389	16237294	82617956	434	181	42	42.42	GCA_020746095.1	primary	primary	PRJNA489243;PRJNA489244;PRJNA533106;PRJNA774295;PRJNA776873	Chromosome	2021-11-05
439704	species	Porphyrio hochstetteri	GCA_020800305.1	Gruiformes	1270277365	13461271	71566193	500	173	34	43.57	GCA_020801775.1	primary	primary	PRJNA489243;PRJNA489244;PRJNA533106;PRJNA774331;PRJNA776871	Chromosome	2021-11-08
8839	species	Anas platyrhynchos	GCA_964188345.1	Anseriformes	1300232380	3518761	69288905	1506	935	41	42.87	GCA_964188335.1		primary	PRJEB40665;PRJEB43510;PRJEB43745;PRJEB74597;PRJEB76742;PRJNA489243;PRJNA533106	Chromosome	2024-06-21
13146	species	Melopsittacus undulatus	GCA_012275295.1	Psittaciformes	1171617451	16636420	104092594	1148	864	32	41.69	GCA_012275265.1,GCA_012275275.1	primary	primary	PRJNA489243;PRJNA489244;PRJNA533106;PRJNA562220;PRJNA612327	Chromosome	2020-04-13
30423	species	Coloeus monedula	GCA_965178535.1	Passeriformes	1109102816	3370455	64959247	1744	1173	40	44.01	GCA_965178545.1		primary	PRJEB40665;PRJEB43510;PRJEB43745;PRJEB78336;PRJEB86323;PRJNA489243;PRJNA533106	Chromosome	2025-03-04
257867	species	Platalea leucorodia	GCA_965183815.1	Pelecaniformes	1345825956	3299000	94714899	1371	668	37	43.62	GCA_965183785.1	primary	primary	PRJEB40665;PRJEB43510;PRJEB43745;PRJEB70851;PRJEB86379;PRJNA489243;PRJNA533106	Chromosome	2025-03-04
43581	species	Zosterops lateralis	GCA_965231245.1	Passeriformes	1047426550	2855402	74034074	1459	818	39	42.59	GCA_965231275.1	primary	primary	PRJEB43745;PRJEB80977;PRJEB87636;PRJNA489243;PRJNA533106	Chromosome	2025-03-28
100859	species	Vanellus vanellus	GCA_965231255.1	Charadriiformes	1476605334	1930563	82789932	3343	2407	34	44.52	GCA_965231265.1		primary	PRJEB40665;PRJEB43510;PRJEB43745;PRJEB73906;PRJEB87634;PRJNA489243;PRJNA533106	Chromosome	2025-03-28
8853	species	Branta canadensis	GCA_965231335.1	Anseriformes	1311882472	3892771	78989891	1144	613	40	44.14	GCA_965231325.1	primary	primary	PRJEB40665;PRJEB43510;PRJEB43745;PRJEB75627;PRJEB87680;PRJNA489243;PRJNA533106	Chromosome	2025-03-29
8154	species	Astatotilapia calliptera	GCA_964374285.1	Cichliformes	845253161	1528385	1528385	1719	1718		41	GCA_964374335.1		primary	PRJEB82981	Scaffold	2024-12-02
7994	species	Astyanax mexicanus	GCA_023375975.1	Characiformes	1373169186	47087582	51923808	123	109	25	38		primary	primary	PRJNA807270	Chromosome	2022-05-19
34773	species	Alosa sapidissima	GCA_018492685.1	Clupeiformes	903564947	1565278	38440066	1712	73	24	43	GCA_018492705.1	primary	primary	PRJNA489243;PRJNA533106;PRJNA728145;PRJNA776885	Chromosome	2021-05-25
109905	species	Chelmon rostratus	GCA_017976325.1	Chaetodontiformes	644191893	16959746	27778429	88	28	24	42.5	GCA_017976315.1	primary	primary	PRJNA489243;PRJNA533106;PRJNA561969;PRJNA562194	Chromosome	2021-04-15
13013	species	Clarias gariepinus	GCA_024256425.2	Siluriformes	969604269	33715535	33715535	47	47	28	39	GCA_024256435.1,GCA_024256465.1	primary	primary	PRJNA818990;PRJNA836536	Chromosome	2022-07-13
215367	species	Enoplosus armatus	GCA_043641665.1	Centrarchiformes	579881259	17101116	25576037	249	135	24	42	GCA_043640875.1	primary	primary	PRJNA1046164;PRJNA1074348;PRJNA1090822;PRJNA489243;PRJNA533106	Chromosome	2024-10-30
158456	species	Betta splendens	GCA_900634795.4	Anabantiformes	426984265	2574972	19821211	351	35	21	45.5	GCA_900651605.2	primary	primary	PRJEB30365;PRJEB30367;PRJEB43745;PRJNA489243;PRJNA533106	Chromosome	2023-03-10
7918	species	Lepisosteus oculatus	GCA_040954835.1	Semionotiformes	1200589847	20019514	47769348	911	816	29	40.5	GCA_040954845.1	primary	primary	PRJNA1106999;PRJNA1108750;PRJNA489243;PRJNA533106	Chromosome	2024-08-01
52904	species	Scophthalmus maximus	GCA_963854755.1	Pleuronectiformes	540345941	435753	435753	2723	2723		43.5	GCA_963854745.1		primary	PRJEB40665;PRJEB43510;PRJEB43745;PRJEB69510;PRJEB70829;PRJNA489243;PRJNA533106	Contig	2023-12-16
409849	species	Periophthalmus magnuspinnatus	GCA_009829125.3	Gobiiformes	752605561	2301275	32865169	821	122	24	40	GCA_009829135.1	primary	primary	PRJNA489243;PRJNA533106;PRJNA561998;PRJNA562229	Chromosome	2023-03-21
75038	species	Scatophagus argus	GCA_020382885.1		570785501	17189422	24451451	124	47	24	41.5	GCA_020382915.1	primary	primary	PRJNA489243;PRJNA533106;PRJNA749579;PRJNA768832;PRJNA776881	Chromosome	2021-10-13
454631	species	Rhamphochromis sp. 'chilingali'	GCA_963969275.1	Cichliformes	738725802	1057080	1057080	2406	2406		41	GCA_963969265.1		primary	PRJEB43745;PRJEB72382;PRJEB72869;PRJNA489243;PRJNA533106	Contig	2024-02-27
1250792	species	Melanotaenia boesemani	GCA_017639745.1	Atheriniformes	865575964	9299978	37878235	532	92	24	39.5	GCA_017639755.1	primary	primary	PRJNA489243;PRJNA533106;PRJNA561965;PRJNA562218	Chromosome	2021-03-30
7936	species	Anguilla anguilla	GCA_013347855.1	Anguilliformes	979029243	5114673	57205429	692	53	19	43.480000000000004	GCA_013347865.1	primary	primary	PRJNA489243;PRJNA533106;PRJNA561979;PRJNA562168	Chromosome	2020-06-18
8005	species	Electrophorus electricus	GCA_041902795.1	Gymnotiformes	833427914	22449376	30383234	509	460	26	41.5			primary	PRJNA1141219	Chromosome	2024-09-12
941984	species	Toxotes jaculatrix	GCA_017976425.1		621503431	15555772	26859436	194	96	24	41	GCA_017976295.1	primary	primary	PRJNA489243;PRJNA533106;PRJNA717046;PRJNA717219	Chromosome	2021-04-15
27706	species	Micropterus salmoides	GCA_019677235.1	Centrarchiformes	877669248	5969793	37181689	872	202	23	41			primary	PRJNA656383	Chromosome	2021-08-19
390368	species	Pholidichthys leucotaenia	GCA_020510985.1	Cichliformes	6032307556	5867598	435632707	3075	512	15	44.5	GCA_020510965.1	primary	primary	PRJNA489243;PRJNA533106;PRJNA749575;PRJNA776880	Chromosome	2021-10-15
34787	species	Tautogolabrus adspersus	GCA_020745685.1	Labriformes	723565691	7919333	31691308	346	63	24	41.5	GCA_020745675.1	primary	primary	PRJNA489243;PRJNA533106;PRJNA774878;PRJNA776882	Chromosome	2021-11-05
208333	species	Girardinichthys multiradiatus	GCA_021462225.2	Cyprinodontiformes	1150004004	13818222	47419401	480	72	25	40		primary	primary	PRJNA489243;PRJNA533106;PRJNA768329;PRJNA895397	Chromosome	2022-02-24
310915	species	Pangasianodon hypophthalmus	GCA_027358585.1	Siluriformes	764974446	13007371	26128932	294	58	30	39	GCA_027382375.1	primary	primary	PRJNA489243;PRJNA533106;PRJNA914796;PRJNA915404	Chromosome	2022-12-28
13676	species	Scomber japonicus	GCA_027409825.1	Scombriformes	828681152	4898551	34636535	1932	360	24	40	GCA_027409835.1	primary	primary	PRJNA489243;PRJNA533106;PRJNA912108;PRJNA914746	Chromosome	2022-12-28
443677	species	Neoarius graeffei	GCA_027579695.1	Siluriformes	2341916362	14859289	83992109	372	38	28	42.5	GCA_027579805.1	primary	primary	PRJNA489243;PRJNA533106;PRJNA839496;PRJNA922166	Chromosome	2023-01-09
219752	species	Odontesthes bonariensis	GCA_027942865.1	Atheriniformes	945823896	9831534	39252737	471	189	24	41.5	GCA_027942885.1	primary	primary	PRJNA489243;PRJNA533106;PRJNA916695;PRJNA923338	Chromosome	2023-01-24
1772091	species	Lycodopsis pacificus	GCA_028022725.1	Perciformes	646369862	4715471	27720618	475	109	24	43	GCA_028021495.1	primary	primary	PRJNA489243;PRJNA533106;PRJNA921714;PRJNA928479	Chromosome	2023-01-31
2546036	species	Lampris incognitus	GCA_029633865.1	Lampriformes	1482357630	917127	62607046	3659	544	21	45	GCA_029633845.1	primary	primary	PRJNA489243;PRJNA533106;PRJNA951788;PRJNA952990	Chromosome	2023-04-13
27720	species	Hoplias malabaricus	GCA_029633855.2	Characiformes	1186354877	3626585	53138383	1586	597	21	41	GCA_029633875.2	primary	primary	PRJNA489243;PRJNA533106;PRJNA923842;PRJNA952991	Chromosome	2024-06-25
2290929	species	Trichomycterus rosablanca	GCA_030014385.1	Siluriformes	1045025885	13074164	40419146	547	349	27	40.5	GCA_030015355.1	primary	primary	PRJNA489243;PRJNA533106;PRJNA924296;PRJNA971190	Chromosome	2023-05-16
930266	species	Salminus brasiliensis	GCA_030463535.1	Characiformes	1066483687	5834861	40765202	829	103	25	41.5	GCA_030448965.1	primary	primary	PRJNA489243;PRJNA533106;PRJNA972453;PRJNA976265	Chromosome	2023-07-14
315492	species	Lateolabrax maculatus	GCA_031216445.1	Acropomatiformes	632510465	27954791	27954791	109	109	24	41		primary	primary	PRJNA998622	Chromosome	2023-09-07
7924	species	Amia calva	GCA_036373705.1	Amiiformes	989103751	17465777	44181238	486	389	23	41	GCA_036365475.1	primary	primary	PRJNA1070663;PRJNA1072716;PRJNA489243;PRJNA533106	Chromosome	2024-02-06
152111	subspecies	Salvelinus alpinus oquassa	GCA_036784965.1	Salmoniformes	2129014997	1203068	58852000	4403	1168		43.5	GCA_036784925.1		primary	PRJNA1003087;PRJNA1016485;PRJNA533106;PRJNA813333	Scaffold	2024-02-23
54267	species	Fundulus diaphanus	GCA_037039145.1	Cyprinodontiformes	1351812078	11036555	57717734	623	330	24	41	GCA_037038625.1	primary	primary	PRJNA1072162;PRJNA1074739;PRJNA489243;PRJNA533106	Chromosome	2024-03-06
28792	species	Cyprinella venusta	GCA_038021265.1	Cypriniformes	918162819	1527672	35356608	1382	673	25	38.5	GCA_038024135.1	primary	primary	PRJNA1093101;PRJNA1095481;PRJNA489243;PRJNA533106	Chromosome	2024-04-08
8014	species	Osmerus mordax	GCA_038355195.1	Osmeriformes	497673479	607895	18699972	2272	365	28	45.5	GCA_038355625.1	primary	primary	PRJNA1098708;PRJNA1099254;PRJNA489243;PRJNA533106	Chromosome	2024-04-17
109706	species	Chaetodon trifascialis	GCA_039877785.1	Chaetodontiformes	662489023	21327470	29139200	85	36	24	43	GCA_039877575.1	primary	primary	PRJNA1108764;PRJNA1112836;PRJNA489243;PRJNA533106	Chromosome	2024-05-29
72011	species	Acanthopagrus schlegelii	GCA_041753875.1	Spariformes	714975658	31795397	31795397	24	24	24	42		primary	primary	PRJNA1146169	Complete Genome	2024-09-05
310571	species	Epinephelus lanceolatus	GCA_041903045.1	Perciformes	1089387278	44383456	45765254	183	176	24	41.5			primary	PRJNA1122338	Chromosome	2024-09-12
3127111	species	Pempheris klunzingeri	GCA_042242105.1	Acropomatiformes	646252061	12920725	27715216	528	441	24	42	GCA_042242125.1	primary	primary	PRJNA1046164;PRJNA1079283;PRJNA1090818;PRJNA489243;PRJNA533106	Chromosome	2024-09-25
3352246	species	Arripis georgiana	GCA_042242115.1	Scombriformes	735099811	15396000	28936455	716	625	24	39.5	GCA_042242135.1	primary	primary	PRJNA1046164;PRJNA1074349;PRJNA1090824;PRJNA489243;PRJNA533106	Chromosome	2024-09-25
394691	species	Sebastes fasciatus	GCA_043250625.1	Perciformes	833835073	7769413	36314571	674	203	24	41	GCA_043250585.1	primary	primary	PRJNA1144512;PRJNA1166241;PRJNA489243;PRJNA533106	Chromosome	2024-10-17
390378	species	Neosynchiropus ocellatus	GCA_044231645.1	Syngnathiformes	471984592	17276639	23115115	240	129	20	45.5	GCA_044231665.1	primary	primary	PRJNA1103212;PRJNA1103214;PRJNA1148391;PRJNA1150103	Chromosome	2024-11-04
586865	species	Synchiropus picturatus	GCA_044231675.1	Syngnathiformes	492062741	17238139	23137118	400	300	20	43.5	GCA_044231685.1	primary	primary	PRJNA1103212;PRJNA1103214;PRJNA1148403;PRJNA1150105	Chromosome	2024-11-04
182658	species	Lethrinus nebulosus	GCA_045362495.1	Spariformes	1133212262	21706182	48261062	422	226	24	40.5	GCA_045362485.1	primary	primary	PRJNA1046164;PRJNA1074345;PRJNA1090814;PRJNA489243;PRJNA533106	Chromosome	2024-11-26
264210	species	Pristipomoides typus	GCA_045363895.1	Lutjaniformes	1147302341	20615779	49091459	367	283	24	40	GCA_045363885.1	primary	primary	PRJNA1046164;PRJNA1074346;PRJNA1090816;PRJNA489243;PRJNA533106	Chromosome	2024-11-26
1195602	species	Amblyopsis spelaea	GCA_046255725.1	Percopsiformes	865090090	3811240	32392405	1151	667	23	41.5	GCA_046255685.1	primary	primary	PRJNA1190972;PRJNA1200670;PRJNA489243;PRJNA533106	Chromosome	2024-12-23
241275	species	Choerodon schoenleinii	GCA_047301625.1	Labriformes	865958939	37536982	38173469	54	43	24	41.5		primary	primary	PRJNA1204159	Chromosome	2025-01-30
143326	species	Polymixia lowei	GCA_047511595.1	Polymixiiformes	671709512	1880763	28700045	955	199	24	43.5	GCA_047511565.1	primary	primary	PRJNA1193236;PRJNA1217005;PRJNA489243;PRJNA533106	Chromosome	2025-02-10
206126	species	Spinachia spinachia	GCA_048126635.1	Perciformes	407541755	6606641	19449660	278	37	20	45	GCA_048127205.1	primary	primary	PRJNA1103212;PRJNA1103214;PRJNA1146010;PRJNA1228043	Chromosome	2025-02-27
396798	species	Symphorus nematophorus	GCA_048128715.1	Lutjaniformes	1079709985	38436039	46770608	132	60	24	39.5	GCA_048128725.1	primary	primary	PRJNA1046164;PRJNA1077315;PRJNA1101482;PRJNA489243;PRJNA533106	Chromosome	2025-02-28
166262	species	Centroberyx gerrardi	GCA_048128805.1	Beryciformes	779177424	6370452	32609585	978	279	24	42.5	GCA_048129085.1		primary	PRJNA1046164;PRJNA1120813;PRJNA1121331;PRJNA489243;PRJNA533106	Chromosome	2025-02-28
1311420	species	Caesio teres	GCA_048129055.1	Lutjaniformes	1078118487	36254855	42904923	352	323	23	40.5	GCA_048129025.1	primary	primary	PRJNA1046164;PRJNA1120816;PRJNA1121328;PRJNA489243;PRJNA533106	Chromosome	2025-02-28
2930458	species	Epinephelus rankini	GCA_048129065.1	Perciformes	1018963042	34928280	42101240	232	199	24	41.5	GCA_048129235.1	primary	primary	PRJNA1046164;PRJNA1120806;PRJNA1121338;PRJNA489243;PRJNA533106	Chromosome	2025-02-28
161592	species	Syngnathus typhle	GCA_048301445.1	Syngnathiformes	368283750	5638113	15752117	229	151	22	43	GCA_048301605.1		primary	PRJNA1103212;PRJNA1103214;PRJNA1148218;PRJNA1226604	Chromosome	2025-03-03
150449	species	Aulostomus maculatus	GCA_048301465.1	Syngnathiformes	662926915	6127553	28137510	338	159	24	43	GCA_048301475.1	primary	primary	PRJNA1103212;PRJNA1103214;PRJNA1148177;PRJNA1226614	Chromosome	2025-03-03
2590489	species	Rhinogobio nasutus	GCA_048301585.1	Cypriniformes	953377980	38227425	38227425	72	70	25	39		primary	primary	PRJNA1197364	Chromosome	2025-03-04
3239838	species	Polymixia cf. hollisterae	GCA_048537225.1	Polymixiiformes	722757191	4150567	27609221	1327	846	24	43	GCA_048537235.1		primary	PRJNA1046164;PRJNA1140589;PRJNA1141496;PRJNA489243;PRJNA533106	Chromosome	2025-03-10
238744	species	Menidia menidia	GCA_048628825.1	Atheriniformes	571259625	4610982	23854799	1323	456	24	42	GCA_048544195.1	primary	primary	PRJNA1103212;PRJNA1103214;PRJNA1228957;PRJNA1232180;PRJNA489243;PRJNA533106	Chromosome	2025-03-19
286537	species	Coilia mystus	GCA_048544225.1	Clupeiformes	854254650	1817416	34984248	1316	184	24	44	GCA_048544215.1	primary	primary	PRJNA1103212;PRJNA1103214;PRJNA1227367;PRJNA1229000;PRJNA489243;PRJNA533106	Chromosome	2025-03-12
88682	species	Diretmus argenteus	GCA_048569125.1	Trachichthyiformes	1517026147	542425	41803795	8869	5504	24	44	GCA_048569135.1	primary	primary	PRJNA1233369;PRJNA1235751;PRJNA489243;PRJNA533106	Chromosome	2025-03-13
879810	species	Cristiceps australis	GCA_049082045.1	Blenniiformes	559096705	1712027	26301457	1602	513	23	44.5	GCA_049082185.1	primary	primary	PRJNA1046164;PRJNA1074347;PRJNA1090821;PRJNA489243;PRJNA533106	Chromosome	2025-03-27
89578	species	Lepidogalaxias salamandroides	GCA_049190665.1	Lepidogalaxiiformes	735065728	776167	27841354	4352	2987	20	45	GCA_049190655.1	primary	primary	PRJNA1238816;PRJNA1240355;PRJNA489243;PRJNA533106	Chromosome	2025-03-31
210632	species	Parambassis ranga	GCA_900634625.2		551012959	5080925	22993012	1677	156	22	42.5	GCA_900651595.1,GCA_900634625.1	primary	primary	PRJEB30257;PRJEB30286;PRJEB43745;PRJNA489243;PRJNA533106	Chromosome	2020-07-31
8175	species	Sparus aurata	GCA_900880675.2	Spariformes	833578411	2862625	35791275	1223	175	24	42	GCA_900880695.1,GCA_900880675.1	primary	primary	PRJEB31901;PRJEB31904;PRJEB43745;PRJNA489243;PRJNA533106	Chromosome	2021-04-24
7906	species	Acipenser ruthenus	GCA_902713425.2	Acipenseriformes	1899794300	8776027	42723358	2163	1730	60	40	GCA_902713435.2	primary	primary	PRJEB35912;PRJEB35914;PRJEB43745;PRJNA489243;PRJNA533106	Chromosome	2022-02-02
135647	species	Barbatula barbatula	GCA_947034905.1	Cypriniformes	571749702	606763	606763	2237	2237		39.5	GCA_947034865.1		primary	PRJEB40665;PRJEB43510;PRJEB43745;PRJEB55341;PRJEB56421;PRJNA489243;PRJNA533106	Contig	2022-10-08
8284	species	Squalius cephalus	GCA_949319155.1	Cypriniformes	979250430	293863	294578	7437	7425		38.5	GCA_949319135.1		primary	PRJEB40665;PRJEB43510;PRJEB43745;PRJEB59952;PRJEB60238;PRJNA489243;PRJNA533106	Scaffold	2023-04-09
56723	species	Labrus bergylta	GCA_963930695.1	Labriformes	720210020	2715806	31261685	946	131	24	40.5	GCA_963930765.1	primary	primary	PRJEB40665;PRJEB43510;PRJEB43745;PRJEB64951;PRJEB72177;PRJNA489243;PRJNA533106	Chromosome	2024-01-31
473354	species	Borostomias antarcticus	GCA_949987555.1	Stomiiformes	909231230	959230	27266006	4008	1377	37	46.32	GCA_949987545.1	primary	primary	PRJEB43745;PRJEB60198;PRJEB61589;PRJNA489243;PRJNA533106	Chromosome	2023-05-03
64108	species	Zeus faber	GCA_960531495.1	Zeiformes	804715226	1449431	34476449	1077	190	22	43.92	GCA_960530785.1	primary	primary	PRJEB40665;PRJEB43510;PRJEB43745;PRJEB63619;PRJEB64533;PRJNA489243;PRJNA533106	Chromosome	2023-07-26
205130	species	Mastacembelus armatus	GCA_900324485.3	Synbranchiformes	591935101	8014513	25090313	358	122	24	39.77	GCA_900700395.1,GCA_900324485.2	primary	primary	PRJEB25769;PRJEB31554;PRJEB43745;PRJNA489243;PRJNA533106	Chromosome	2021-04-24
8260	species	Platichthys flesus	GCA_949316205.1	Pleuronectiformes	597120941	2078972	26770804	590	108	24	42.59	GCA_949316195.1	primary	primary	PRJEB40665;PRJEB43510;PRJEB43745;PRJEB59806;PRJEB60141;PRJNA489243;PRJNA533106	Chromosome	2023-04-05
27704	species	Gobio gobio	GCA_949357685.1	Cypriniformes	1460662624	2576923	58069932	1276	230	25	39.730000000000004	GCA_949357705.1	primary	primary	PRJEB40665;PRJEB43510;PRJEB43745;PRJEB59786;PRJEB60324;PRJNA489243;PRJNA533106	Chromosome	2023-04-08
217509	species	Carassius carassius	GCA_963082965.1	Cypriniformes	1684296438	3822391	32663704	1109	277	50	38.31	GCA_963082795.1	primary	primary	PRJEB40665;PRJEB43510;PRJEB43745;PRJEB62001;PRJEB64837;PRJNA489243;PRJNA533106	Chromosome	2023-08-09
948025	species	Gymnoscopelus braueri	GCA_963280865.1	Myctophiformes	1367966668	901999	55139090	3379	675	24	42.160000000000004	GCA_963281105.1	primary	primary	PRJEB43745;PRJEB64710;PRJEB65068;PRJNA489243;PRJNA533106	Chromosome	2023-08-20
56720	species	Lipophrys pholis	GCA_963383615.1	Blenniiformes	768226363	3299550	31905247	1444	846	23	42.08	GCA_963383635.1	primary	primary	PRJEB40665;PRJEB43510;PRJEB43745;PRJEB64943;PRJEB65340;PRJNA489243;PRJNA533106	Chromosome	2023-08-26
195075	species	Blennius ocellaris	GCA_963422515.1	Blenniiformes	728728756	1116256	29635927	2149	524	24	43.17	GCA_963422475.1	primary	primary	PRJEB40665;PRJEB43510;PRJEB43745;PRJEB65187;PRJEB65837;PRJNA489243;PRJNA533106	Chromosome	2023-09-13
1090481	species	Gymnoscopelus microlampas	GCA_963454915.1	Myctophiformes	1318637544	1741000	55298648	1771	373	24	42.19	GCA_963454925.1	primary	primary	PRJEB43745;PRJEB64939;PRJEB65926;PRJNA489243;PRJNA533106	Chromosome	2023-09-13
90074	species	Microchirus variegatus	GCA_963457635.1	Pleuronectiformes	724676885	2444644	29835075	641	187	23	40.37	GCA_963457655.1	primary	primary	PRJEB40665;PRJEB43510;PRJEB43745;PRJEB64068;PRJEB66144;PRJNA489243;PRJNA533106	Chromosome	2023-09-20
196075	species	Sprattus sprattus	GCA_963457725.1	Clupeiformes	840315637	1216682	33839184	1887	386	21	43.84	GCA_963457685.1	primary	primary	PRJEB40665;PRJEB43510;PRJEB43745;PRJEB65263;PRJEB66150;PRJNA489243;PRJNA533106	Chromosome	2023-09-20
426098	species	Eutrigla gurnardus	GCA_963514095.1	Perciformes	680467048	2351664	29198404	871	318	24	43.14	GCA_963514115.1	primary	primary	PRJEB40665;PRJEB43510;PRJEB43745;PRJEB64070;PRJEB66429;PRJNA489243;PRJNA533106	Chromosome	2023-09-29
82655	species	Conger conger	GCA_963514075.1	Anguilliformes	1136402888	3090688	64882367	1389	380	19	43.89	GCA_963514125.1	primary	primary	PRJEB40665;PRJEB43510;PRJEB43745;PRJEB65259;PRJEB66426;PRJNA489243;PRJNA533106	Chromosome	2023-09-29
48171	species	Chelon labrosus	GCA_963514085.1	Mugiliformes	717403240	2544200	30303911	972	362	24	42.300000000000004	GCA_963514105.1	primary	primary	PRJEB40665;PRJEB43510;PRJEB43745;PRJEB63499;PRJEB66430;PRJNA489243;PRJNA533106	Chromosome	2023-09-29
27771	species	Limanda limanda	GCA_963576545.1	Pleuronectiformes	717580706	3420448	28632645	613	338	23	42.67	GCA_963576525.1	primary	primary	PRJEB40665;PRJEB43510;PRJEB43745;PRJEB65388;PRJEB68099;PRJNA489243;PRJNA533106	Chromosome	2023-11-03
508554	species	Labrus mixtus	GCA_963584025.1	Labriformes	740563171	2678957	30403003	894	324	24	40.78	GCA_963583885.1	primary	primary	PRJEB40665;PRJEB43510;PRJEB43745;PRJEB63507;PRJEB68165;PRJNA489243;PRJNA533106	Chromosome	2023-11-05
94984	species	Echiichthys vipera	GCA_963691815.1	Perciformes	800381326	2579157	33039917	738	132	25	41.82	GCA_963691805.1	primary	primary	PRJEB40665;PRJEB43510;PRJEB43745;PRJEB69498;PRJEB70560;PRJNA489243;PRJNA533106	Chromosome	2023-12-07
13677	species	Scomber scombrus	GCA_963691925.1	Scombriformes	764141294	1496448	31095048	2154	665	24	39.78	GCA_963691945.1	primary	primary	PRJEB40665;PRJEB43510;PRJEB43745;PRJEB69500;PRJEB70589;PRJNA489243;PRJNA533106	Chromosome	2023-12-07
29151	species	Osmerus eperlanus	GCA_963692335.1	Osmeriformes	508721272	396237	18633437	3469	1007	28	45.410000000000004	GCA_963692645.1	primary	primary	PRJEB40665;PRJEB43510;PRJEB43745;PRJEB64080;PRJEB70540;PRJNA489243;PRJNA533106	Chromosome	2023-12-11
27697	species	Sardina pilchardus	GCA_963854185.1	Clupeiformes	869396467	1117303	34617450	1894	240	24	44.44	GCA_963854175.1	primary	primary	PRJEB40665;PRJEB43510;PRJEB43745;PRJEB67417;PRJEB71085;PRJNA489243;PRJNA533106	Chromosome	2023-12-14
473322	species	Nannobrachium achirus	GCA_963921795.1	Myctophiformes	1658830932	1305851	66219085	3069	672	24	42.69	GCA_963921835.1	primary	primary	PRJEB43745;PRJEB69508;PRJEB71797;PRJNA489243;PRJNA533106	Chromosome	2024-02-09
443714	species	Protomyctophum bolini	GCA_963924005.1	Myctophiformes	1148206488	1267060	45973806	2735	950	24	42.5	GCA_963923985.1	primary	primary	PRJEB43745;PRJEB66017;PRJEB71901;PRJNA489243;PRJNA533106	Chromosome	2024-01-19
8237	species	Thunnus thynnus	GCA_963924715.1	Scombriformes	799047066	2956553	34318521	587	119	24	40	GCA_963924655.1	primary	primary	PRJEB43510;PRJEB43745;PRJEB47820;PRJEB71424;PRJEB72088;PRJNA489243;PRJNA533106	Chromosome	2024-01-29
8010	species	Esox lucius	GCA_011004845.1	Esociformes	918731919	22630263	37473588	164	52	25	42.17	GCA_011004835.1	primary	primary	PRJNA489243;PRJNA533106;PRJNA561977;PRJNA562208	Chromosome	2020-03-05
56716	species	Cottoperca gobio	GCA_900634415.1	Perciformes	609391784	6330900	25156145	766	322	24	40.96	GCA_900634435.1	primary	primary	PRJEB30248;PRJEB30272;PRJEB43745;PRJNA489243;PRJNA533106	Chromosome	2019-02-06
441366	species	Gouania willdenowi	GCA_900634775.2	Blenniiformes	937150793	1838341	38978045	1594	441	23	37.7	GCA_900650505.1,GCA_900634775.1	primary	primary	PRJEB30359;PRJEB30363;PRJEB43745;PRJNA489243;PRJNA533106	Chromosome	2020-07-31
31033	species	Takifugu rubripes	GCA_901000725.3	Tetraodontiformes	384110215	3136617	16705553	529	127	22	45.24	GCA_901000745.3,GCA_901000725.2	primary	primary	PRJEB31988;PRJEB31991;PRJEB43745;PRJNA489243;PRJNA533106	Chromosome	2021-04-24
64144	species	Anabas testudineus	GCA_900324465.3	Anabantiformes	555641398	7055436	25063394	316	50	23	40.15	GCA_900650485.1,GCA_900324465.2	primary	primary	PRJEB25768;PRJEB30393;PRJEB43745;PRJNA489243;PRJNA533106	Chromosome	2021-04-24
299321	species	Denticeps clupeoides	GCA_900700375.2	Clupeiformes	567401054	3059612	22793177	924	460	20	43.33	GCA_900700345.2,GCA_900700375.1	primary	primary	PRJEB31545;PRJEB31550;PRJEB43745;PRJNA489243;PRJNA533106	Chromosome	2020-07-31
173247	species	Echeneis naucrates	GCA_900963305.2	Carangiformes	544212633	12371513	23287306	177	37	24	41.38	GCA_900963505.1,GCA_900963305.1	primary	primary	PRJEB31992;PRJEB31994;PRJEB43745;PRJNA489243;PRJNA533106	Chromosome	2021-04-24
113540	species	Scleropages formosus	GCA_900964775.1	Osteoglossiformes	784546363	9102216	31084684	216	71	25	44.160000000000004	GCA_900964985.2	primary	primary	PRJEB31995;PRJEB31997;PRJEB43745;PRJNA489243;PRJNA533106	Chromosome	2019-04-11
8032	species	Salmo trutta	GCA_901001165.2	Salmoniformes	2371863509	1703178	52209666	5377	1440	40	42.04	GCA_901001165.1	primary	primary	PRJEB32115;PRJEB33201;PRJEB33226;PRJEB40665;PRJEB43510;PRJEB43745;PRJNA489243;PRJNA533106	Chromosome	2021-04-24
161584	species	Syngnathus acus	GCA_901709675.2	Syngnathiformes	324331233	11959915	14974571	130	87	22	43.46	GCA_901709685.1	primary	primary	PRJEB32741;PRJEB32743;PRJEB40665;PRJEB43510;PRJEB43745;PRJNA489243;PRJNA533106	Chromosome	2020-07-31
181472	species	Salarias fasciatus	GCA_902148845.1	Blenniiformes	797490645	2597836	32729575	804	202	22	43.76	GCA_902148835.1	primary	primary	PRJEB33184;PRJEB33185;PRJEB43745;PRJNA489243;PRJNA533106	Chromosome	2019-07-03
375764	species	Sphaeramia orbicularis	GCA_902148855.1	Kurtiformes	1342662642	2360121	57165184	2183	340	23	37.9	GCA_902148825.1	primary	primary	PRJEB33177;PRJEB33178;PRJEB43745;PRJNA489243;PRJNA533106	Chromosome	2019-07-03
586833	species	Myripristis murdjan	GCA_902150065.1	Holocentriformes	835254674	14475636	34950760	340	87	24	41.74	GCA_902148815.1	primary	primary	PRJEB33188;PRJEB33189;PRJEB43745;PRJNA489243;PRJNA533106	Chromosome	2019-07-03
8049	species	Gadus morhua	GCA_902167405.1	Gadiformes	669949713	1015663	28732775	1441	226	23	44.07	GCA_902167395.1	primary	primary	PRJEB33455;PRJEB33456;PRJEB43745;PRJNA489243;PRJNA533106	Chromosome	2019-07-16
29144	species	Chanos chanos	GCA_902362185.1	Gonorynchiformes	656912816	23134051	50300218	141	30	16	41.51	GCA_902362175.1	primary	primary	PRJEB33882;PRJEB33883;PRJEB43745;PRJNA489243;PRJNA533106	Chromosome	2019-08-14
390379	species	Thalassophryne amazonica	GCA_902500255.1	Batrachoidiformes	2446592878	2329598	118421481	3013	464	23	41.79	GCA_902500245.1	primary	primary	PRJEB34606;PRJEB34607;PRJEB43745;PRJNA489243;PRJNA533106	Chromosome	2019-09-30
134920	species	Pungitius pungitius	GCA_949316345.1	Perciformes	480434100	1362288	21005440	912	174	21	44.12	GCA_949316245.1	primary	primary	PRJEB40665;PRJEB43510;PRJEB43745;PRJEB59310;PRJEB60134;PRJNA489243;PRJNA533106	Chromosome	2023-04-08
7955	species	Danio rerio	GCA_944039275.1	Cypriniformes	1413659274	6927137	58626443	453	72	25	37.08	GCA_944039255.1		primary	PRJEB43745;PRJEB52651;PRJEB53407;PRJNA489243;PRJNA533106	Chromosome	2022-06-24
8177	species	Acanthopagrus latus	GCA_904848185.1	Spariformes	685127588	14880455	30717905	214	65	24	42.1	GCA_904848175.1	primary	primary	PRJEB40700;PRJEB40702;PRJNA489243;PRJNA533106	Chromosome	2020-10-12
36212	species	Trachurus trachurus	GCA_905171665.2	Carangiformes	801227381	6490592	35447499	374	152	24	41.94	GCA_905171655.2	primary	primary	PRJEB40665;PRJEB42172;PRJEB42240;PRJEB43510;PRJEB43745;PRJNA489243;PRJNA533106	Chromosome	2021-11-26
59291	species	Coregonus lavaretus	GCA_964263835.1	Salmoniformes	2352365286	662137	46148767	8669	3980		43.68	GCA_964263955.1		primary	PRJEB40665;PRJEB43510;PRJEB43745;PRJEB74051;PRJEB80006;PRJNA489243;PRJNA533106	Scaffold	2024-09-15
61643	species	Taurulus bubalis	GCA_910589615.1	Perciformes	615137073	13037006	29138660	268	26	21	42.22	GCA_910589325.1	primary	primary	PRJEB40665;PRJEB43510;PRJEB43745;PRJEB45118;PRJEB45317;PRJNA489243;PRJNA533106	Chromosome	2021-07-07
56726	species	Pholis gunnellus	GCA_910591455.2	Perciformes	588680419	3519450	25364761	518	100	24	42.31	GCA_910591705.2	primary	primary	PRJEB40665;PRJEB43510;PRJEB43745;PRJEB43809;PRJEB45449;PRJNA489243;PRJNA533106	Chromosome	2021-11-18
8240	species	Thunnus maccoyii	GCA_910596095.1	Scombriformes	782407452	26803536	33761101	152	57	24	39.730000000000004	GCA_910596085.1	primary	primary	PRJEB43745;PRJEB45115;PRJEB46021;PRJNA489243;PRJNA533106	Chromosome	2021-07-07
8236	species	Thunnus albacares	GCA_914725855.2	Scombriformes	792117861	26795544	34622995	139	69	24	39.5	GCA_914744365.2,GCA_914725855.1	primary	primary	PRJEB43745;PRJEB45170;PRJEB47267;PRJNA489243;PRJNA533106	Chromosome	2023-10-06
446457	species	Telmatherina bonti	GCA_933228915.1	Atheriniformes	986023149	1254875	41523244	1474	145	24	41.65	GCA_933228925.1	primary	primary	PRJEB40665;PRJEB43510;PRJEB43745;PRJEB51033;PRJEB51590;PRJNA489243;PRJNA533106	Chromosome	2022-03-23
40830	species	Barbus barbus	GCA_936440315.1	Cypriniformes	1584913304	22843665	31505967	199	91	50	37.89	GCA_936446605.1	primary	primary	PRJEB40665;PRJEB43510;PRJEB43745;PRJEB51453;PRJEB52077;PRJNA489243;PRJNA533106	Chromosome	2022-05-03
933932	species	Silurus aristotelis	GCA_946808225.1	Siluriformes	800101988	4577990	30578072	1035	240	29	38.89	GCA_946807865.1	primary	primary	PRJEB43510;PRJEB43745;PRJEB47820;PRJEB55446;PRJEB55686;PRJNA489243;PRJNA533106	Chromosome	2022-09-15
8262	species	Pleuronectes platessa	GCA_947347685.1	Pleuronectiformes	687388084	1477112	26648505	1427	355	24	42.5	GCA_947347695.1	primary	primary	PRJEB40665;PRJEB43510;PRJEB43745;PRJEB56054;PRJEB57577;PRJNA489243;PRJNA533106	Chromosome	2022-11-29
171736	species	Symphodus melops	GCA_947650265.1	Labriformes	636351954	1186940	27641414	1773	394	23	41.83	GCA_947650305.1	primary	primary	PRJEB40665;PRJEB43510;PRJEB43745;PRJEB56370;PRJEB58352;PRJNA533106	Chromosome	2022-12-21
63155	species	Archocentrus centrarchus	GCA_007364275.2	Cichliformes	932930362	2146538	35590001	926	188	24	40.5	GCA_007364235.1	primary	primary	PRJNA489129;PRJNA489243;PRJNA533105;PRJNA533106	Chromosome	2019-08-01
8103	species	Cyclopterus lumpus	GCA_009769545.1	Perciformes	572885595	4950682	23863342	395	48	25	42.08	GCA_009769515.1	primary	primary	PRJNA489243;PRJNA533106;PRJNA562003;PRJNA562201	Chromosome	2019-12-23
1203425	species	Notolabrus celidotus	GCA_009762535.1	Labriformes	846744125	3748462	37090664	1600	467	24	40.19	GCA_009762545.1	primary	primary	PRJNA489243;PRJNA533106;PRJNA561956;PRJNA562225	Chromosome	2019-12-18
8267	species	Hippoglossus hippoglossus	GCA_009819705.1	Pleuronectiformes	596775069	7020318	26312018	346	56	24	41.99	GCA_009819745.1	primary	primary	PRJNA489243;PRJNA533106;PRJNA562001;PRJNA562210	Chromosome	2019-12-31
146480	species	Ammodytes marinus	GCA_949987685.1	Uranoscopiformes	777819083	2041615	31846471	1633	616	25	41.230000000000004	GCA_950004245.1	primary	primary	PRJEB43510;PRJEB43745;PRJEB47820;PRJEB60704;PRJEB61584;PRJNA489243;PRJNA533106	Chromosome	2023-05-03
446415	species	Argentina silus	GCA_951799395.1	Argentiniformes	670749299	858168	24540466	2775	1023	24	44.77	GCA_951799415.1	primary	primary	PRJEB43510;PRJEB43745;PRJEB47820;PRJEB59966;PRJEB62529;PRJNA489243;PRJNA533106	Chromosome	2023-05-27
206093	species	Electrona antarctica	GCA_951216825.1	Myctophiformes	1427425719	1002537	53633514	5079	1900	24	43.57	GCA_951214905.1	primary	primary	PRJEB43745;PRJEB60649;PRJEB61834;PRJNA489243;PRJNA533106	Chromosome	2023-05-11
85417	species	Gobius niger	GCA_951799975.1	Gobiiformes	870555617	3365000	36708673	933	297	24	42.11	GCA_951799965.1	primary	primary	PRJEB40665;PRJEB43510;PRJEB43745;PRJEB61917;PRJEB62588;PRJNA489243;PRJNA533106	Chromosome	2023-05-27
1484357	species	Hyperoplus immaculatus	GCA_949357725.1	Uranoscopiformes	797787753	1486508	31412174	2755	1567	24	41.1	GCA_949358355.1	primary	primary	PRJEB40665;PRJEB43510;PRJEB43745;PRJEB58244;PRJEB60328;PRJNA489243;PRJNA533106	Chromosome	2023-04-08
1091424	species	Melanostigma gelatinosum	GCA_949748355.1	Perciformes	661958652	1934223	27978033	1122	533	24	41.87	GCA_949748265.1	primary	primary	PRJEB43745;PRJEB59776;PRJEB60807;PRJNA489243;PRJNA533106	Chromosome	2023-04-08
101497	species	Notothenia rossii	GCA_949606895.1	Perciformes	1042884354	383412	89684120	5099	942	12	41.45	GCA_949606865.1	primary	primary	PRJEB43745;PRJEB59163;PRJEB60487;PRJNA489243;PRJNA533106	Chromosome	2023-04-08
58324	species	Phoxinus phoxinus	GCA_949152265.1	Cypriniformes	950479694	1988965	36753459	1005	124	25	39.21	GCA_949152275.1	primary	primary	PRJEB40665;PRJEB43510;PRJEB43745;PRJEB59308;PRJEB59820;PRJNA489243;PRJNA533106	Chromosome	2023-04-08
185739	species	Pollachius pollachius	GCA_949987615.1	Gadiformes	606750899	606672	27399917	2425	615	20	45.68	GCA_949987605.1	primary	primary	PRJEB40665;PRJEB43510;PRJEB43745;PRJEB60645;PRJEB61573;PRJNA489243;PRJNA533106	Chromosome	2023-05-03
90069	species	Solea solea	GCA_958295425.1	Pleuronectiformes	643757955	2587297	29068826	615	242	21	40.87	GCA_958295035.1	primary	primary	PRJEB43510;PRJEB43745;PRJEB47820;PRJEB61337;PRJEB63669;PRJNA489243;PRJNA533106	Chromosome	2023-07-06
948063	species	Notolepis coatsorum	GCA_963971535.1	Aulopiformes	3427786127	444000	155911686	21095	5982	20	44.57	GCA_963971485.1	primary	primary	PRJEB43745;PRJEB70398;PRJEB73539;PRJNA489243;PRJNA533106	Chromosome	2024-03-07
443705	species	Nansenia antarctica	GCA_963989245.1	Argentiniformes	1085777971	750607	66745282	4475	1176	20	45.21	GCA_963989255.1	primary	primary	PRJEB43745;PRJEB64098;PRJEB73742;PRJNA489243;PRJNA533106	Chromosome	2024-03-11
38527	species	Abramis brama	GCA_963993115.1	Cypriniformes	1108201685	3478172	42794514	892	207	25	38.63	GCA_963993125.1		primary	PRJEB40665;PRJEB43510;PRJEB43745;PRJEB71619;PRJEB73975;PRJNA489243;PRJNA533106	Chromosome	2024-03-16
81636	species	Micromesistius poutassou	GCA_964030765.1	Gadiformes	520620001	238748	19932791	6886	3831	25	45.81	GCA_964030755.1	primary	primary	PRJEB40665;PRJEB43510;PRJEB43745;PRJEB70737;PRJEB75077;PRJNA489243;PRJNA533106	Chromosome	2024-04-20
1091426	species	Protomyctophum parallelum	GCA_964188405.1	Myctophiformes	1235309700	1024588	53459825	2752	23	23	42.910000000000004	GCA_964188415.1	primary	primary	PRJEB43745;PRJEB63436;PRJEB76807;PRJNA489243;PRJNA533106	Chromosome	2024-06-21
58319	species	Scardinius erythrophthalmus	GCA_964197995.1	Cypriniformes	1229649543	2291051	44954600	1590	754	25	39.03	GCA_964198005.1	primary	primary	PRJEB40665;PRJEB43510;PRJEB43745;PRJEB75416;PRJEB77366;PRJNA489243;PRJNA533106	Chromosome	2024-07-10
106175	species	Microstomus kitt	GCA_964266715.1	Pleuronectiformes	752315288	2288625	25769083	1989	1580	24	41.57	GCA_964266705.1	primary	primary	PRJEB40665;PRJEB43510;PRJEB43745;PRJEB75977;PRJEB80479;PRJNA489243;PRJNA533106	Chromosome	2024-09-26
88708	species	Poromitra crassiceps	GCA_964638095.1	Beryciformes	1629984087	841497	53864884	5762	2787	30	44.53	GCA_964638665.1	primary	primary	PRJEB43745;PRJEB74601;PRJEB83292;PRJNA489243;PRJNA533106	Chromosome	2025-01-02
58325	species	Leuciscus leuciscus	GCA_965113325.1	Cypriniformes	1179019172	1833162	44626081	1677	530	25	38.99	GCA_965113295.1	primary	primary	PRJEB40665;PRJEB43510;PRJEB43745;PRJEB73936;PRJEB85073;PRJNA489243;PRJNA533106	Chromosome	2025-01-24
882753	species	Antennarius maculatus	GCA_013358685.1	Lophiiformes	549930323	10114706	22928215	373	154	24	41.81	GCA_013347815.1	primary	primary	PRJNA489243;PRJNA533106;PRJNA561983;PRJNA562173	Chromosome	2020-06-18
118141	species	Megalops cyprinoides	GCA_013368585.1	Elopiformes	959241634	26850664	38251172	269	206	25	43.01	GCA_013368575.1	primary	primary	PRJNA489243;PRJNA533106;PRJNA561967;PRJNA562216	Chromosome	2020-06-23
129108	species	Xenentodon cancila	GCA_014839995.1	Beloniformes	736198484	2195850	28679447	1781	409	24	41	GCA_014839645.1	primary	primary	PRJNA489243;PRJNA533106;PRJNA561973;PRJNA562250	Chromosome	2020-10-02
195821	species	Anableps anableps	GCA_014839685.1	Cyprinodontiformes	867616482	17460000	39321252	139	32	24	38.52	GCA_014839705.1	primary	primary	PRJNA489243;PRJNA533106;PRJNA561985;PRJNA562167	Chromosome	2020-10-02
72105	species	Sebastes umbrosus	GCA_015220745.1	Perciformes	800904020	11445908	34912176	353	138	24	40.69	GCA_015220095.1	primary	primary	PRJNA489243;PRJNA533106;PRJNA562005;PRJNA562243	Chromosome	2020-11-03
42514	species	Pygocentrus nattereri	GCA_015220715.1	Characiformes	1222050449	12898870	42283192	358	55	30	40.25	GCA_015220065.1	primary	primary	PRJNA489243;PRJNA533106;PRJNA561975;PRJNA562242	Chromosome	2020-11-03
946358	species	Aplochiton taeniatus	GCA_017639675.1	Galaxiiformes	461946147	956540	20392628	1199	41	20	44.25	GCA_017639685.1	primary	primary	PRJNA489243;PRJNA533106;PRJNA561971;PRJNA562176	Chromosome	2021-03-30
48668	species	Rutilus rutilus	GCA_951802725.1	Cypriniformes	1100179043	3932511	43935812	555	84	25	38.800000000000004	GCA_951802655.1		primary	PRJEB40665;PRJEB43510;PRJEB43745;PRJEB61621;PRJEB62672;PRJNA489243;PRJNA533106	Chromosome	2023-05-30
69293	species	Gasterosteus aculeatus	GCA_964276395.1	Perciformes	511138727	2544530	21933526	460	129	22	44.72	GCA_964276385.1		primary	PRJEB40665;PRJEB43510;PRJEB43745;PRJEB62003;PRJEB81174;PRJNA489243;PRJNA533106	Chromosome	2024-10-28
8173	species	Pagrus pagrus	GCA_965226575.1	Spariformes	825682423	2517928	32080377	1111	575	24	41.730000000000004	GCA_965225695.1	primary	primary	PRJEB40665;PRJEB43510;PRJEB43745;PRJEB79781;PRJEB87564;PRJNA489243;PRJNA533106	Chromosome	2025-03-28
286572	species	Aulonocara stuartgranti	GCA_965226115.1	Cichliformes	945366440	37447771	40335072	53	22	22	41.160000000000004	GCA_965226735.1	primary	primary	PRJEB43745;PRJEB72479;PRJEB87562;PRJNA489243;PRJNA533106	Chromosome	2025-03-27
9739	species	Tursiops truncatus	GCA_011762595.2	Artiodactyla	2378505825	9729386	108430135	1035	361	23	41.5	GCA_011762515.1,GCA_011762535.1	primary	primary	PRJNA1020146;PRJNA489243;PRJNA533106;PRJNA562249;PRJNA608726	Chromosome	2024-12-12
42100	species	Phocoena sinus	GCA_008692025.1	Artiodactyla	2371524154	20218762	115469292	272	64	22	41.5	GCA_008692045.1	primary	primary	PRJNA1020146;PRJNA489243;PRJNA533106;PRJNA557831;PRJNA560233	Chromosome	2019-09-26
89673	species	Phyllostomus discolor	GCA_004126475.3	Chiroptera	2108832841	6892556	171742863	953	77	17	42.5	GCA_004115245.2	primary	primary	PRJNA489141;PRJNA489243;PRJNA489245;PRJNA521246;PRJNA533106	Chromosome	2020-05-12
59473	species	Pipistrellus nathusii	GCA_964656075.2	Chiroptera	1889000296	25749014	87695233	759	453		42.5	GCA_964656225.2		primary	PRJEB40665;PRJEB43510;PRJEB43745;PRJEB81652;PRJEB83378;PRJNA489243;PRJNA489245;PRJNA533106	Scaffold	2025-05-08
38626	species	Phascolarctos cinereus	GCA_002099425.1	Diprotodontia	3192565135	11587828	11587828	1906	1906		39	GCA_003287225.2	primary	primary	PRJEB19389;PRJNA1075696;PRJNA359763	Contig	2017-04-18
27634	species	Artibeus lituratus	GCA_038363175.3	Chiroptera	2096453601	60386740	164085409	366	312	14	42.5	GCA_038363095.3	primary	primary	PRJNA1080657;PRJNA1085232;PRJNA489243;PRJNA489245;PRJNA533106	Chromosome	2025-04-29
60746	species	Acomys russatus	GCA_903995435.1	Rodentia	2301522284	4450755	66475698	1502	623	33	42.5		primary	primary	PRJEB39768;PRJEB39769;PRJEB43745;PRJNA489243;PRJNA533106	Chromosome	2020-08-21
9606	species	Homo sapiens	GCA_009914755.4	Primates	3117275501	150617247	150617247	24	24	24	41	GCA_000983455.2,GCA_000983465.1,GCA_000983475.1,GCA_001015355.1,GCA_001015385.3,GCA_002884485.1,GCA_003709615.1,GCA_016894425.1	primary	primary	PRJNA559484;PRJNA686988	Complete Genome	2022-01-24
9615	subspecies	Canis lupus familiaris	GCA_011100685.1	Carnivora	2481983352	14840767	64299765	2782	2197	39	41.5		primary	primary	PRJNA587469	Chromosome	2020-03-10
9925	species	Capra hircus	GCA_041920685.1	Artiodactyla	2709871256	103458567	103458567	41	30	30	43.5	GCA_040806595.1,GCA_040970035.1,GCA_041053135.1,GCA_041735815.1,GCA_041736475.1		primary	PRJNA1133906;PRJNA1157384	Chromosome	2024-09-14
51338	species	Castor canadensis	GCA_047511655.2	Rodentia	2814832999	59379167	158968201	362	181	20	39.5	GCA_047511605.2	primary	primary	PRJNA1197684;PRJNA1217009;PRJNA489243;PRJNA533106	Chromosome	2025-02-10
29078	species	Eptesicus fuscus	GCA_027574615.1	Chiroptera	2008057866	49033427	102817582	123	48	25	43.5		primary	primary	PRJNA489245;PRJNA533106;PRJNA868286	Chromosome	2023-01-09
27606	species	Eubalaena glacialis	GCA_028564815.2	Artiodactyla	2843675187	37467374	129620717	1155	788	22	41.5	GCA_028571275.2	primary	primary	PRJNA1020146;PRJNA489243;PRJNA533106;PRJNA924128;PRJNA932450	Chromosome	2023-02-09
27675	species	Choloepus didactylus	GCA_015220235.1	Pilosa	3214686105	20994632	146178362	1384	145	29	40	GCA_015220265.1	primary	primary	PRJNA489243;PRJNA533106;PRJNA561937;PRJNA562198	Chromosome	2020-11-03
99487	subspecies	Elephas maximus indicus	GCA_024166365.1	Proboscidea	3401247148	87987108	127432672	190	64	29	41	GCA_024166345.1	primary	primary	PRJNA489243;PRJNA533106;PRJNA850184;PRJNA855931	Chromosome	2022-07-06
9771	species	Balaenoptera musculus	GCA_009873245.3	Artiodactyla	2374852541	6315640	110314666	972	105	23	41	GCA_008658375.2	primary	primary	PRJNA1020146;PRJNA489243;PRJNA533106;PRJNA554522;PRJNA557693	Chromosome	2020-10-02
30522	species	Bos indicus x Bos taurus	GCA_003369695.2	Artiodactyla	2680953056	26764281	104466507	1552	1250	30	42	GCA_003369685.2,GCA_012069665.1,GCA_012070425.1,GCA_012070445.1,GCA_012070465.1,GCA_012070475.1,GCA_012070485.1	primary	primary	PRJNA432857;PRJNA489243;PRJNA533106;PRJNA603765	Chromosome	2018-11-30
51337	species	Jaculus jaculus	GCA_020740685.1	Rodentia	2863848715	22104564	158244790	715	159	25	42	GCA_020740715.1	primary	primary	PRJNA489243;PRJNA533106;PRJNA773797;PRJNA776884	Chromosome	2021-11-04
9447	species	Lemur catta	GCA_020740605.1	Primates	2245584463	32529614	102162704	394	184	29	41.5	GCA_020740595.1	primary	primary	PRJNA489243;PRJNA533106;PRJNA561949;PRJNA562215	Chromosome	2021-11-04
9361	species	Dasypus novemcinctus	GCA_030445035.2	Cingulata	3610534858	13963394	127081865	1338	545	33	41	GCA_030445055.2	primary	primary	PRJNA489243;PRJNA533106;PRJNA923800;PRJNA993262	Chromosome	2023-07-13
42254	species	Sorex araneus	GCA_027595985.1	Eulipotyphla	2405993548	4024507	374364821	1492	65	12	43	GCA_027595995.1	primary	primary	PRJNA489243;PRJNA533106;PRJNA916523;PRJNA922145	Chromosome	2023-01-09
109475	species	Suncus etruscus	GCA_024139225.1	Eulipotyphla	2471666657	5042816	131952995	1154	147	22	40	GCA_024140225.1	primary	primary	PRJNA489243;PRJNA533106;PRJNA838699;PRJNA844068;PRJNA854949	Chromosome	2022-07-06
9590	species	Symphalangus syndactylus	GCA_028878055.3	Primates	3262887708	146713733	146713733	27	26	26	40.5	GCA_028878085.3	primary	primary	PRJNA916729;PRJNA930781	Chromosome	2024-06-20
9261	species	Tachyglossus aculeatus	GCA_015852505.1	Monotremata	2213004214	19859057	63379719	831	310	36	45.5	GCA_015852515.1	primary	primary	PRJNA489243;PRJNA533106;PRJNA607237;PRJNA607289	Chromosome	2020-12-09
9597	species	Pan paniscus	GCA_029289425.3	Primates	3244888708	147028407	147028407	36	30	25	40.5	GCA_028858825.2,GCA_028858845.2	primary	primary	PRJNA930783;PRJNA942951	Chromosome	2024-08-13
9598	species	Pan troglodytes	GCA_028858775.3	Primates	3177739762	146288486	146288486	30	25	25	40.5	GCA_028858805.2	primary	primary	PRJNA916736;PRJNA930872	Chromosome	2024-12-09
9690	species	Panthera onca	GCA_046562875.2	Carnivora	2487960463	42469011	148260853	285	85	20	42	GCA_046562885.2		primary	PRJNA1180586;PRJNA1180971;PRJNA1180976;PRJNA489243;PRJNA533106	Chromosome	2025-01-08
9978	species	Ochotona princeps	GCA_030435755.1	Lagomorpha	2555444530	12191025	73962893	6296	5864	35	44	GCA_030435715.1	primary	primary	PRJNA489243;PRJNA533106;PRJNA986273;PRJNA988022	Chromosome	2023-07-13
38674	species	Onychomys torridus	GCA_903995425.1	Rodentia	2468394440	2276141	112723509	5088	2949	24	42		primary	primary	PRJEB39770;PRJEB39771;PRJEB43745;PRJNA489243;PRJNA533106	Chromosome	2020-08-21
9258	species	Ornithorhynchus anatinus	GCA_004115215.4	Monotremata	1859264908	15146802	83338043	833	321	31	46	GCA_004115175.2,GCA_002966995.1	primary	primary	PRJNA489114;PRJNA489243;PRJNA513296;PRJNA533106	Chromosome	2020-11-06
77218	species	Rhinolophus hipposideros	GCA_964194215.2	Chiroptera	2240898699	44946000	89071765	1036	980	29	41	GCA_964194185.1	primary	primary	PRJEB40665;PRJEB43510;PRJEB43745;PRJEB75441;PRJEB76909;PRJNA489243;PRJNA489245;PRJNA533106	Chromosome	2025-04-12
61383	species	Lynx canadensis	GCA_007474595.2	Carnivora	2407810255	7503561	147275701	894	54	20	41.5	GCA_007474575.2	primary	primary	PRJNA489107;PRJNA489243;PRJNA533103;PRJNA533106	Chromosome	2020-07-14
143292	species	Manis pentadactyla	GCA_030020395.1	Pholidota	2840164579	25547713	149551276	1044	661	21	41	GCA_030020945.1	primary	primary	PRJNA489243;PRJNA533106;PRJNA924339;PRJNA972736	Chromosome	2023-05-23
27622	species	Molossus molossus	GCA_014108415.1	Chiroptera	2315568481	22174888	110665204	409	60		42.5		primary	primary	PRJNA489243;PRJNA533106;PRJNA628574;PRJNA674390	Scaffold	2020-08-13
36723	species	Mustela erminea	GCA_009829155.1	Carnivora	2445200799	36329944	130149454	292	93	23	41.5	GCA_009829165.1	primary	primary	PRJNA489243;PRJNA533106;PRJNA561931;PRJNA562223	Chromosome	2020-01-03
109480	species	Myotis emarginatus	GCA_965115925.2	Chiroptera	2110521423	48680186	99609134	531	305	22	42.5	GCA_965115945.2	primary	primary	PRJEB40665;PRJEB43510;PRJEB43745;PRJEB81650;PRJEB85111;PRJNA489243;PRJNA489245;PRJNA533106	Chromosome	2025-04-14
51298	species	Myotis myotis	GCA_014108235.1	Chiroptera	2002780556	12511134	94448911	630	92		43		primary	primary	PRJNA489243;PRJNA489245;PRJNA533106;PRJNA628559;PRJNA674393	Scaffold	2020-08-13
9601	species	Pongo abelii	GCA_028885655.3	Primates	3259853530	146197178	146197178	40	29	25	41	GCA_028885685.2	primary	primary	PRJNA916743;PRJNA930875	Chromosome	2024-01-05
9600	species	Pongo pygmaeus	GCA_028885625.3	Primates	3220935163	140592248	143261986	33	25	25	41	GCA_028885525.2	primary	primary	PRJNA916742;PRJNA930876	Chromosome	2024-01-08
9704	species	Zalophus californianus	GCA_009762305.2	Carnivora	2409668595	32626160	147124152	229	46	19	41.5	GCA_009762295.2	primary	primary	PRJNA489243;PRJNA533106;PRJNA559673;PRJNA561800	Chromosome	2020-07-14
9733	species	Orcinus orca	GCA_937001465.1	Artiodactyla	2647335075	45583382	114219206	570	447	22	41.9	GCA_937001455.1	primary	primary	PRJEB40665;PRJEB43510;PRJEB43745;PRJEB51334;PRJEB52131;PRJNA1020146;PRJNA489243;PRJNA533106	Chromosome	2022-05-03
59479	species	Rhinolophus ferrumequinum	GCA_004115265.3	Chiroptera	2075768562	31900497	88025743	289	134	28	40.39	GCA_004115295.1	primary	primary	PRJNA489106;PRJNA489243;PRJNA489245;PRJNA526698;PRJNA533106	Chromosome	2019-05-17
9483	species	Callithrix jacchus	GCA_049354655.1	Primates	2760247778	129140214	141415965	29	22	22	41	GCA_049354715.1		primary	PRJNA1229129;PRJNA1229622	Chromosome	2025-04-08
9823	species	Sus scrofa	GCA_048338725.1	Artiodactyla	2633166191	144930921	144930921	20	20	20	42.5			primary	PRJNA1139427	Complete Genome	2025-03-05
9430	species	Desmodus rotundus	GCA_022682495.2	Chiroptera	2119704833	6739964	160127860	1188	573	15	43	GCA_022682395.2	primary	primary	PRJNA789528;PRJNA797394	Chromosome	2022-03-24
9407	species	Rousettus aegyptiacus	GCA_014176215.1	Chiroptera	1893602072	21999313	113811795	271	29		40		primary	primary	PRJNA489245;PRJNA533106;PRJNA628585	Scaffold	2020-08-13
9802	species	Tapirus indicus	GCA_031878705.1	Perissodactyla	2477428682	56553937	129754520	284	192	26	41	GCA_031878655.1	primary	primary	PRJNA1010472;PRJNA1020143;PRJNA489243;PRJNA533106	Chromosome	2023-09-25
9438	species	Tadarida brasiliensis	GCA_030848825.1	Chiroptera	2283171816	86333355	111098925	167	147	25	42.5	GCA_030848815.1	primary	primary	PRJNA489245;PRJNA533106;PRJNA972445;PRJNA996136	Chromosome	2023-08-22
48850	species	Tamandua tetradactyla	GCA_023851605.1	Pilosa	3205724741	9869167	174634624	1161	200	28	39.5	GCA_023853755.1	primary	primary	PRJNA489243;PRJNA533106;PRJNA561939;PRJNA848843	Chromosome	2022-06-22
9433	species	Miniopterus schreibersii	GCA_964146895.2	Chiroptera	1850573702	28014000	87795433	325	185	24	42.5	GCA_964145185.2	primary	primary	PRJEB40665;PRJEB43510;PRJEB43745;PRJEB74978;PRJEB76208;PRJNA489243;PRJNA489245;PRJNA533106	Chromosome	2025-04-05
40151	species	Monodon monoceros	GCA_005190385.3	Artiodactyla	2341938226	22031227	108465051	413	100		41.5	GCA_005190385.2	primary	primary	PRJNA520934	Scaffold	2022-11-09
77598	species	Heterohyrax brucei	GCA_028571685.1	Hyracoidea	3488059404	78495281	139648372	338	62	28	41	GCA_028571665.1	primary	primary	PRJNA489243;PRJNA533106;PRJNA931597;PRJNA932717	Chromosome	2023-02-10
48745	species	Mesoplodon bidens	GCA_964148845.1	Artiodactyla	2732770104	3262972	109547138	2126	1152	20	42	GCA_964165515.1	primary	primary	PRJEB43510;PRJEB43745;PRJEB47820;PRJEB73687;PRJEB76217;PRJNA1020146;PRJNA489243;PRJNA533106	Chromosome	2024-06-06
10166	species	Ctenodactylus gundi	GCA_048771875.1	Rodentia	2184404205	38834406	108787391	652	535	20	42.5	GCA_048771865.1	primary	primary	PRJNA1235316;PRJNA1237860;PRJNA489243;PRJNA533106	Chromosome	2025-03-21
9470	species	Nycticebus coucang	GCA_027406575.1	Primates	2917154053	41197715	135917784	302	84	26	41	GCA_027406535.1	primary	primary	PRJNA489243;PRJNA533106;PRJNA838348;PRJNA915385	Chromosome	2022-12-28
9764	species	Eschrichtius robustus	GCA_028021215.1	Artiodactyla	2982418581	39209000	126538682	982	703	23	41.5	GCA_028021475.1	primary	primary	PRJNA1020146;PRJNA489243;PRJNA533106;PRJNA921702;PRJNA927345	Chromosome	2023-01-31
9725	species	Inia geoffrensis	GCA_036417435.1	Artiodactyla	2749345781	40892022	117431308	1186	902	23	42	GCA_036417475.1	primary	primary	PRJNA1020146;PRJNA1067659;PRJNA489243;PRJNA533106;PRJNA706923;PRJNA925497	Chromosome	2024-02-06
27615	species	Kogia breviceps	GCA_026419965.1	Artiodactyla	2555838840	42780423	122394096	723	580	21	42	GCA_026419985.1	primary	primary	PRJNA1020146;PRJNA489243;PRJNA533106;PRJNA901930;PRJNA903912	Chromosome	2022-11-27
70687	species	Tupaia tana	GCA_026018925.1	Scandentia	2948277345	7301848	112954644	2385	1197		42	GCA_004365275.1	primary	primary	PRJNA533106;PRJNA682446;PRJNA782001	Scaffold	2022-11-07
9337	species	Trichosurus vulpecula	GCA_011100635.1	Diprotodontia	3359330516	4314688	442560073	2006	211	10	39.5	GCA_011100645.1	primary	primary	PRJNA489243;PRJNA533106;PRJNA562014;PRJNA562248	Chromosome	2020-03-10
61156	species	Arvicanthis niloticus	GCA_011762505.3	Rodentia	2496761438	11143170	82689117	3219	1595	32	41.5	GCA_011762505.1,GCA_011750645.1,GCA_011762545.1	primary	primary	PRJNA489243;PRJNA533106;PRJNA562178;PRJNA608735	Chromosome	2025-01-29
33562	species	Dromiciops gliroides	GCA_019393635.1	Microbiotheria	3303199800	38230856	670775900	277	17	7	39	GCA_019395325.1	primary	primary	PRJNA489243;PRJNA533106;PRJNA728141;PRJNA776875	Chromosome	2021-08-03
10013	species	Thomomys bottae	GCA_031878665.1	Rodentia	1879249320	6183328	61325068	881	340	38	41	GCA_031878675.1		primary	PRJNA1013537;PRJNA1015670;PRJNA489243;PRJNA533106	Chromosome	2023-09-25
48708	species	Mesoplodon densirostris	GCA_025265405.1	Artiodactyla	2683375131	48253041	125805690	170	73	22	41.5	GCA_025094165.1	primary	primary	PRJNA1020146;PRJNA489243;PRJNA533106;PRJNA873668;PRJNA875937	Chromosome	2022-09-19
372063	subspecies	Peromyscus maniculatus sonoriensis	GCA_026167925.1	Rodentia	2625495359	12308238	63956138	1235	1006		42.5	GCA_026229955.1		primary	PRJNA533106;PRJNA720569;PRJNA765660;PRJNA777211;PRJNA851173	Scaffold	2022-11-14
124745	species	Corynorhinus townsendii	GCA_026230045.1	Chiroptera	1961562149	22150609	177756282	399	182		43	GCA_026230055.1	primary	primary	PRJNA533106;PRJNA720569;PRJNA765806;PRJNA777157;PRJNA896195	Scaffold	2022-11-18
2997257	species	Molossus nigricans	GCA_039880945.1	Chiroptera	2567086694	74731956	114338547	478	365	25	42.5	GCA_039880925.1	primary	primary	PRJNA1093103;PRJNA1114690;PRJNA489243;PRJNA489245;PRJNA533106	Chromosome	2024-05-29
110931	species	Cynocephalus volans	GCA_027409185.1	Dermoptera	2814418120	69195939	165781880	246	130	20	40	GCA_027409165.1	primary	primary	PRJNA489243;PRJNA533106;PRJNA911844;PRJNA913149	Chromosome	2022-12-28
9440	species	Antrozous pallidus	GCA_027563665.1	Chiroptera	2126443499	41887785	114648712	325	92	23	43	GCA_027595915.1	primary	primary	PRJNA489245;PRJNA533106;PRJNA868156;PRJNA878810	Chromosome	2023-01-09
13616	species	Monodelphis domestica	GCA_027887165.1	Didelphimorphia	3586166573	3910714	538302405	2268	13	10	38	GCA_027917375.1	primary	primary	PRJNA489243;PRJNA533106;PRJNA915592;PRJNA922994	Chromosome	2023-01-18
2746895	species	Balaenoptera ricei	GCA_028023285.1	Artiodactyla	2678442663	36541936	122071569	1108	774	22	41.5	GCA_028017805.1	primary	primary	PRJNA1020146;PRJNA489243;PRJNA533106;PRJNA921698;PRJNA927325	Chromosome	2023-01-30
61452	species	Neofelis nebulosa	GCA_028018385.1	Carnivora	2468345093	51579577	150204169	214	33	20	42	GCA_028018655.1	primary	primary	PRJNA489243;PRJNA533106;PRJNA915742;PRJNA927027	Chromosome	2023-01-31
9315	species	Notamacropus eugenii	GCA_028372415.2	Diprotodontia	3447464908	15255043	489668034	787	272	9	38.5	GCA_028389975.1	primary	primary	PRJNA489243;PRJNA533106;PRJNA838350;PRJNA928718	Chromosome	2023-02-06
34844	species	Erethizon dorsatum	GCA_028451465.1	Rodentia	2432130964	19239546	127995937	392	115	22	41	GCA_028500835.1	primary	primary	PRJNA489243;PRJNA533106;PRJNA915121;PRJNA927022	Chromosome	2023-02-06
9595	subspecies	Gorilla gorilla gorilla	GCA_029281585.3	Primates	3545834224	150804130	150804130	27	25	25	40.5	GCA_001484535.2,GCA_015021865.1,GCA_028885475.2,GCA_028885495.2	primary	primary	PRJNA930782;PRJNA942267	Chromosome	2024-08-01
29137	species	Dugong dugon	GCA_030035585.1	Sirenia	3158488110	57632671	140670990	294	198	24	40.5	GCA_030020955.1	primary	primary	PRJNA489243;PRJNA533106;PRJNA932812;PRJNA970804	Chromosome	2023-05-18
575201	subspecies	Hippopotamus amphibius kiboko	GCA_030028045.1	Artiodactyla	2538242855	50348260	149218186	582	356	18	41.5	GCA_030028035.1	primary	primary	PRJNA489243;PRJNA533106;PRJNA936168;PRJNA972732	Chromosome	2023-05-18
9666	species	Mustela lutreola	GCA_030435805.1	Carnivora	2586268927	83356672	154078643	64	25	20	42	GCA_030435785.1	primary	primary	PRJNA489243;PRJNA533106;PRJNA984926;PRJNA986837	Chromosome	2023-07-13
1552295	species	Molossus alvarezi	GCA_037176705.1	Chiroptera	2504806577	69284146	113334338	362	287	24	42	GCA_037157525.1	primary	primary	PRJNA1080660;PRJNA1085220;PRJNA489243;PRJNA489245;PRJNA533106	Chromosome	2024-03-15
175524	species	Hipposideros larvatus	GCA_031876335.1	Chiroptera	2338923724	34562834	185549907	188	69	18	41.5	GCA_031878685.1	primary	primary	PRJNA1006758;PRJNA1009067;PRJNA489243;PRJNA533106	Chromosome	2023-09-25
59482	species	Saccopteryx bilineata	GCA_036850765.1	Chiroptera	2612309609	20156883	300074216	713	256	13	41.5	GCA_036850925.1	primary	primary	PRJNA1013202;PRJNA1031981;PRJNA489243;PRJNA489245;PRJNA533106	Chromosome	2024-02-26
249018	species	Saccopteryx leptura	GCA_036850995.1	Chiroptera	2576497192	17812205	224759591	725	167	14	42	GCA_036851165.1	primary	primary	PRJNA1017170;PRJNA1017487;PRJNA489243;PRJNA489245;PRJNA533106	Chromosome	2024-02-26
10058	species	Microtus pennsylvanicus	GCA_037038515.1	Rodentia	2369119668	47175454	125308425	240	180	24	42.5	GCA_037039175.1	primary	primary	PRJNA1074849;PRJNA1082380;PRJNA489243;PRJNA533106	Chromosome	2024-03-06
249017	species	Rhynchonycteris naso	GCA_037038555.1	Chiroptera	2296372838	108301702	288038771	77	38	10	41	GCA_037038545.1	primary	primary	PRJNA1076652;PRJNA1079320;PRJNA489243;PRJNA489245;PRJNA533106	Chromosome	2024-03-06
92651	species	Macrotis lagotis	GCA_037893015.1	Peramelemorphia	3655715178	1227456	343853051	5027	608	9	37.5		primary	primary	PRJNA1049866;PRJNA1075696;PRJNA1075707	Chromosome	2024-04-04
51014	species	Artibeus intermedius	GCA_038363225.1	Chiroptera	2080478059	74638333	167574344	243	187	14	42.5	GCA_038363145.1	primary	primary	PRJNA1080655;PRJNA1085208;PRJNA1085227;PRJNA489243;PRJNA489245;PRJNA533106	Chromosome	2024-04-22
2994998	species	Glossophaga mutica	GCA_039655065.1	Chiroptera	2159891327	77027013	169732090	128	81	16	42	GCA_039656995.1	primary	primary	PRJNA1099662;PRJNA1101976;PRJNA489243;PRJNA489245;PRJNA533106	Chromosome	2024-05-17
82174	species	Pseudorca crassidens	GCA_039906515.1	Artiodactyla	2674592094	58817648	110095734	561	438	23	42	GCA_039906525.1	primary	primary	PRJNA1020146;PRJNA1108771;PRJNA1112839;PRJNA489243;PRJNA533106	Chromosome	2024-05-31
9773	species	Megaptera novaeangliae	GCA_041834305.1	Artiodactyla	3146604256	36344089	107416641	1443	1355	23	42		primary	primary	PRJNA1103780	Chromosome	2024-09-09
9545	species	Macaca nemestrina	GCA_043159975.1	Primates	3116288670	40835442	154799650	621	361	22	41	GCA_043161795.1	primary	primary	PRJNA1123828;PRJNA1124998;PRJNA489243;PRJNA533106	Chromosome	2024-10-15
320637	species	Rhynchocyon petersi	GCA_043290065.1	Macroscelidea	5331151070	13791435	546604020	1037	314	11	42	GCA_043290085.1	primary	primary	PRJNA1150233;PRJNA1166243;PRJNA489243;PRJNA533106	Chromosome	2024-10-17
188568	species	Aselliscus stoliczkanus	GCA_043727835.1	Chiroptera	2268679753	61181192	162130651	161	74	16	41.5	GCA_043727795.1	primary	primary	PRJNA489245;PRJNA533106;PRJNA936806;PRJNA949177	Chromosome	2024-10-24
59477	species	Rhinolophus affinis	GCA_043728065.1	Chiroptera	2302439935	65534120	85365043	2230	2193	31	41.5	GCA_043727925.1	primary	primary	PRJNA489245;PRJNA533106;PRJNA937077;PRJNA938462	Chromosome	2024-10-24
430492	species	Rhinolophus trifoliatus	GCA_043728145.1	Chiroptera	2232405783	11115074	184920896	522	125	17	40.5	GCA_043728055.1	primary	primary	PRJNA489245;PRJNA533106;PRJNA937897;PRJNA939732	Chromosome	2024-10-24
3030661	subspecies	Rhinolophus perniger lanosus	GCA_043748575.1	Chiroptera	2185518987	53323821	154900566	128	65	17	40.5	GCA_043748905.1	primary	primary	PRJNA489245;PRJNA533106;PRJNA937181;PRJNA955779	Chromosome	2024-10-24
258863	species	Mops condylurus	GCA_043748645.1	Chiroptera	2209024231	56964224	105478936	126	38	24	43	GCA_043748605.1	primary	primary	PRJNA489245;PRJNA533106;PRJNA940057;PRJNA949178	Chromosome	2024-10-24
249021	species	Doryrhina cyclops	GCA_043880285.1	Chiroptera	2390587633	14255823	154073572	399	65	18	41.5	GCA_043880225.1	primary	primary	PRJNA489245;PRJNA533106;PRJNA936821;PRJNA938463	Chromosome	2024-10-28
2952509	species	Rhinolophus yonghoiseni	GCA_043880425.1	Chiroptera	2323175246	28095277	181652838	1681	1485	14	41.5	GCA_043880365.1	primary	primary	PRJNA489245;PRJNA533106;PRJNA937641;PRJNA938455	Chromosome	2024-10-28
173903	species	Rhinopoma microphyllum	GCA_043880545.1	Chiroptera	2564586454	32895649	146810189	258	106	21	42.5	GCA_043880455.1	primary	primary	PRJNA489245;PRJNA533106;PRJNA937902;PRJNA971926	Chromosome	2024-10-28
9414	species	Megaderma spasma	GCA_043880595.1	Chiroptera	2124723628	22627155	120949103	1277	418	19	42	GCA_043880535.1	primary	primary	PRJNA489245;PRJNA533106;PRJNA940047;PRJNA940731	Chromosome	2024-10-28
9999	species	Urocitellus parryii	GCA_045843805.1	Rodentia	2935776410	23164455	184159334	3223	2529	18	40	GCA_045843765.1		primary	PRJNA1178113;PRJNA1179444;PRJNA489243;PRJNA533106	Chromosome	2024-12-13
9777	species	Trichechus inunguis	GCA_046562895.1	Sirenia	3320339069	25109643	123530250	695	401	29	41	GCA_046562985.1	primary	primary	PRJNA1180610;PRJNA1180973;PRJNA1180976;PRJNA489243;PRJNA533106	Chromosome	2025-01-08
93162	species	Marmota flaviventris	GCA_047511675.1	Rodentia	2704651887	52587502	136846803	1143	813	22	40	GCA_047512175.1	primary	primary	PRJNA1201324;PRJNA1217010;PRJNA489243;PRJNA533106	Chromosome	2025-02-10
37699	species	Notoryctes typhlops	GCA_048126345.1	Notoryctemorphia	3845140558	88902510	356873583	889	693		38		primary	primary	PRJNA1193092	Scaffold	2025-02-26
30532	species	Dama dama	GCA_048126745.1	Artiodactyla	2723309090	49431082	76496593	1450	1303	34	42	GCA_048127045.1		primary	PRJNA1103212;PRJNA1103214;PRJNA1148282	Chromosome	2025-02-27
143281	subspecies	Canis lupus baileyi	GCA_048164855.1	Carnivora	2495589887	31962680	65569260	416	249	40	41.5	GCA_048164845.1	primary	primary	PRJNA1223036;PRJNA1225731;PRJNA489243;PRJNA533106	Chromosome	2025-02-27
27679	species	Saimiri boliviensis	GCA_048565385.1	Primates	2747459968	69222429	129414808	135	62	23	41	GCA_048565415.1	primary	primary	PRJNA1221990;PRJNA1230199;PRJNA489243;PRJNA533106	Chromosome	2025-03-12
9305	species	Sarcophilus harrisii	GCA_048593225.1	Dasyuromorphia	3244907618	4514036	645083750	1521	7	7	36	GCA_048593325.1		primary	PRJNA1235421;PRJNA1236391	Chromosome	2025-03-17
9301	species	Sminthopsis crassicaudata	GCA_048593235.1	Dasyuromorphia	3239981553	4359487	656909261	1890	7	7	36	GCA_048593295.1	primary	primary	PRJNA1235423;PRJNA1236394	Chromosome	2025-03-17
9281	species	Dasyurus maculatus	GCA_048593245.1	Dasyuromorphia	3066144370	147374197	634296252	124	6	6	36	GCA_048593285.1	primary	primary	PRJNA1235414;PRJNA1236393	Chromosome	2025-03-17
76772	species	Callospermophilus lateralis	GCA_048772825.1	Rodentia	3349745798	13623428	114988597	3463	2820	20	39.5	GCA_048772815.1	primary	primary	PRJNA1235321;PRJNA1237861;PRJNA489243;PRJNA533106	Chromosome	2025-03-21
452646	species	Neogale vison	GCA_964106205.1	Carnivora	2662777898	1455681	217713070	3200	351	15	42.5	GCA_964106545.1		primary	PRJEB40665;PRJEB43510;PRJEB43745;PRJEB74153;PRJEB76008;PRJNA489243;PRJNA533106	Chromosome	2024-06-06
55149	species	Sciurus vulgaris	GCA_902686455.2	Rodentia	2878591032	16333633	153872958	1807	638	21	40	GCA_902685485.1	primary	primary	PRJEB33226;PRJEB35380;PRJEB35381;PRJEB40665;PRJEB43510;PRJEB43745;PRJNA489243;PRJNA533106	Chromosome	2020-07-31
9662	species	Meles meles	GCA_922984935.2	Carnivora	2738678004	75210923	132955750	638	537	23	42.5	GCA_922984935.1,GCA_922990625.1	primary	primary	PRJEB40665;PRJEB43510;PRJEB43745;PRJEB46333;PRJEB49353;PRJNA489243;PRJNA533106	Chromosome	2022-03-23
3371016	species	Cnephaeus nilssonii	GCA_951640355.1	Chiroptera	2064102006	2474537	98018206	1629	206	26	43.5	GCA_951640545.1		primary	PRJEB40665;PRJEB43510;PRJEB43745;PRJEB61925;PRJEB62200;PRJNA489243;PRJNA489245;PRJNA533106	Chromosome	2023-05-18
109481	species	Myotis nattereri	GCA_964212035.2	Chiroptera	2138575456	44226636	99996439	436	211	23	43	GCA_964212025.2	primary	primary	PRJEB40665;PRJEB43510;PRJEB43745;PRJEB77440;PRJEB78592;PRJNA489243;PRJNA489245;PRJNA533106	Chromosome	2025-03-28
59465	species	Nyctalus leisleri	GCA_964264875.2	Chiroptera	2226320811	26125689	95320580	886	584	23	43	GCA_964264895.2	primary	primary	PRJEB40665;PRJEB43510;PRJEB43745;PRJEB78823;PRJEB80299;PRJNA489243;PRJNA489245;PRJNA533106	Chromosome	2025-04-03
3371109	species	Leucopleurus acutus	GCA_964270905.1	Artiodactyla	2676193030	3493168	109653882	1932	898	23	42	GCA_964270935.1	primary	primary	PRJEB40665;PRJEB43510;PRJEB43745;PRJEB77312;PRJEB80626;PRJNA1020146;PRJNA489243;PRJNA533106	Chromosome	2024-09-29
83528	species	Acomys minous	GCA_964271855.1	Rodentia	2350237540	29281624	122851966	297	113	20	43		primary	primary	PRJEB43510;PRJEB61747;PRJEB77133;PRJEB77214;PRJNA533106	Chromosome	2024-10-03
412090	species	Pipistrellus hanaki	GCA_964339955.1	Chiroptera	1892221984	48700701	89115682	447	141	23	42.5		primary	primary	PRJEB43510;PRJEB61747;PRJEB77246;PRJEB77247;PRJNA533106	Chromosome	2024-11-14
52113	species	Mesoplodon mirus	GCA_964341445.1	Artiodactyla	3442403058	3298322	115717908	3996	2756	21	42.5	GCA_964341485.1	primary	primary	PRJEB40665;PRJEB43510;PRJEB43745;PRJEB79281;PRJEB82817;PRJNA1020146;PRJNA489243;PRJNA533106	Chromosome	2024-11-28
246814	species	Pipistrellus pygmaeus	GCA_949987585.2	Chiroptera	1900259658	54451000	90845294	449	327	23	42.72	GCA_949987765.2	primary	primary	PRJEB40665;PRJEB43510;PRJEB43745;PRJEB61049;PRJEB61581;PRJNA489243;PRJNA489245;PRJNA533106	Chromosome	2025-04-09
98922	species	Myotis daubentonii	GCA_963259705.2	Chiroptera	2167779971	28718153	101535203	394	175	23	43.17	GCA_963259705.1,GCA_963242275.2	primary	primary	PRJEB40665;PRJEB43510;PRJEB43745;PRJEB61137;PRJEB65246;PRJNA489243;PRJNA489245;PRJNA533106	Chromosome	2025-04-09
61862	species	Plecotus auritus	GCA_963455305.1	Chiroptera	2163204650	2948753	186501726	1301	64	16	43.07	GCA_963455325.1	primary	primary	PRJEB40665;PRJEB43510;PRJEB43745;PRJEB65183;PRJEB65991;PRJNA489243;PRJNA489245;PRJNA533106	Chromosome	2023-09-20
9731	species	Globicephala melas	GCA_963455315.2	Artiodactyla	2651276051	3290841	105087932	2076	992	23	42.38	GCA_963455345.2	primary	primary	PRJEB40665;PRJEB43510;PRJEB43745;PRJEB64971;PRJEB65996;PRJNA1020146;PRJNA489243;PRJNA533106	Chromosome	2024-09-07
29065	species	Martes martes	GCA_963455335.1	Carnivora	2484633589	1599794	146289188	2726	476	20	42.38	GCA_963455355.1	primary	primary	PRJEB40665;PRJEB43510;PRJEB43745;PRJEB65269;PRJEB65998;PRJNA489243;PRJNA533106	Chromosome	2023-09-20
9728	species	Delphinus delphis	GCA_949987515.2	Artiodactyla	2663516986	3627551	107080983	1598	630	23	42.06	GCA_949987525.2	primary	primary	PRJEB40665;PRJEB43510;PRJEB43745;PRJEB60667;PRJEB61571;PRJNA1020146;PRJNA489243;PRJNA533106	Chromosome	2024-09-07
13151	species	Micromys minutus	GCA_963924665.1	Rodentia	2651771171	1835000	59776753	2913	893	34	40.050000000000004	GCA_963924645.1	primary	primary	PRJEB40665;PRJEB43510;PRJEB43745;PRJEB71536;PRJEB72093;PRJNA489243;PRJNA533106	Chromosome	2024-01-29
9742	species	Phocoena phocoena	GCA_963924675.1	Artiodactyla	2512713112	3726689	110192646	1405	439	22	41.72	GCA_963924725.1	primary	primary	PRJEB40665;PRJEB43510;PRJEB43745;PRJEB71542;PRJEB72090;PRJNA1020146;PRJNA489243;PRJNA533106	Chromosome	2024-01-29
9886	species	Muntiacus reevesi	GCA_963930625.1	Artiodactyla	2656168540	5780196	114544513	949	267	23	41.88	GCA_963930665.1	primary	primary	PRJEB40665;PRJEB43510;PRJEB43745;PRJEB71430;PRJEB72164;PRJNA489243;PRJNA533106	Chromosome	2024-01-31
9657	species	Lutra lutra	GCA_902655055.2	Carnivora	2438442342	30403456	149004807	228	43	20	41.59	GCA_902653095.1	primary	primary	PRJEB33226;PRJEB35339;PRJEB35340;PRJEB40665;PRJEB43510;PRJEB43745;PRJNA489243;PRJNA533106	Chromosome	2020-07-31
30640	species	Sciurus carolinensis	GCA_902686445.2	Rodentia	2815397268	13975867	148229995	2576	752	21	40.06	GCA_902685475.1	primary	primary	PRJEB33226;PRJEB35386;PRJEB35387;PRJEB40665;PRJEB43510;PRJEB43745;PRJNA489243;PRJNA533106	Chromosome	2020-07-31
59474	species	Pipistrellus pipistrellus	GCA_903992545.1	Chiroptera	1763422308	4446752	94929986	1867	322	22	42.56	GCA_903992515.1		primary	PRJEB33226;PRJEB39564;PRJEB39566;PRJEB40665;PRJEB43510;PRJEB43745;PRJNA489243;PRJNA489245;PRJNA533106	Chromosome	2020-08-06
1047088	species	Arvicola amphibius	GCA_903992535.2	Rodentia	2297766297	5392280	158924400	1085	215	18	42.15	GCA_903992525.1	primary	primary	PRJEB33226;PRJEB39550;PRJEB39551;PRJEB40665;PRJEB43510;PRJEB43745;PRJNA489243;PRJNA533106	Chromosome	2021-05-15
9612	species	Canis lupus	GCA_905319855.2	Carnivora	2447447219	34375412	65778685	247	81	40	41.49	GCA_905319845.1		primary	PRJEB40665;PRJEB43200;PRJEB43409;PRJEB43510;PRJEB43745;PRJNA489243;PRJNA533106	Chromosome	2021-03-26
9860	species	Cervus elaphus	GCA_910594005.1	Artiodactyla	2886603524	68741660	83473711	184	144	34	42.980000000000004	GCA_910593805.1	primary	primary	PRJEB40665;PRJEB43510;PRJEB43745;PRJEB45171;PRJEB45838;PRJNA489243;PRJNA533106	Chromosome	2021-07-07
10129	species	Apodemus sylvaticus	GCA_947179515.1	Rodentia	2889785202	4449850	120938251	1626	497	25	41.230000000000004	GCA_947179525.1	primary	primary	PRJEB40665;PRJEB43510;PRJEB43745;PRJEB53556;PRJEB56948;PRJNA489243;PRJNA533106	Chromosome	2022-10-28
9767	species	Balaenoptera acutorostrata	GCA_949987535.1	Artiodactyla	2772885358	3015723	116513105	2551	1374	22	41.550000000000004	GCA_950005055.1	primary	primary	PRJEB40665;PRJEB43510;PRJEB43745;PRJEB60647;PRJEB61579;PRJNA1020146;PRJNA489243;PRJNA533106	Chromosome	2023-05-01
269649	species	Chionomys nivalis	GCA_950005125.1	Rodentia	2393390621	30960136	88844950	357	160	28	41.97	GCA_950005115.1	primary	primary	PRJEB43510;PRJEB43745;PRJEB47820;PRJEB59810;PRJEB61598;PRJNA489243;PRJNA533106	Chromosome	2023-05-01
9365	species	Erinaceus europaeus	GCA_950295315.1	Eulipotyphla	2720683831	999919	126757761	4934	1174	24	42	GCA_950295305.1	primary	primary	PRJEB40665;PRJEB43510;PRJEB43745;PRJEB60669;PRJEB61758;PRJNA489243;PRJNA533106	Chromosome	2023-05-01
48744	species	Hyperoodon ampullatus	GCA_949752795.1	Artiodactyla	2828744367	3126546	117448692	1854	756	21	41.81	GCA_949752845.1	primary	primary	PRJEB40665;PRJEB43510;PRJEB43745;PRJEB60010;PRJEB60895;PRJNA1020146;PRJNA489243;PRJNA533106	Chromosome	2023-04-08
27610	species	Lagenorhynchus albirostris	GCA_949774975.1	Artiodactyla	2544819402	3398034	110721866	1479	409	22	41.910000000000004	GCA_949774935.1	primary	primary	PRJEB40665;PRJEB43510;PRJEB43745;PRJEB60663;PRJEB60994;PRJNA1020146;PRJNA489243;PRJNA533106	Chromosome	2023-04-08
39082	species	Muscardinus avellanarius	GCA_963383645.1	Rodentia	2497503975	2432660	119481734	2017	212	24	41.730000000000004	GCA_963383665.1	primary	primary	PRJEB40665;PRJEB43510;PRJEB43745;PRJEB64959;PRJEB65338;PRJNA489243;PRJNA533106	Chromosome	2023-08-26
9737	species	Stenella coeruleoalba	GCA_951394435.1	Artiodactyla	2691406842	3590204	105253534	1630	637	23	42.19	GCA_951394445.1	primary	primary	PRJEB40665;PRJEB43510;PRJEB43745;PRJEB60665;PRJEB62076;PRJNA1020146;PRJNA489243;PRJNA533106	Chromosome	2023-06-16
109479	species	Myotis mystacinus	GCA_964094495.2	Chiroptera	2081182114	2201046	99827109	2091	525	23	42.99	GCA_964195625.1	primary	primary	PRJEB40665;PRJEB43510;PRJEB43745;PRJEB73910;PRJEB76004;PRJNA489243;PRJNA489245;PRJNA533106	Chromosome	2024-06-12
9627	species	Vulpes vulpes	GCA_964106825.2	Carnivora	2411710590	2040520	139235879	2305	460	17	41.34	GCA_964106925.2		primary	PRJEB40665;PRJEB43510;PRJEB43745;PRJEB74591;PRJEB75990;PRJNA489243;PRJNA533106	Chromosome	2024-06-27
9997	species	Spermophilus citellus	GCA_964194105.1	Rodentia	3090032603	3445081	155990855	1933	497	20	39.89	GCA_964194095.1	primary	primary	PRJEB43510;PRJEB43745;PRJEB47820;PRJEB73447;PRJEB76892;PRJNA489243;PRJNA533106	Chromosome	2024-06-28
9375	species	Talpa europaea	GCA_964194135.1	Eulipotyphla	2060984045	3421604	136888642	1519	463	17	42.07	GCA_964194205.1	primary	primary	PRJEB40665;PRJEB43510;PRJEB43745;PRJEB71540;PRJEB76907;PRJNA489243;PRJNA533106	Chromosome	2024-06-28
83653	species	Grampus griseus	GCA_964374135.1	Artiodactyla	2667065542	3106000	107608252	2283	1145	23	42.24	GCA_964374185.1	primary	primary	PRJEB40665;PRJEB43510;PRJEB43745;PRJEB75720;PRJEB82944;PRJNA1020146;PRJNA489243;PRJNA533106	Chromosome	2024-11-29
9711	species	Halichoerus grypus	GCA_964656465.1	Carnivora	2387143391	3634403	180158780	1233	123		41.53	GCA_964656455.1		primary	PRJEB40665;PRJEB43510;PRJEB43745;PRJEB81373;PRJEB83433;PRJNA489243;PRJNA533106	Scaffold	2025-01-03
36239	species	Mustela nivalis	GCA_964662115.1	Carnivora	3437857113	1161649	115392379	6117	3179	22	43.54	GCA_964662095.1	primary	primary	PRJEB40665;PRJEB43510;PRJEB43745;PRJEB80975;PRJEB83720;PRJNA489243;PRJNA533106	Chromosome	2025-01-03
59472	species	Pipistrellus kuhlii	GCA_014108245.1	Chiroptera	1775688541	10591995	80237350	596	202		42.29		primary	primary	PRJNA489243;PRJNA489245;PRJNA533106;PRJNA628567;PRJNA674391	Scaffold	2020-08-13
77932	subspecies	Diceros bicornis minor	GCA_020826845.1	Perissodactyla	3005519209	28468213	65026825	1290	1075	42	41.57	GCA_020826835.1	primary	primary	PRJNA489243;PRJNA533106;PRJNA773944;PRJNA776883	Chromosome	2021-11-10
10116	species	Rattus norvegicus	GCA_015227675.2	Rodentia	2647899415	29198295	135012528	756	175	22	41.980000000000004	GCA_015244455.1	primary	primary	PRJEB40665;PRJEB43510;PRJEB43745;PRJNA489243;PRJNA533106;PRJNA662791;PRJNA662962	Chromosome	2020-11-10
9986	species	Oryctolagus cuniculus	GCA_964237555.1	Lagomorpha	2804657419	2030165	144279705	2497	221	22	44.02	GCA_964237575.1	primary	primary	PRJEB40665;PRJEB43510;PRJEB43745;PRJEB70400;PRJEB79209;PRJNA489243;PRJNA533106	Chromosome	2024-08-31
9785	species	Loxodonta africana	GCA_030014295.1	Proboscidea	3540876381	82653632	119600562	1110	879	29	41	GCA_030020305.1	primary	primary	PRJNA489243;PRJNA533106;PRJNA924322;PRJNA970377	Chromosome	2023-05-16
9796	species	Equus caballus	GCA_036418255.1	Perissodactyla	2331848197	37695881	88315369	1031	821	31	42	GCA_036426135.1		primary	PRJNA1064425;PRJNA1068121;PRJNA489243;PRJNA533106	Chromosome	2024-02-07
9940	species	Ovis aries	GCA_040805955.1	Artiodactyla	2853626077	103395564	103395564	28	28	28	43			primary	PRJNA1033229	Complete Genome	2024-07-22
9838	species	Camelus dromedarius	GCA_036321535.1	Artiodactyla	2306603094	31216184	72991593	366	171	38	41.5	GCA_036321565.1	primary	primary	PRJNA1064426;PRJNA1068118;PRJNA489243;PRJNA533106	Chromosome	2024-01-31
10090	species	Mus musculus	GCA_949316305.1	Rodentia	114758919	256003	256003	1806	1806		38.5	GCA_949316315.1		primary	PRJEB40665;PRJEB43510;PRJEB43745;PRJEB59719;PRJEB60145;PRJNA489243;PRJNA533106	Contig	2023-04-08
9622	species	Lycaon pictus	GCA_040955705.1	Carnivora	2384012108	39426608	64477381	167	76	39	41.5	GCA_040955645.1	primary	primary	PRJNA1099604;PRJNA1102376;PRJNA1103212;PRJNA1103214	Chromosome	2024-08-01
9768	species	Balaenoptera borealis	GCA_965194805.1	Artiodactyla	3234557085	2585625	118917181	3750	2571	22	42	GCA_965194725.1	primary	primary	PRJEB40665;PRJEB43510;PRJEB43745;PRJEB76369;PRJEB86465;PRJNA1020146;PRJNA489243;PRJNA533106	Chromosome	2025-03-10
9770	species	Balaenoptera physalus	GCA_965194825.1	Artiodactyla	3442538501	2079521	110866263	4127	2611	23	42.2	GCA_965194765.1	primary	primary	PRJEB40665;PRJEB43510;PRJEB43745;PRJEB76339;PRJEB86467;PRJNA1020146;PRJNA489243;PRJNA533106	Chromosome	2025-03-10
386614	species	Amblyraja radiata	GCA_010909765.2	Rajiformes	2558784953	1462921	62052929	4672	957	49	44.5	GCA_010909745.1	primary	primary	PRJNA489243;PRJNA533106;PRJNA591369;PRJNA593039	Chromosome	2020-02-21
13397	species	Carcharodon carcharias	GCA_017639515.1	Lamniformes	4286294447	6544962	169918123	3357	718	42	45	GCA_017639455.1	primary	primary	PRJNA489243;PRJNA533106;PRJNA562007;PRJNA562191	Chromosome	2021-03-30
170820	species	Hemiscyllium ocellatum	GCA_020745735.1	Orectolobiformes	3983466396	8845575	83580160	5666	1962	54	43	GCA_020745765.1	primary	primary	PRJNA489243;PRJNA533106;PRJNA774310;PRJNA776876	Chromosome	2021-11-05
1983395	species	Mobula birostris	GCA_030028105.1	Myliobatiformes	4014635230	7300797	148671352	6525	4715	33	43.5	GCA_030035685.1	primary	primary	PRJNA489243;PRJNA533106;PRJNA924117;PRJNA954412	Chromosome	2023-05-22
79690	species	Hypanus sabinus	GCA_030144855.1	Myliobatiformes	4044869043	4266932	112262883	4637	2989	35	43.5	GCA_030144785.1	primary	primary	PRJNA489243;PRJNA533106;PRJNA924072;PRJNA976741	Chromosome	2023-06-05
3053191	species	Stegostoma tigrinum	GCA_030684315.1	Orectolobiformes	3198515386	6162596	79021053	1994	835	51	43.5	GCA_030684295.1	primary	primary	PRJNA1078790;PRJNA489243;PRJNA533106;PRJNA986595	Chromosome	2023-08-08
7873	species	Hydrolagus colliei	GCA_035084275.1	Chimaeriformes	1003172678	1059761	42627691	2484	532	40	43	GCA_035084065.1	primary	primary	PRJNA1058005;PRJNA1061195;PRJNA489243;PRJNA533106	Chromosome	2024-01-05
212740	species	Heptranchias perlo	GCA_035084215.1	Hexanchiformes	3249915908	4905566	66821466	3713	1879	46	44.5	GCA_035084135.2	primary	primary	PRJNA1054128;PRJNA1061196;PRJNA489243;PRJNA533106	Chromosome	2024-01-05
7792	species	Heterodontus francisci	GCA_036365525.1	Heterodontiformes	6013048672	3418954	90140832	5087	2306	51	45	GCA_036365495.1	primary	primary	PRJNA1064416;PRJNA1066848;PRJNA489243;PRJNA533106	Chromosome	2024-02-06
1343680	species	Narcine bancroftii	GCA_036971445.1	Torpediniformes	3328432768	5195315	257710454	2038	595	14	43.5	GCA_036971175.1	primary	primary	PRJNA1063320;PRJNA1073908;PRJNA489243;PRJNA533106	Chromosome	2024-03-06
55135	species	Pristiophorus japonicus	GCA_044704955.1		5923050865	1893048	225854410	10302	4317	35	47	GCA_044704965.1	primary	primary	PRJNA1170977;PRJNA1174186;PRJNA489243;PRJNA533106	Chromosome	2024-11-13
57982	species	Cetorhinus maximus	GCA_964194155.1	Lamniformes	3993849873	1961965	126028485	7865	5087	39	44.5	GCA_964194165.1	primary	primary	PRJEB40665;PRJEB43510;PRJEB43745;PRJEB75718;PRJEB76905;PRJNA489243;PRJNA533106	Chromosome	2024-06-28
223862	species	Raja brachyura	GCA_963514005.1	Rajiformes	2700450552	2048057	68366687	3915	1646	49	44.980000000000004	GCA_963513955.1	primary	primary	PRJEB40665;PRJEB43510;PRJEB43745;PRJEB61690;PRJEB66374;PRJNA489243;PRJNA533106	Chromosome	2023-09-28
7830	species	Scyliorhinus canicula	GCA_902713615.2	Carcharhiniformes	4220389930	1862211	198790641	7773	645	31	46.95	GCA_902713625.2,GCA_902713615.1	primary	primary	PRJEB33226;PRJEB35945;PRJEB35946;PRJEB40665;PRJEB43510;PRJEB43745;PRJNA489243;PRJNA533106	Chromosome	2021-01-28
685728	species	Pristis pectinata	GCA_009764475.2	Rhinopristiformes	2267840987	17009522	101699621	870	172	46	42	GCA_009764485.1	primary	primary	PRJNA489243;PRJNA533106;PRJNA562009;PRJNA562240	Chromosome	2019-12-19
112232	species	Mustelus asterias	GCA_964213995.1	Carcharhiniformes	3679774521	1197343	109010392	8903	5313	34	45.69	GCA_964214025.1	primary	primary	PRJEB40665;PRJEB43510;PRJEB43745;PRJEB75876;PRJEB78883;PRJNA489243;PRJNA533106	Chromosome	2024-08-22
103942	species	Vipera ursinii	GCA_947247035.1	Squamata	1625006165	2137891	212821320	2202	383	19	40.94	GCA_947247025.1	primary	primary	PRJEB43510;PRJEB43745;PRJEB47820;PRJEB55895;PRJEB57183;PRJNA489243;PRJNA533106	Chromosome	2022-10-30
8524	species	Zootoca vivipara	GCA_963506605.1	Squamata	1440239386	3447840	96056580	731	48	19	44.050000000000000	GCA_963506595.1	primary	primary	PRJEB40665;PRJEB43510;PRJEB43745;PRJEB65185;PRJEB66180;PRJNA489243;PRJNA533106	Chromosome	2023-09-20
65484	species	Podarcis siculus	GCA_964188175.1	Squamata	1571364497	3060007	94541350	1055	293	20	44.32	GCA_964188395.1	primary	primary	PRJEB43745;PRJEB75874;PRJEB76730;PRJNA489243;PRJNA533106	Chromosome	2024-06-21
90520	species	Podarcis bocagei	GCA_964188305.1	Squamata	1615189422	2681335	94948854	1511	506	20	44.36	GCA_964188325.1	primary	primary	PRJEB43745;PRJEB76351;PRJEB76738;PRJNA489243;PRJNA533106	Chromosome	2024-06-21
64176	species	Podarcis muralis	GCA_964188315.1	Squamata	1522624192	3229453	91987695	1011	184	20	44.230000000000000	GCA_964188365.1		primary	PRJEB40665;PRJEB43510;PRJEB43745;PRJEB75878;PRJEB76737;PRJNA489243;PRJNA533106	Chromosome	2024-06-21
31155	species	Vipera berus	GCA_964194415.1	Squamata	1694999861	4688414	218396773	1535	478	19	41.11	GCA_964194405.1	primary	primary	PRJEB40665;PRJEB43510;PRJEB43745;PRJEB73681;PRJEB76966;PRJNA489243;PRJNA533106	Chromosome	2024-06-28
65482	species	Podarcis melisellensis	GCA_964234825.1	Squamata	1437044901	3107267	92085810	954	200	18	43.910000000000000	GCA_964234715.1	primary	primary	PRJEB43745;PRJEB76775;PRJEB79072;PRJNA489243;PRJNA533106	Chromosome	2024-08-31
140042	species	Podarcis erhardii	GCA_964252035.1	Squamata	1495977497	3226442	93518625	1161	325	20	43.800000000000000	GCA_964251985.1	primary	primary	PRJEB43745;PRJEB78688;PRJEB79339;PRJNA489243;PRJNA533106	Chromosome	2024-08-31
65481	species	Podarcis filfolensis	GCA_964270895.1	Squamata	1506948896	3042058	91563485	1220	348	20	43.800000000000000	GCA_964270875.1	primary	primary	PRJEB43745;PRJEB73695;PRJEB80628;PRJNA489243;PRJNA533106	Chromosome	2024-09-29
2025560	species	Natrix helvetica	GCA_964273705.1	Squamata	1777495310	1870695	172830377	2496	486	18	41.7	GCA_964273795.1	primary	primary	PRJEB40665;PRJEB43510;PRJEB43745;PRJEB78963;PRJEB80796;PRJNA489243;PRJNA533106	Chromosome	2024-10-05
662736	species	Podarcis liolepis	GCA_965112155.1	Squamata	1574003547	2883979	95422932	1210	289	20	44.06	GCA_965178375.1	primary	primary	PRJEB43745;PRJEB73727;PRJEB84044;PRJNA489243;PRJNA533106	Chromosome	2025-01-23
159646	subspecies	Elgaria multicarinata webbii	GCA_023053635.2	Squamata	1790500004	85762895	121985326	107	34	23	43.5	GCA_023053675.2	primary	primary	PRJNA489243;PRJNA533106;PRJNA720569;PRJNA765817;PRJNA808337;PRJNA810483	Chromosome	2024-01-04
2917703	subspecies	Aspidoscelis tigris stejnegeri	GCA_023333525.2	Squamata	1673098074	41557363	115489130	295	185	23	43.5	GCA_023333555.2	primary	primary	PRJNA533106;PRJNA720569;PRJNA766273;PRJNA808329;PRJNA810478	Chromosome	2025-03-05
246179	species	Vipera latastei	GCA_024294585.1	Squamata	1631568913	44839567	222489854	825	56	18	41	GCA_024294605.1	primary	primary	PRJNA489243;PRJNA533106;PRJNA838200;PRJNA858072	Chromosome	2022-07-20
65483	species	Podarcis raffonei	GCA_027172205.1	Squamata	1513131503	61439401	93623253	57	27	20	44	GCA_027172095.1	primary	primary	PRJNA489243;PRJNA533106;PRJNA839511;PRJNA914745	Chromosome	2022-12-27
2202111	species	Anniella stebbinsi	GCA_029215795.1	Squamata	1891076299	120289678	276533474	122	91		43.5	GCA_029215775.1	primary	primary	PRJNA533106;PRJNA720569;PRJNA766261;PRJNA937274;PRJNA938518	Scaffold	2023-03-14
261503	species	Rhineura floridana	GCA_030035675.1	Squamata	2307419594	18156940	188683971	318	76	22	43	GCA_030035715.1	primary	primary	PRJNA489243;PRJNA533106;PRJNA953090;PRJNA972733	Chromosome	2023-05-22
118683	species	Cyclura pinguis	GCA_030412105.1	Squamata	1983614781	112814430	291724653	57	29	19	41.5	GCA_030412085.1	primary	primary	PRJNA489243;PRJNA533106;PRJNA973807;PRJNA986166	Chromosome	2023-07-07
187939	species	Furcifer pardalis	GCA_030440675.1	Squamata	1609777135	158731830	184669281	23	11	11	42		primary	primary	PRJNA974816	Chromosome	2023-07-12
283338	species	Liasis olivaceus	GCA_030867105.1	Squamata	1486119866	65226870	203662644	116	43	17	40	GCA_030867085.1	primary	primary	PRJNA1008638;PRJNA489243;PRJNA533106;PRJNA923812	Chromosome	2023-08-24
121349	species	Erythrolamprus reginae	GCA_031021105.1	Squamata	1964049041	3064756	259117534	1791	400	14	41.5	"GCA_031001685.1,GCA_031021085.1"	primary	primary	PRJNA1009437;PRJNA489243;PRJNA533106;PRJNA921730	Chromosome	2023-08-31
71010	species	Tiliqua scincoides	GCA_035046505.1	Squamata	1623332312	33113817	242160784	722	350	16	44.5	GCA_035046495.1	primary	primary	PRJNA1014188;PRJNA1061193;PRJNA489243;PRJNA533106	Chromosome	2024-01-04
179887	species	Bradypodion pumilum	GCA_035047305.1	Squamata	2486266449	178505980	389612775	39	21		45	"GCA_047715955.1,GCA_047715975.1"	primary	primary	PRJNA1217012;PRJNA489243;PRJNA533106;PRJNA986319	Scaffold	2024-01-03
51853	species	Candoia aspera	GCA_035149785.1	Squamata	1530810380	55640180	209480725	250	149	18	41	GCA_035125265.1	primary	primary	PRJNA1009782;PRJNA1062323;PRJNA489243;PRJNA533106	Chromosome	2024-01-18
38937	species	Anolis sagrei	GCA_037176765.1	Squamata	1950830970	43146625	249210491	220	29	15	41.5	GCA_037176775.1	primary	primary	PRJNA1080665;PRJNA1086517;PRJNA489243;PRJNA533106	Chromosome	2024-03-15
3379902	species	Dibamus cf. smithi	GCA_046126795.1	Squamata	2282703727	18158878	146217707	600	326	19	46	GCA_046126825.1		primary	PRJNA1190889;PRJNA1195036;PRJNA489243;PRJNA533106	Chromosome	2024-12-18
74359	species	Podarcis pityusensis	GCA_964106635.2	Squamata	1417079496	1719006	92418909	1548	183	18	44	GCA_964106645.2	primary	primary	PRJEB43745;PRJEB73697;PRJEB76013;PRJNA489243;PRJNA533106	Chromosome	2024-07-05
90521	species	Podarcis gaigeae	GCA_964106915.2	Squamata	1514623329	2858450	91932266	1093	210	20	44	GCA_964106785.1	primary	primary	PRJEB43745;PRJEB73729;PRJEB76108;PRJNA489243;PRJNA533106	Chromosome	2024-09-17
80427	species	Lacerta agilis	GCA_009819535.1	Squamata	1391387079	6613248	86565987	407	28	20	43.5	GCA_009819545.1	primary	primary	PRJNA489243;PRJNA533106;PRJNA562018;PRJNA562214	Chromosome	2019-12-31
481883	species	Eublepharis macularius	GCA_028583425.1	Squamata	2237379946	80105973	145573841	136	75	19	44		primary	primary	PRJNA884264	Chromosome	2023-02-10
460621	species	Euleptes europaea	GCA_029931775.1	Squamata	1781916107	26991305	102317683	744	591	21	44.5	GCA_029931755.1	primary	primary	PRJNA489243;PRJNA533106;PRJNA919166;PRJNA935365	Chromosome	2023-05-15
65485	species	Podarcis tiliguerta	GCA_965153305.2	Squamata	1394940404	2538050	90889416	1310	307	18	44	GCA_965153285.1	primary	primary	PRJEB43745;PRJEB76520;PRJEB85969;PRJNA489243;PRJNA533106	Chromosome	2025-07-07
35005	species	Thamnophis elegans	GCA_009769535.1	Squamata	1672190305	4620601	100851885	1883	365	18	41	GCA_009769695.1	primary	primary	PRJNA489243;PRJNA533106;PRJNA561996;PRJNA562247	Chromosome	2019-12-23
52224	species	Shinisaurus crocodilurus	GCA_021292165.1	Squamata	2189995079	3338364	296945371	2405	1553	16	45		primary	primary	PRJNA726336	Chromosome	2021-12-28
140051	species	Podarcis vaucheri	GCA_965113305.1	Squamata	1510738089	2992141	100944791	1003	151	18	44.160000000000000	GCA_965113315.1	primary	primary	PRJEB43745;PRJEB77310;PRJEB85074;PRJNA489243;PRJNA533106	Chromosome	2025-01-24
1330250	species	Podarcis cretensis	GCA_951804945.1	Squamata	1507609967	65743000	94621998	97	50	19	43.88	GCA_951804955.1	primary	primary	PRJEB43510;PRJEB43745;PRJEB47820;PRJEB61854;PRJEB62765;PRJNA489243;PRJNA533106	Chromosome	2023-06-02
94835	species	Gavialis gangeticus	GCA_030020295.1	Crocodylia	2328538659	84235120	257319116	278	160	16	45	GCA_030020385.1		primary	PRJNA489243;PRJNA533106;PRJNA953442;PRJNA972737	Chromosome	2023-05-22
8496	species	Alligator mississippiensis	GCA_030867095.1	Crocodylia	2346779227	38556409	255078640	355	194	16	45	GCA_030867065.1	primary	primary	PRJNA1006701;PRJNA1008637;PRJNA489243;PRJNA533106	Chromosome	2023-08-24
1825980	species	Gopherus evgoodei	GCA_007399415.1	Testudines	2298547364	13026736	147425149	932	382	24	44	GCA_007399395.1	primary	primary	PRJNA489103;PRJNA489243;PRJNA533104;PRJNA533106	Chromosome	2019-07-25
286002	species	Gopherus flavomarginatus	GCA_025201925.1	Testudines	2460542086	6917139	162938067	2483	621	25	44.5	GCA_025201965.1	primary	primary	PRJNA489243;PRJNA533106;PRJNA794188;PRJNA842024	Chromosome	2022-09-15
27794	species	Dermochelys coriacea	GCA_009764565.4	Testudines	2164762090	7029801	137568771	706	40	28	43.5	GCA_009762595.2	primary	primary	PRJNA489243;PRJNA533106;PRJNA561993;PRJNA562206	Chromosome	2021-08-25
2991368	subspecies	Malaclemys terrapin pileata	GCA_027887155.1	Testudines	2211221380	75591180	144565223	217	76	25	44.5	GCA_027887205.1	primary	primary	PRJNA489243;PRJNA533106;PRJNA895896;PRJNA923333	Chromosome	2023-01-18
82168	species	Emys orbicularis	GCA_028017835.1	Testudines	2309740635	91255289	146456333	254	106	25	44.5	GCA_028017845.1	primary	primary	PRJNA489243;PRJNA533106;PRJNA919152;PRJNA927029	Chromosome	2023-01-30
27787	species	Eretmochelys imbricata	GCA_965152235.1	Testudines	2217987207	80323000	136542973	187	56	28	44	GCA_965152285.1		primary	PRJNA1211707;PRJNA1212183;PRJNA489243;PRJNA533106	Chromosome	2025-04-10
142480	species	Sternotherus odoratus	GCA_032164245.1	Testudines	1759394229	17031157	108345705	770	217		44.5	GCA_032164215.1	primary	primary	PRJNA1001863;PRJNA1016400;PRJNA533106;PRJNA813333	Scaffold	2023-09-29
3026461	species	Macrochelys suwanniensis	GCA_033296515.1	Testudines	2132261265	43882550	139680232	656	366	26	44.5	GCA_033349115.1	primary	primary	PRJNA1006848;PRJNA1008721;PRJNA489243;PRJNA533106	Chromosome	2023-11-06
44489	species	Carettochelys insculpta	GCA_033958435.1	Testudines	2180317067	126464372	130115908	146	134	34	45.5		primary	primary	PRJNA1037723	Chromosome	2023-11-27
1041117	species	Myuchelys georgesi	GCA_040894355.2	Testudines	1980039302	56181416	123447689	186	109	25	43		primary	primary	PRJNA1003540;PRJNA1075696;PRJNA1075750	Chromosome	2025-02-07
44507	species	Podocnemis expansa	GCA_045364815.1	Testudines	2565358608	24087131	300517188	949	725	14	44	GCA_045364785.1	primary	primary	PRJNA1180209;PRJNA1180974;PRJNA1180976;PRJNA489243;PRJNA533106	Chromosome	2024-12-02
260642	species	Pangshura tecta	GCA_045781095.1	Testudines	2165924875	54152134	136649681	834	629	25	44	GCA_045781085.1	primary	primary	PRJNA1150336;PRJNA1183334;PRJNA489243;PRJNA533106	Chromosome	2024-12-06
8467	species	Caretta caretta	GCA_965140235.1	Testudines	2217236305	124322749	137541926	97	36	28	44	GCA_965140275.1		primary	PRJNA1211701;PRJNA1212178;PRJNA489243;PRJNA533106	Chromosome	2025-02-13
27788	species	Lepidochelys olivacea	GCA_965140295.1	Testudines	2206568898	91320439	137258246	112	43	28	44	GCA_965140255.1	primary	primary	PRJNA1211705;PRJNA1212179;PRJNA489243;PRJNA533106	Chromosome	2025-02-13
8472	species	Lepidochelys kempii	GCA_965140265.1	Testudines	2204769334	59796335	136811586	332	88	28	44	GCA_965140285.1	primary	primary	PRJNA1211704;PRJNA1212180;PRJNA489243;PRJNA533106	Chromosome	2025-03-26
27790	species	Natator depressus	GCA_965152275.1	Testudines	2173430419	77014821	134157645	211	40	28	44	GCA_965152195.1	primary	primary	PRJNA1211699;PRJNA1212185;PRJNA489243;PRJNA533106	Chromosome	2025-02-16
8469	species	Chelonia mydas	GCA_015237465.2	Testudines	2134358617	39415510	134428053	390	92	28	43.77	GCA_015220195.2	primary	primary	PRJNA489243;PRJNA533106;PRJNA561941;PRJNA562195	Chromosome	2021-07-15
