accession	contig_n50	scaffold_n50	compleasm_complete	compleasm_single	compleasm_dup	compleasm_retro	compleasm_fragmented	compleasm_missing	compleasm_frameshift	project	type	seq
000001515	384816	26972556	3370	3200	127	43	14	6	62	Other	Other	PacBio
000001545	15652	747367	3311	3257	13	41	63	16	341	Other	Other	Other
000001895	100461	14986627	3369	3237	75	57	8	13	119	Other	Other	PacBio
000001905	69023	46401353	3340	3332	2	6	35	15	191	Zoonomia	Other	Other
000002035	1422317	7379053	3268	2598	668	2	67	54	98	Other	Other	Other
000002265	34564	25208765	3357	3276	17	64	21	12	102	Other	Other	Other
000002275	11544	991605	2253	2247	5	1	716	416	295	Other	Other	Other
000002285	27487084	63738581	3357	3278	13	66	9	24	75	Other	Other	PacBio
000002295	107990	527952102	3303	3233	14	56	40	47	101	Other	Other	Other
000002315	17655422	20785086	3379	3375	4	0	2	9	83	Other	Other	CLR
000003025	48231277	88231837	3388	3373	10	5	1	1	173	Other	Other	CLR
000003115	4577	16304361	2634	2618	10	6	484	270	682	Other	Other	Other
000003205	276285	6806220	3356	3287	10	59	28	6	127	Other	Other	PacBio
000003625	64648	35972871	3159	3062	21	76	79	152	214	Other	Other	Other
000004035	2905	2905	781	739	33	9	1297	1288	485	Other	Other	Illumina
000004195	14634335	153961319	3347	3329	17	1	19	24	45	Other	Other	PacBio
000004335	39886	1281781	3308	3302	3	3	70	12	154	Other	Other	Other
000004665	29273	5167444	3329	3226	17	86	34	27	216	Other	Other	Other
000004845	20516	20520932	3347	3306	7	34	22	21	97	Other	Other	Illumina
000090745	79867	4033265	3016	2995	14	7	163	209	148	Zoonomia	Other	Other
000146605	27076	3898092	3020	3017	3	0	314	55	147	Other	Other	Illumina
000146795	35148	52956880	3288	3235	12	41	69	33	276	Other	Other	Other
000147115	64330	4293315	3168	3027	36	105	109	113	234	Zoonomia	Other	Other
000150855	1066	1329	18	18	0	0	297	3075	26	Other	Other	Other
000150875	1070	1204	22	22	0	0	294	3072	38	Other	Other	Other
000150895	977	1063	16	16	0	0	278	3096	26	Other	Other	Other
000150935	1126	1324	22	22	0	0	284	3083	35	Other	Other	Other
000151735	80583	27942054	3335	3304	20	11	32	23	182	Other	Other	Other
000151845	21866	5954017	3276	3268	8	0	84	30	149	Other	Other	Illumina
000151865	11821	116287	2762	2725	14	23	522	103	347	Other	Other	Illumina
000151885	48087	11931245	3218	3195	5	18	125	47	172	Other	Other	Illumina
000151905	52934	81227029	3310	3251	32	27	59	20	120	Other	Other	Other
000152225	35792	905827	3272	3262	4	6	94	24	106	Other	Other	Illumina
000164785	64490	366442	3060	2874	43	143	272	53	170	Other	Other	Illumina
000164805	38165	401181	3143	3097	13	33	180	65	104	Other	Other	Illumina
000164825	3265	88760	1923	1901	9	13	953	506	737	Zoonomia	Other	Other
000164845	29521	24022313	3329	3313	3	13	46	15	136	Other	Other	CLR
000165045	46577	4521921	3189	3179	8	2	102	98	106	Other	Other	Other
000165445	210702	108171978	3366	3251	26	89	18	6	144	Other	Other	CLR
000180615	52883	928938	3247	3224	21	2	84	59	160	Other	Other	Other
000180675	83204	83204	3117	3102	14	1	191	80	150	Other	Other	Other
000180735	29054	734039	3078	3005	73	0	166	145	496	Other	Other	Other
000180995	13977	102345	2676	2616	22	38	571	138	164	Other	Other	Illumina
000181275	22623	22794405	3262	3223	14	25	81	47	156	Zoonomia	Other	Illumina
000181295	27100	13852661	3349	3280	15	54	26	15	136	Other	Other	Illumina
000181315	2749	2749	543	509	30	4	1357	1466	484	Other	Other	Other
000181335	41915695	88880063	3386	3371	8	7	1	3	111	Other	Other	Other
000181375	2974	2974	759	675	67	17	1229	1379	643	Zoonomia	Other	Other
000181395	2753	2753	489	474	12	3	1408	1464	300	Zoonomia	Other	Other
000181415	1516	1516	335	322	11	2	1171	1851	271	Other	Other	Other
000186305	10658	213970	3064	3061	2	1	242	84	64	Other	Other	Illumina
000188235	29493	2766223	3370	3359	10	1	14	5	64	Zoonomia	Other	Illumina
000189315	20139	1847106	3079	3063	3	13	234	76	145	Other	Other	Illumina
000208655	26278	1687935	3227	3149	14	64	122	41	234	Other	Other	Other
000212995	98388	15540354	3367	3317	11	39	18	5	82	Other	Other	Other
000219685	11025	151762	2840	2817	8	15	437	108	234	Other	Other	Illumina
000222185	3658	155658674	3333	3297	4	32	31	26	538	Other	Other	Other
000223135	39362	1147233	3237	3200	14	23	114	38	135	Other	Other	Illumina
000230445	21750	1603177	3302	3216	35	51	64	24	223	Other	Other	Illumina
000230535	21993	3350749	3237	3226	11	0	99	54	153	Other	Other	Illumina
000230795	12841	1660975	3334	3286	7	41	43	13	137	Other	Other	Illumina
000230815	13209	1141162	3276	3231	6	39	89	24	145	Other	Other	Illumina
000231765	2311	393166	2070	2062	8	0	887	431	630	Other	Other	Other
000233375	36085	592762	3229	1811	1414	4	120	39	122	Other	Other	PacBio
000235385	38823	18744880	3331	3252	15	64	40	19	151	Zoonomia	Other	Illumina
000236235	44137	8192786	3305	3270	10	25	61	24	111	Zoonomia	Other	Illumina
000238235	665	665	205	202	2	1	1157	1988	16	Other	Other	Illumina
000238935	55633	10614383	3225	3223	2	0	120	44	149	Other	Other	Illumina
000238955	1407748	32660920	3377	3281	88	8	6	7	89	Zoonomia	Other	CLR
000239315	66755	9567452	3349	3308	9	32	30	11	90	Zoonomia	Other	Illumina
000239375	22622	2525540	3294	3283	9	2	62	33	105	Zoonomia	Other	Illumina
000239395	13047	4430025	3143	3126	17	0	171	76	198	Zoonomia	Other	Illumina
000239415	21886	1194190	3296	3283	11	2	71	23	106	Zoonomia	Other	Illumina
000241075	22275	1303070	3213	3208	5	0	134	41	131	Other	Other	Other
000241425	3358	3653	593	582	7	4	1587	1164	218	Other	Other	Illumina
000241765	21318	16028813	3324	3315	5	4	55	11	96	Other	Other	Other
000242695	68337	6928108	3222	3212	9	1	96	72	166	Zoonomia	Other	Illumina
000243295	37750	14442683	3327	3310	6	11	40	23	124	Zoonomia	Other	Illumina
000247695	47778	20532749	3354	3265	29	60	23	13	112	Zoonomia	Other	Illumina
000247795	28375	106310653	3199	3130	27	42	48	143	155	Other	Other	Other
000247815	410964	6542656	3327	3322	5	0	42	21	120	Other	Other	Illumina
000258655	66676	8197324	3346	3301	9	36	29	15	152	Other	Other	Other
000260255	19847	12091372	3320	3078	65	177	44	26	186	Zoonomia	Other	Illumina
000260355	46163	55520359	3112	3102	6	4	117	161	128	Zoonomia	Other	Illumina
000264685	149817	585721	3375	3286	17	72	13	2	115	Other	Other	PacBio
000276665	61105	21893125	3342	3321	5	16	33	15	87	Zoonomia	Other	Illumina
000277835	30521	5255844	3247	3239	6	2	103	39	174	Other	Other	Illumina
000280705	15675	22080993	3319	3230	22	67	49	22	194	Zoonomia	Other	Illumina
000281125	16665	18600682	3335	3332	3	0	42	13	61	Other	Other	Illumina
000283155	92960	26277727	3374	3351	7	16	12	4	67	Zoonomia	Other	Illumina
000292845	42347	26863993	3268	3240	10	18	83	39	191	Zoonomia	Other	Illumina
000296735	19632	13470186	3357	3297	12	48	22	11	99	Zoonomia	Other	Illumina
000296755	21359	3264618	3302	3268	12	22	61	27	107	Zoonomia	Other	Illumina
000298275	17683	7875832	3321	3304	3	14	50	19	112	Zoonomia	Other	Illumina
000298355	22822	1407960	3291	3259	8	24	80	19	217	Other	Other	Illumina
000298735	150472	100009711	3317	3263	8	46	44	29	384	Other	Other	CLR
000299155	24219	15011382	3350	3083	25	242	26	14	164	Zoonomia	Other	Illumina
000306695	143936	50362920	3386	3325	24	37	1	3	51	Other	Other	Illumina
000308155	21392	13454942	3327	3299	8	20	46	17	121	Zoonomia	Other	Illumina
000311805	90263	2005940	3261	3210	45	6	97	32	172	Other	Other	Illumina
000313675	9628	6078048	3205	3197	7	1	122	62	154	Other	Other	Other
000313985	20425	54422506	3283	3225	17	41	70	37	180	Zoonomia	Other	Illumina
000317375	21250	17270019	3339	3259	14	66	20	31	76	Zoonomia	Other	Illumina
000317765	73533	9094169	3346	3267	26	53	31	13	106	Other	Other	Illumina
000325575	31842	15954802	3351	3348	3	0	25	14	155	Other	Other	Illumina
000327345	15182	3454484	3204	3170	10	24	133	53	252	Other	Other	Illumina
000331425	165265	16337386	3370	3366	4	0	8	12	72	Other	Other	Illumina
000331475	22008	22008	1347	1342	4	1	1502	518	135	Other	Other	Illumina
000331495	21834	21834	1456	1416	13	27	1456	461	252	Other	Other	Illumina
000331955	70300	12735091	3379	3332	10	37	7	4	75	Other	Other	Illumina
000332375	29306	101034	3017	3016	1	0	283	88	183	Other	Other	Illumina
000334495	25938	3670124	3333	3284	12	37	40	17	203	Other	Other	Illumina
000337935	26627	14233134	3298	3297	1	0	83	9	216	Other	Other	Illumina
000337975	31327	4154532	3297	3296	1	0	83	10	118	Other	Other	Illumina
000344595	29240	3864108	3300	3293	3	4	73	17	152	Other	Other	Illumina
000349665	22512	12753307	3078	3057	14	7	212	100	228	Zoonomia	Other	Illumina
000349705	23664	904068	2890	2821	21	48	393	107	261	Zoonomia	Other	Illumina
000355885	26114	1233631	3123	3121	2	0	205	62	295	Other	Other	Other
000364345	86040	88649475	3354	3295	6	53	26	10	77	Other	Other	Illumina
000372685	1767240	35377769	3298	3261	35	2	35	57	165	Other	Other	CLR
000385455	112748	4866725	3108	3103	3	2	183	99	134	Other	Other	Illumina
000385615	4693	2306994	997	996	1	0	1634	745	168	Other	Other	Illumina
000400545	6366	6366	1316	1311	4	1	1485	558	84	Other	Other	Illumina
000400695	4399	15974	1564	1557	7	0	1388	421	220	Other	Other	Illumina
000400755	8233	315240	2731	2718	11	2	240	419	469	Other	Other	Other
000409795	90449	81825804	3369	3307	11	51	11	10	77	Other	Other	Illumina
000412655	23289	3225832	3227	3141	17	69	113	50	191	Other	Other	Illumina
000418415	8235	8235	1590	1582	8	0	1340	445	42	Other	Other	Illumina
000419365	27129	1558295	3290	3268	6	16	76	24	188	Other	Other	Illumina
000442215	32029	2434970	3343	3307	13	23	35	12	134	Other	Other	Illumina
000448345	11899	1236516	3174	3142	12	20	153	62	190	Other	Other	Illumina
000455745	23412	2188296	3275	3270	5	0	88	26	127	Other	Other	Illumina
000464555	30032	8860407	3199	3185	6	8	129	62	240	Other	Other	Illumina
000465285	12668	27684	2088	2085	2	1	964	318	207	Other	Other	Illumina
000465345	7043	16881	1462	1455	4	3	1306	604	350	Other	Other	Illumina
000465495	11659	21151	2076	2062	6	8	1030	265	265	Other	Other	Illumina
000470695	3215	52849	2803	2702	101	0	458	120	238	Other	Other	Illumina
000471725	21938	1412388	3309	3253	8	48	67	14	99	Other	Other	Illumina
000472045	35258	427290	3154	3108	12	34	191	43	128	Other	Other	Illumina
000472085	57199	861885	3165	3157	2	6	123	102	80	Other	Other	Illumina
000475215	13541	30046	2568	2562	6	0	637	174	73	Other	Other	Illumina
000475235	13471	116274	2663	2653	9	1	462	262	236	Other	Other	Illumina
000485575	57472	1574226	3342	3190	152	0	30	18	100	Other	Other	Illumina
000493695	22690	12843668	3345	3276	28	41	36	9	167	Other	Other	Illumina
000499045	29750	288526	3041	2873	166	2	280	68	127	Other	Other	PacBio
000500345	36367	3760915	3343	3282	19	42	31	16	96	Other	Other	Illumina
000511605	32115	3851064	3281	3280	1	0	59	49	79	Other	Other	Illumina
000516915	5201	241519	2938	2932	4	2	305	142	169	Other	Other	Illumina
000523025	27008	509861	3309	3280	27	2	40	41	155	Other	Other	Illumina
000534875	53884	17815079	3301	3298	1	2	67	22	149	Other	Other	Other
000586395	1029	1029	120	118	2	0	1359	1893	23	Other	Other	Other
000604445	1717	2814	236	235	0	1	1244	1874	199	Other	Other	Other
000622305	30353	3618479	3323	3294	8	21	48	19	100	Other	Other	Illumina
000633615	41913	5270359	3278	3267	11	0	73	39	127	Other	Other	Illumina
000687185	29019	3067157	3264	3263	1	0	113	13	195	Other	Other	Illumina
000687205	17226	52818	2564	2561	3	0	623	201	255	Other	Other	Illumina
000687225	46506	15940661	3275	3267	3	5	72	43	254	Other	Other	Illumina
000687265	20262	38071	2518	2513	5	0	699	167	127	Other	Other	Illumina
000687285	22941	47896	2853	2850	3	0	460	75	154	Other	Other	Illumina
000687375	21679	43364	2653	2649	3	1	605	126	149	Other	Other	Illumina
000688575	1039	27928671	2623	2600	12	11	480	287	460	Other	Other	Illumina
000689215	54134	26439989	3196	3187	9	0	119	74	107	Other	Other	Other
000690535	24645	55197	2751	2750	1	0	533	100	179	Other	Other	Illumina
000690715	25860	46063	2474	2473	1	0	728	182	182	Other	Other	Illumina
000690725	43010	411659	3311	3255	55	1	55	24	93	Other	Other	Illumina
000690775	24402	47243	2448	2447	1	0	786	151	164	Other	Other	Illumina
000690835	25926	47208	2695	2694	1	0	562	130	173	Other	Other	Illumina
000690875	24321	45532	2589	2587	1	1	645	155	184	Other	Other	Illumina
000691405	25143	57319	2699	2697	2	0	545	143	199	Other	Other	Illumina
000691785	24735	62640	2727	2726	1	0	552	108	180	Other	Other	Illumina
000691845	24675	48089	2438	2437	1	0	741	203	184	Other	Other	Illumina
000691975	29093	6953989	3275	3270	4	1	92	23	167	Other	Other	Illumina
000692075	28179	2937227	3103	3096	7	0	197	90	222	Other	Other	Illumina
000695075	2544	59657	2289	2225	62	2	715	377	545	Other	Other	Illumina
000695195	21641	45221	2608	2608	0	0	610	158	169	Other	Other	Illumina
000695765	22740	47102	2662	2657	5	0	597	129	203	Other	Other	Illumina
000695815	20602	64469	2770	2766	4	0	499	114	200	Other	Other	Illumina
000696035	16346	1746960	3288	3285	3	0	90	12	126	Other	Other	Illumina
000696425	20753	245189	3148	3095	35	18	209	30	134	Other	Other	Illumina
000696655	40738	56256	2423	2414	3	6	772	184	91	Other	Other	Illumina
000696695	57610	513800	3155	3144	5	6	188	47	177	Other	Other	Illumina
000696875	26546	61475	2789	2788	1	0	493	104	166	Other	Other	Illumina
000697985	1001	1586	372	368	4	0	1402	1587	268	Other	Other	Illumina
000698965	34997	3593425	3226	3218	8	0	131	33	121	Other	Other	Illumina
000699005	24809	2093929	3215	3209	4	2	134	41	215	Other	Other	Illumina
000699105	22195	5118896	3199	3197	2	0	144	47	175	Other	Other	Illumina
000699145	31730	5071598	3312	3311	1	0	67	11	104	Other	Other	Illumina
000699245	26448	49530	2665	2661	4	0	592	125	203	Other	Other	Illumina
000699545	17412	30087	2307	2307	0	0	866	214	179	Other	Other	Illumina
000699945	15248	36359	2056	2052	4	0	1020	297	187	Other	Other	Illumina
000700745	22170	46377	2511	2509	1	1	734	144	179	Other	Other	Illumina
000700965	1668	15414	2147	2138	9	0	789	436	208	Other	Other	Illumina
000703405	28882	56673	2619	2616	3	0	605	160	198	Other	Other	Illumina
000705375	29773	246268	2912	2905	7	0	378	99	206	Other	Other	Illumina
000708025	39278	3657050	3276	3273	3	0	100	14	130	Other	Other	Illumina
000708225	29116	5211696	3313	3307	6	0	67	10	114	Other	Other	Illumina
000708925	17343	48427	2589	2586	3	0	654	141	230	Other	Other	Illumina
000709325	38137	2989832	3301	3298	3	0	77	12	151	Other	Other	Illumina
000709365	22885	56334	2732	2727	5	0	535	115	216	Other	Other	Illumina
000709895	23333	52178	2796	2792	4	0	494	93	141	Other	Other	Illumina
000710305	14587	53203	2734	2730	4	0	511	139	167	Other	Other	Illumina
000721915	125635	7945253	3363	3329	33	1	13	14	113	Other	Other	PacBio
000732505	20803	835301	3245	3216	29	0	89	55	158	Other	Other	Illumina
000735185	17487	217655	2207	2201	6	0	700	471	172	Other	Other	PacBio
000737285	4103	5299	952	951	0	1	1549	854	58	Other	Other	Illumina
000737465	105493	9145499	3348	3347	1	0	26	16	56	Other	Other	Illumina
000738735	8553235	73732264	3271	3264	5	2	16	103	123	Other	Other	CLR
000738955	28718	117920	2537	2515	8	14	586	259	163	Other	Other	Illumina
000742935	25717	495736	3305	3296	9	0	73	12	127	Other	Other	Other
000743615	44830	5314287	3305	3284	8	13	57	27	104	Other	Other	Illumina
000747805	30767	3841852	3225	3224	1	0	135	30	151	Other	Other	Illumina
000751415	23456	1216136	3321	3317	3	1	48	21	74	Other	Other	Illumina
000754665	18844	6873254	3249	3185	11	53	106	34	218	Other	Other	Illumina
000765075	51868	1750063	3363	3307	8	48	22	5	59	Other	Other	Other
000765115	39721	2217029	3361	3287	12	62	19	10	69	Other	Other	Other
000766835	172329	9230743	3371	3368	3	0	17	2	44	Other	Other	Illumina
000767325	24925	613723	3117	3097	17	3	184	88	131	Other	Other	Other
000767525	213649	5303709	3340	3325	6	9	37	13	84	Other	Other	Illumina
000767585	69131	4188677	3310	3302	4	4	58	22	232	Other	Other	Illumina
000767855	139067	8812066	3325	3314	5	6	50	15	186	Other	Other	Illumina
000769185	77151	1549224	3323	3241	8	74	56	11	70	Other	Other	Illumina
000772465	13295	137426304	2368	2320	23	25	656	362	501	Other	Other	Illumina
000776015	1416	83166	2610	2604	6	0	532	245	1026	Other	Other	Illumina
000787095	16946	39308	2808	2803	4	1	453	123	156	Other	Other	Illumina
000787105	28254	296161	3237	3234	2	1	113	39	165	Other	Other	Illumina
000787155	8806	15105	2497	2492	4	1	623	265	114	Other	Other	Illumina
000788275	20438	2375582	3309	3291	13	5	52	29	174	Other	Other	Illumina
000800605	11725	126452	2878	2866	10	2	367	141	155	Other	Other	Illumina
000803125	236391	70369702	3384	3372	7	5	4	2	133	Other	Other	PacBio
000826765	16689	1252252	3204	3187	17	0	125	60	179	Other	Other	Illumina
000832365	859	859	191	188	3	0	922	2254	411	Other	Other	ONT
000878545	8598	117689	3008	2978	29	1	279	99	92	Other	Other	Illumina
000935625	32798	1069101	3149	3131	13	5	137	104	89	Other	Other	Illumina
000951035	38363	7840981	3313	3236	11	66	60	17	145	Other	Other	Illumina
000951045	31346	3186748	3282	3234	5	43	81	26	113	Other	Other	Illumina
000951615	75080	7828959	2849	1889	944	16	330	210	722	Other	Other	Other
000952055	126456	8268663	3347	3253	20	74	30	13	173	Other	Other	CLR
000955945	112942	12849131	3375	3310	12	53	8	7	114	Other	Other	PacBio
000956065	106897	15219753	3375	3311	9	55	10	5	129	Other	Other	CLR
000956105	28129	5604909	3249	3192	18	39	104	37	230	Other	Other	Illumina
000966335	22277	1860920	3312	3264	45	3	41	37	115	Other	Other	Illumina
000971095	27608	5202740	3218	3216	1	1	141	31	193	Other	Other	Illumina
000972845	277487	27037660	3371	3361	10	0	15	4	72	Other	Other	Illumina
000978405	19347	91317560	3167	3115	11	41	156	66	197	Other	Other	Illumina
000978805	8410	20082	1797	1762	17	18	1210	358	214	Other	Other	Illumina
001005745	5013	58849	3100	2986	113	1	222	65	151	Other	Other	Illumina
001010145	14534	310513	3284	3278	6	0	91	12	59	Other	Other	Illumina
001013985	1557716	26834081	3323	3264	22	37	48	19	1010	Other	Other	PacBio
001039765	16159	3956354	3160	3147	13	0	181	48	132	Other	Other	Illumina
001077635	10447	647592	2331	2323	8	0	567	487	246	Other	Other	Illumina
001185365	37981	16790024	3223	3212	10	1	92	75	107	Other	Other	Illumina
001262655	20038	405987	3215	3195	6	14	149	23	91	Other	Other	Illumina
001262665	27331	413352	3195	3171	7	17	147	45	89	Other	Other	Illumina
001266775	8097	1098383	3055	3045	10	0	220	110	179	Other	Other	Illumina
001269965	61041	61041	2266	2169	36	61	866	254	234	Other	Other	Illumina
001270105	7872	66838	3127	1700	1422	5	205	58	213	Other	Other	PacBio
001281735	34514	3581248	3221	3216	2	3	126	43	149	Other	Other	Illumina
001292825	373039	74315606	3330	3283	11	36	39	20	163	Other	Other	CLR
001292865	17259	153651326	2558	2550	6	2	370	461	229	Other	Other	Other
001305755	66737	3776412	3323	3296	10	17	56	11	98	Other	Other	Illumina
001305785	1591	364535	2957	2945	9	3	301	130	297	Other	Other	Illumina
001305905	1208	245982	2791	2784	4	3	428	167	356	Other	Other	Illumina
001305995	1380	896668	3012	2995	10	7	247	130	293	Other	Other	Illumina
001420675	26171	1281105	3257	3247	10	0	90	43	125	Other	Other	Illumina
001420745	11334645	11334645	3386	3334	16	36	3	1	73	Other	Other	PacBio
001431845	109237	10060041	3362	3350	12	0	26	2	80	Other	Other	Illumina
001443285	33278	279200	3272	3192	79	1	88	29	81	Other	Other	Illumina
001443325	39840	275316	3278	3184	93	1	85	26	74	Other	Other	Illumina
001443345	11299	29445952	2672	2661	10	1	365	351	182	Other	Other	Illumina
001443585	35120	3122036	3189	3181	2	6	129	72	295	Other	Other	Illumina
001444195	15315838	30550352	3374	3359	14	1	5	11	83	Other	Other	PacBio
001447265	151865	3416708	3350	3346	4	0	25	15	66	Other	Other	Illumina
001447785	29575	707733	3183	3167	10	6	155	52	136	Other	Other	Illumina
001455555	2129	7249	1796	1791	5	0	1145	434	85	Other	Other	Illumina
001458055	65145	868209	3276	3262	14	0	93	19	152	Other	Other	PacBio
001458135	66546	31340621	3315	3242	10	63	54	21	127	Other	Other	Illumina
001465895	19950	15858201	3257	3244	12	1	85	47	93	Other	Other	Illumina
001466805	1488988	2007187	3344	3329	15	0	29	17	171	Other	Other	PacBio
001483285	26451	40490	2388	2370	16	2	773	221	62	Other	Other	Illumina
001483585	42538	7170015	3173	3142	8	23	171	46	133	Other	Other	Illumina
001487895	24356	3091434	3032	3003	27	2	225	132	204	Other	Other	Illumina
001515605	17271	1284143	3336	1414	1915	7	31	23	192	Other	Other	Illumina
001515625	18758	945738	3314	1584	1719	11	47	29	234	Other	Other	Illumina
001515645	29354	1156368	3215	1938	1263	14	123	52	250	Other	Other	Illumina
001522545	148693	71365269	3328	3324	4	0	36	26	74	Other	Other	Illumina
001527695	21948	424052	3194	3151	36	7	122	72	111	Other	Other	Illumina
001549595	1039719	1039719	3272	3226	14	32	103	13	349	Other	Other	PacBio
001549605	916048	916048	3282	3232	19	31	97	10	348	Other	Other	PacBio
001577835	511217	2975000	3373	3368	5	0	9	8	68	Other	Other	Illumina
001593715	81271	1145539	3007	2965	42	0	206	176	139	Other	Other	Illumina
001595765	29777	4315193	3341	3324	5	12	36	13	81	Other	Other	Illumina
001604755	141849	4972619	3303	3296	7	0	62	25	75	Other	Other	Illumina
001604975	41196	5274112	3333	3247	15	71	47	10	124	Other	Other	Illumina
001606085	7355	86641	2837	2483	354	0	443	106	326	Other	Other	Illumina
001624245	63526	1870178	3344	3217	127	0	14	32	72	Other	Other	Illumina
001624255	60472	1625668	3323	3193	128	2	8	59	66	Other	Other	Illumina
001624265	30805	5965175	3322	3190	130	2	44	24	160	Other	Other	Illumina
001624865	17887	131945496	3375	3309	23	43	6	9	67	Other	Other	Illumina
001625485	2255360	2328772	3319	3266	52	1	25	46	62	Other	Other	ONT
001640805	1379868	25538952	3388	3266	120	2	1	1	280	Other	Other	PacBio
001640815	31503	31503	2222	2197	17	8	968	195	102	Other	Other	Illumina
001642345	156470	344655	2984	2965	18	1	274	130	307	Other	Other	CLR
001649575	57646	28170849	3334	3318	16	0	37	19	87	Other	Other	Illumina
001651235	47894	212164	3028	2976	14	38	299	59	97	Other	Other	Illumina
001655095	11055	20629	2257	2255	2	0	898	222	85	Other	Other	Illumina
001655115	5094	7450	1415	1413	2	0	1440	520	61	Other	Other	Illumina
001655135	2938	3610	914	914	0	0	1633	807	47	Other	Other	Illumina
001660625	20961409	29208522	3345	3325	20	0	5	40	61	Other	Other	CLR
001660835	39571	111538	2891	2857	16	18	413	82	119	Other	Other	Illumina
001663605	17868	29984	2513	2505	8	0	615	256	98	Other	Other	PacBio
001663955	16024	111539	2943	2936	7	0	350	92	103	Other	Other	Illumina
001663975	19713	136570856	3324	1929	1388	7	25	41	60	Other	Other	Illumina
001675575	9584	151693	2787	2757	19	11	428	165	219	Other	Other	Illumina
001682695	57732	1440044	3350	3312	36	2	20	19	61	Other	Other	Illumina
001685075	11648	242123	3042	3006	17	19	266	79	271	Other	Other	Illumina
001685095	8259	15246	1825	1801	15	9	1194	356	144	Other	Other	Illumina
001685115	6461	13224	1544	1522	10	12	1358	461	154	Other	Other	Illumina
001685135	38922	204728	2983	2970	8	5	348	57	145	Other	Other	Illumina
001698545	36437	2229159	3285	3214	11	60	82	22	276	Other	Other	Illumina
001698575	23239	8766736	3345	3333	12	0	27	18	187	Other	Other	Illumina
001700135	88831	2441555	3342	3326	10	6	35	13	72	Other	Other	Illumina
001700155	79093	2325000	3331	3320	7	4	49	8	73	Other	Other	Illumina
001700165	102417	1550023	3332	3320	6	6	48	10	64	Other	Other	Illumina
001700195	63263	1248180	3303	3295	3	5	69	17	68	Other	Other	Illumina
001700215	88142	1407841	3323	3314	4	5	53	14	57	Other	Other	Illumina
001700235	70893	1529027	3329	3318	7	4	47	14	61	Other	Other	Illumina
001700255	80611	1663542	3320	3307	7	6	45	25	66	Other	Other	Illumina
001700295	95227	1478908	3328	3316	8	4	52	9	60	Other	Other	Illumina
001700575	94651	1655397	3314	3304	5	5	57	19	61	Other	Other	Illumina
001700915	51426	6373860	3294	3286	4	4	53	43	108	Other	Other	Illumina
001704415	26244591	87277232	3379	3305	9	65	7	4	76	Other	Other	PacBio
001707965	2392	2392	600	597	3	0	1556	1179	151	Other	Other	Illumina
001712695	47865	25272253	3382	3336	9	37	5	3	63	Other	Other	PacBio
001715985	290580	17883582	3244	3239	5	0	97	49	177	Other	Other	PacBio
001723895	34073	84437661	3261	3261	0	0	36	93	56	Other	Other	Illumina
001723915	14799	96076944	3227	3224	3	0	36	127	53	Other	Other	Illumina
001728815	437266	437266	3238	3208	25	5	133	18	532	Other	Other	PacBio
001746935	43576	71386623	3037	3035	2	0	215	138	163	Other	Other	Illumina
001856745	8583694	8583694	3366	3305	26	35	19	5	247	Other	Other	PacBio
001857705	20993	21701857	3380	3354	11	15	9	1	75	Other	Other	Illumina
001858045	2923640	38839487	3383	3364	17	2	2	5	105	Other	Other	PacBio
001870855	47484	12138678	3333	3317	16	0	39	18	71	Other	Other	Illumina
001883655	2695	64190785	3323	3285	9	29	39	28	138	Other	Other	Illumina
001887755	33994	26776924	3173	3171	2	0	52	165	118	Other	Other	Illumina
001887905	5555	63240551	3322	3288	5	29	40	28	121	Other	Other	Illumina
001890085	39863	2328177	3200	3170	8	22	122	67	196	Other	Other	Illumina
001891065	39720	2034572	3282	3258	22	2	53	55	164	Other	Other	Illumina
001904815	30544	3817360	3367	3362	5	0	17	6	165	Other	Other	Illumina
001910765	1901	7676	1594	1587	6	1	1274	503	144	Other	Other	Illumina
001910785	1311	4288	921	916	5	0	1506	936	176	Other	Other	Illumina
001910805	10838	340062	2140	2133	7	0	663	586	358	Other	Other	Illumina
001922835	44302	26555543	2975	2947	7	21	213	201	174	Other	Other	Illumina
001952655	22239	2106322	3345	3331	12	2	29	16	183	Other	Other	Illumina
001970005	36690	10546925	3150	3127	22	1	181	56	108	Other	Other	Illumina
001984765	273954	317708	3051	2994	24	33	274	64	261	Other	Other	PacBio
002002965	72885	92677	3000	2995	5	0	338	51	46	Other	Other	Illumina
002002985	78397	96721	3004	2999	5	0	331	51	49	Other	Other	Illumina
002003005	63728	107660	2793	2761	32	0	490	101	78	Other	Other	CLR
002007445	127687	129245720	3338	3317	8	13	36	16	94	Other	Other	Illumina
002007465	99577	2983736	3313	3261	10	42	65	12	70	Other	Other	Illumina
002021735	1159298	68265700	3382	1791	1584	7	4	4	96	Other	Other	CLR
002022525	110685	15376392	3343	26	3316	1	34	12	73	Other	Other	Illumina
002022805	112062	18692027	3344	20	3324	0	37	9	75	Other	Other	Illumina
002022825	117465	17120567	3344	24	3320	0	33	13	81	Other	Other	Illumina
002022845	116488	16292797	3335	24	3311	0	38	15	78	Other	Other	Illumina
002022865	120932	17665381	3334	23	3310	1	41	14	68	Other	Other	Illumina
002022975	116461	16121017	3335	26	3309	0	40	14	83	Other	Other	Illumina
002023025	103770	15068564	3331	23	3308	0	46	12	77	Other	Other	Illumina
002029285	17937	19987418	3329	3327	2	0	50	10	80	Other	Other	Illumina
002078875	234926	7868035	3371	3370	1	0	11	8	47	Other	Other	Illumina
002102435	122019	850721	3278	3192	9	77	97	15	116	Other	Other	Illumina
002109545	16099	334400	3255	3207	47	1	117	17	104	Other	Other	Illumina
002120245	70439	109974	3111	3107	4	0	243	36	53	Other	Other	Illumina
002163495	13827	1670138	3118	1956	1159	3	175	97	214	Other	Other	Illumina
002166845	35039	5027881	3349	3345	4	0	35	6	76	Other	Other	Illumina
002167245	1043501	7965281	3104	3089	12	3	35	251	137	Other	Other	PacBio
002173435	67731	1719903	3351	3350	1	0	34	5	50	Other	Other	Illumina
002173455	97559	1990987	3355	3333	22	0	25	9	58	Other	Other	Illumina
002173475	100243	4648443	3378	3378	0	0	8	4	51	Other	Other	Illumina
002174335	35201	86910	2912	2889	21	2	377	96	73	Other	Other	Illumina
002189225	10066	187455	2995	2948	17	30	318	73	157	Other	Other	Illumina
002197005	7944	107358006	2994	2963	15	16	261	135	361	Other	Other	Illumina
002197715	100439	2953339	3338	3319	18	1	29	23	79	Other	Other	Illumina
002204375	46546	374687	3201	2981	202	18	140	48	95	Other	Other	Illumina
002207885	19672	791853	3293	3286	7	0	68	29	375	Other	Other	CLR
002215935	76389	10472398	3368	3330	9	29	9	13	73	Other	Other	Illumina
002217815	872227	5610255	3340	3325	14	1	23	27	195	Other	Other	CLR
002218305	154132	1035259	3325	3305	18	2	45	20	61	Other	Other	Illumina
002224875	33496	2077029	3298	3256	40	2	79	13	93	Other	Other	Illumina
002234675	2530934	31218526	3314	3300	13	1	12	64	77	Other	Other	CLR
002260705	249755	5812906	3383	3373	10	0	6	1	60	Other	Other	CLR
002284835	5415	39368	1733	1715	11	7	1015	638	418	Other	Other	Illumina
002288905	244548	38751465	3386	3360	8	18	3	1	64	Other	Other	Illumina
002288925	196689	31183418	3378	3332	16	30	7	5	74	Other	Other	Illumina
002289315	24899	15847591	3374	3370	4	0	9	7	61	Other	Other	Illumina
002305835	388702	3249743	3324	3316	5	3	34	32	64	Other	Other	Illumina
002335545	4003	49031	1714	1694	11	9	1078	586	470	Other	Other	Illumina
002372975	172291	20549776	3367	3351	15	1	18	5	62	Other	Other	Illumina
002406435	34849	1761345	3233	3130	39	64	119	37	255	Other	Other	Illumina
002443075	59950	2844142	3331	3228	15	88	46	11	112	Other	Other	Illumina
002564285	4179	4698	1354	1259	69	26	1262	739	587	Other	Other	Illumina
002564305	4478	4874	1176	1087	69	20	1295	883	612	Other	Other	Illumina
002592135	97462	4974386	3357	3355	2	0	27	6	55	Other	Other	Illumina
002592385	10978	10978	2209	2183	26	0	984	186	50	Other	Other	Illumina
002631895	28585	118346	3048	3042	6	0	292	46	64	Other	Other	Illumina
002723815	7661	472078	3030	2903	126	1	274	82	423	Other	Other	Illumina
002738545	2656	10674	1057	1042	10	5	1525	782	405	Other	Other	Illumina
002742125	2572683	107697089	3382	3261	27	94	3	5	116	Other	Other	PacBio
002743455	88037	74988519	3175	3164	10	1	171	44	106	Other	Other	Illumina
002754865	155284	129239660	3358	3237	20	101	28	4	79	Zoonomia	Other	Illumina
002775205	9181372	31535491	3370	3356	14	0	7	13	71	Other	Other	PacBio
002776465	324210	401715	3312	3261	50	1	57	21	61	Other	Other	ONT
002776525	100421	131283114	3330	3210	43	77	48	12	94	Other	Other	Illumina
002798355	639813	90110113	3371	3366	5	0	10	9	59	Other	Other	PacBio
002814215	51346	1269737	3339	3314	24	1	44	7	73	Other	Other	Illumina
002819105	461652	461652	3187	3101	85	1	76	127	149	Other	Other	PacBio
002831465	19113	153278	2961	1834	1119	8	243	185	182	Other	Other	Illumina
002837175	42877	122182240	3269	3224	14	31	101	20	94	Other	Other	BGI
002844005	21257	283007	2073	2067	6	0	702	609	332	Other	Other	Illumina
002844635	6372407	131458098	3338	3328	5	5	14	38	254	Other	Other	PacBio
002844835	89455	614498	3227	3211	9	7	136	26	67	Other	Other	Illumina
002849675	144184	5538430	3313	3308	5	0	34	43	74	Other	Other	Illumina
002850735	10896	32860	2295	2277	17	1	801	278	102	Other	Other	Illumina
002863925	1502753	87230776	3385	3346	26	13	4	1	61	Other	Other	PacBio
002870145	23132	1191622	3325	3301	22	2	51	14	91	Other	Other	Illumina
002872115	37656	1731158	3324	3215	108	1	38	27	96	Other	Other	Illumina
002872995	133169	1728323	3197	1851	1341	5	108	84	360	Other	Other	PacBio
002880755	12421315	53103722	3376	3313	21	42	8	6	46	Other	Other	CLR
002880775	11074009	98475126	3385	3335	15	35	3	2	56	Other	Other	CLR
002895965	62406	188223	3140	3025	114	1	163	87	515	Other	Other	PacBio
002896415	43735	228109	3187	3178	7	2	123	79	79	Other	Other	Illumina
002897255	2822	4644	1473	1459	14	0	1346	541	98	Other	Other	Illumina
002901085	89121	110915	2886	2884	2	0	414	84	66	Other	Other	Illumina
002901205	105778	16846143	3271	3255	16	0	85	34	90	Other	Other	Illumina
002909625	10597	13160	1796	1791	5	0	1274	301	47	Other	Other	Illumina
002910315	55619	1018695	3098	1956	1140	2	125	166	360	Other	Other	PacBio
002922805	30057	29987720	3328	3310	17	1	35	27	111	Other	Other	Illumina
002925995	76614	24249581	3294	2952	340	2	76	19	76	Other	Other	Illumina
002940915	80278	26869735	3362	3340	4	18	20	8	98	Other	Other	Illumina
002968435	23623	102953489	2877	2849	6	22	53	460	230	Other	Other	Illumina
002993835	14568	3579700	3050	3000	17	33	202	137	2023	Other	Other	Other
002994505	740108	9509606	3326	3311	15	0	14	50	68	Other	Other	PacBio
002995585	34064	110752	2768	2692	34	42	509	108	226	Other	Other	Illumina
003009895	311202	2001327	3367	3330	7	30	20	3	63	Other	Other	Illumina
003031525	86003	6341296	3353	3317	11	25	26	11	105	Other	Other	Illumina
003031625	86564	895074	3303	3292	11	0	64	22	75	Other	Other	Illumina
003033725	134070	15144613	3348	3336	6	6	29	13	74	Other	Other	Illumina
003047355	3123421	38416550	3376	3335	40	1	3	11	129	Other	Other	CLR
003054885	37711	411616	3049	3029	20	0	260	79	199	Other	Other	Illumina
003071005	2838	28296388	3309	3289	8	12	49	32	253	Other	Other	Illumina
003097735	17511	6651460	3247	3242	5	0	100	43	139	Other	Other	Illumina
003118495	94905	94905	2513	2371	100	42	733	140	138	Other	Other	Illumina
003118565	21853	109004681	3064	3053	4	7	238	88	196	Other	Other	Illumina
003121395	22441509	117219835	3388	3337	7	44	2	0	156	Other	Other	CLR
003121645	151569	72289505	2083	2037	17	29	97	1210	116	Other	Other	Illumina
003160815	55450	12472085	3364	3297	18	49	21	5	112	Other	Other	Illumina
003182575	20979	21385	2088	2038	19	31	1010	276	114	Other	Other	Illumina
003182615	376582	15190720	3380	3304	14	62	9	1	66	Other	Other	Illumina
003186165	54836	24811384	3310	3304	6	0	16	64	92	Other	Other	Illumina
003227395	206065	1235788	3338	3256	48	34	44	8	89	Other	Other	Illumina
003231725	2430	3045	1128	1107	21	0	1557	662	285	Other	Other	Illumina
003254725	40716615	64250934	3387	3317	9	61	2	1	79	Other	Other	CLR
003255815	310061	130230028	3359	3274	24	61	21	9	65	Other	Other	Illumina
003258685	47757	2710671	3336	3292	10	34	43	11	68	Other	Other	Illumina
003259725	64091	42147404	3250	3249	1	0	88	52	91	Other	Other	Illumina
003264535	22336	5226289	3198	3195	3	0	136	56	207	Other	Other	Other
003264545	22341	5226396	3200	3196	4	0	136	54	186	Other	Other	Other
003264555	22336	5226338	3196	3194	2	0	141	53	200	Other	Other	Other
003264595	22340	5226391	3203	3201	2	0	133	54	206	Other	Other	Other
003264615	22339	5226675	3198	3196	2	0	139	53	178	Other	Other	Other
003264635	22343	5226700	3202	3198	4	0	134	54	201	Other	Other	Other
003264655	22339	5226231	3198	3193	5	0	137	55	197	Other	Other	Other
003264665	22339	5226628	3198	3196	2	0	139	53	202	Other	Other	Other
003264685	22342	5226246	3197	3196	1	0	136	57	193	Other	Other	Other
003264715	22337	5226395	3199	3196	3	0	138	53	197	Other	Other	Other
003264735	22339	5226263	3198	3196	2	0	137	55	198	Other	Other	Other
003264755	22337	5226340	3203	3201	2	0	134	53	197	Other	Other	Other
003265705	161048	46987914	3380	3252	22	106	7	3	74	Other	Other	Illumina
003286495	23480	69780276	3237	3229	4	4	115	38	140	Other	Other	Illumina
003309015	32411	20611436	2874	2866	8	0	415	96	171	Other	Other	PacBio
003317085	37639	287338	3106	1834	1268	4	173	111	151	Other	Other	Illumina
003327715	27187	100532876	3182	3169	9	4	135	73	170	Zoonomia	Other	ONT
003331165	7084538	32404057	3366	3314	51	1	7	17	144	Other	Other	PacBio
003336285	30868	90211335	3326	3237	15	74	46	18	92	Other	Other	Other
003339765	46608966	82346004	3386	3313	17	56	3	1	75	Other	Other	Other
003342815	126242	3261870	3361	3359	2	0	20	9	57	Other	Other	Illumina
003342835	68142	3903569	3348	3346	2	0	32	10	57	Other	Other	Illumina
003342845	95599	3369196	3356	3355	1	0	26	8	62	Other	Other	Illumina
003342895	165721	3704890	3366	3362	4	0	18	6	54	Other	Other	Illumina
003342905	172131	3305683	3350	3348	2	0	31	9	57	Other	Other	Illumina
003342965	138403	1622467	3345	3344	1	0	38	7	64	Other	Other	Illumina
003342985	120127	1371329	3327	3326	1	0	53	10	54	Other	Other	Illumina
003343005	88762	3949999	3343	3343	0	0	34	13	51	Other	Other	Illumina
003343035	129376	1672276	3354	3354	0	0	30	6	62	Other	Other	Illumina
003344425	27247	189900	2984	2963	14	7	347	55	135	Other	Other	PacBio
003347165	7741	223139	2435	2421	14	0	553	401	350	Other	Other	Illumina
003368295	821153	22763433	3354	1227	2120	7	18	18	182	Other	Other	CLR
003399555	14136	302682	3146	3142	4	0	178	66	168	Other	Other	Illumina
003400225	90121	3265787	3281	3274	7	0	94	15	120	Other	Other	Illumina
003400415	14888	179897795	3019	3012	5	2	178	192	141	Other	Other	Illumina
003402435	20864	1433177	3366	3357	8	1	19	5	104	Other	Other	Other
003402635	18879	467050	3170	3164	6	0	138	81	115	Other	Other	Illumina
003402825	7737654	7737654	3372	2213	1158	1	5	13	114	Other	Other	CLR
003412525	18197	6260519	2872	2854	18	0	322	192	132	Other	Other	Illumina
003413605	38217	1560063	3269	3266	3	0	93	27	157	Other	Other	Illumina
003416845	29992	1126915	3320	3311	9	0	58	12	85	Other	Other	CLR
003426825	641411	987278	3310	3232	77	1	39	40	100	Other	Other	ONT
003426925	91013	3964291	3309	3284	7	18	42	38	83	Other	Other	Illumina
003427335	21276	1963924	3153	3145	7	1	148	88	107	Other	Other	Illumina
003427355	7146	282424	2784	2759	8	17	436	162	99	Other	Other	Illumina
003435085	107959	11324524	3358	3355	3	0	20	12	91	Other	Other	Illumina
003435595	27134	931081	2987	1052	1915	20	322	76	133	Other	Other	Illumina
003457575	18227	2413955	3306	3292	12	2	40	44	50	Other	Other	Illumina
003508835	8002591	8002591	3363	3350	11	2	14	13	1063	Other	Other	CLR
003521335	182701	9008636	3362	3291	20	51	21	7	77	Other	Other	Illumina
003546035	71550	2810030	3251	3246	2	3	72	66	95	Other	Other	Illumina
003573665	257093	257093	3296	1754	1541	1	45	49	263	Other	Other	CLR
003584765	314844	36708181	3378	3325	41	12	8	4	66	Other	Other	Illumina
003586115	500019	55382274	3368	3358	6	4	6	16	50	Other	Other	CLR
003597225	11014	36264158	3259	3098	160	1	101	30	428	Other	Other	Other
003597395	119261	148185065	3382	3377	4	1	3	5	82	Other	Other	PacBio
003601015	8420670	8420670	3367	3303	24	40	13	10	115	Other	Other	CLR
003604245	46102	2991981	3270	3255	11	4	70	49	53	Other	Other	Illumina
003604335	10878	25577	2206	2177	26	3	784	391	113	Other	Other	Illumina
003610055	20318	51932	2823	2811	12	0	452	110	60	Other	Other	Illumina
003650155	38053	19754490	3359	3329	30	0	20	11	100	Other	Other	Illumina
003651195	129889	188026	3191	3111	76	4	139	60	71	Other	Other	PacBio
003665695	37141	613956	3293	3275	17	1	71	25	165	Other	Other	Illumina
003668045	2711962	274391693	3374	3338	14	22	10	6	57	Other	Other	Illumina
003671635	62522	14288580	3175	3158	17	0	103	112	136	Other	Other	Illumina
003676055	137954	17126938	3276	3230	45	1	74	40	74	Other	Other	Illumina
003676075	143798	11407078	3367	3271	21	75	14	9	59	Other	Other	Illumina
003676395	255779	28371583	3378	3330	12	36	9	3	76	Other	Other	Illumina
003692655	6124600	25954216	3364	3318	45	1	6	20	200	Other	Other	PacBio
003697955	189165	3136279	3362	3359	3	0	24	4	61	Other	Other	Illumina
003697985	9488	9678	1290	1225	32	33	1427	638	206	Other	Other	Illumina
003697995	37750	54556	2180	2153	18	9	944	258	111	Other	Other	Illumina
003704035	30111	115033041	3351	3292	17	42	24	15	89	Other	Other	Illumina
003704135	13217	117603569	3357	3310	8	39	20	13	86	Other	Other	Illumina
003709585	179924	48500042	3378	18	3360	0	10	2	67	Other	Other	Illumina
003711565	4357567	15676631	3326	3309	16	1	18	46	146	Other	Other	CLR
003711585	1327071	29200035	3331	3052	279	0	18	41	411	Other	Other	CLR
003713215	415330	3264865	3344	3339	4	1	29	17	65	Other	Other	Illumina
003713265	96622	882045	3286	3281	3	2	79	24	84	Other	Other	Illumina
003713285	241639	6488714	3339	3335	3	1	31	20	60	Other	Other	Illumina
003713295	432029	3066654	3345	3336	8	1	24	21	56	Other	Other	Illumina
003713305	465502	3187586	3334	3330	2	2	31	24	52	Other	Other	Illumina
003724035	980445	3653474	3297	3266	30	1	28	64	266	Other	Other	Illumina
003731715	36058	4459447	3336	3306	28	2	36	18	79	Other	Other	Illumina
003774525	391273	1291016	3322	3220	12	90	49	19	90	Other	Other	PacBio
003798545	172761	20764858	3379	3256	23	100	4	7	90	Other	Other	Illumina
003829775	75757	71317294	3289	3284	3	2	57	44	91	Other	Other	Illumina
003845795	2833482	27849869	3342	3100	242	0	14	34	588	Other	Other	CLR
003846335	74338	32628679	3301	3240	40	21	71	18	58	Other	Other	Illumina
003850225	36811	76129154	3206	3192	13	1	49	135	181	Other	Other	PacBio
003935095	11580	12691	2653	2638	15	0	549	180	86	Other	Other	Illumina
003942145	213602	7221511	3378	3370	5	3	10	2	58	Other	Other	Illumina
003945595	1677444	2585899	3332	3319	12	1	25	33	50	Other	Other	PacBio
003945725	262501	12385833	3335	3327	8	0	36	18	72	Other	Other	Illumina
003945745	19498	1579191	3249	3198	19	32	81	60	204	Other	Other	Illumina
003947215	208912	13267695	3338	3161	177	0	40	12	50	Other	Other	Illumina
003957565	8964551	70982421	3359	3352	6	1	6	25	72	Other	Other	CLR
003984885	237029	10517223	3337	16	3321	0	37	16	79	Other	Other	Illumina
003987875	24893	361123	3092	3064	27	1	159	136	120	Other	Other	Illumina
003993805	36551	99457149	3097	3095	2	0	203	90	105	Other	Other	Illumina
003999625	3558013	35390520	3348	3328	20	0	19	23	293	Other	Other	CLR
004006655	1694657	26315040	3251	2936	311	4	42	97	196	Other	Other	Other
004010195	37239	72140027	3244	3236	6	2	87	58	61	Other	Other	BGI
004011555	94545	2603917	3341	1314	2024	3	30	19	145	Other	Other	Illumina
004011575	59678	1596048	3345	1428	1911	6	31	14	118	Other	Other	Illumina
004011595	36306	898640	3316	1519	1790	7	50	24	149	Other	Other	Illumina
004023545	42653	22343975	2541	2517	24	0	104	745	134	Other	Other	BGI
004023745	10462	96778	2657	2654	3	0	610	118	74	Other	Other	Illumina
004023785	180702	236501	3066	3030	9	27	272	48	76	Zoonomia	Other	Illumina
004023805	62836	116574	2750	2737	7	6	540	89	91	Zoonomia	Other	Illumina
004023825	73976	102053	2905	2830	14	61	410	72	109	Zoonomia	Other	Illumina
004023845	113567	179119	2918	2873	10	35	405	62	84	Zoonomia	Other	Illumina
004023865	52833	64640	2582	2523	14	45	682	121	108	Zoonomia	Other	Illumina
004023885	128639	173473	3011	2971	8	32	322	54	70	Zoonomia	Other	Illumina
004023905	148487	186735	2995	2943	12	40	339	51	71	Zoonomia	Other	Illumina
004023925	16007	18631	1425	1417	4	4	1461	475	144	Zoonomia	Other	Illumina
004023945	51677	66490	2488	2456	9	23	731	157	87	Zoonomia	Other	Illumina
004023965	63054	85970	2640	2612	4	24	622	120	88	Zoonomia	Other	Illumina
004024565	90567	132377	3005	2875	21	109	331	53	95	Zoonomia	Other	Illumina
004024585	62870	71823	2551	2532	9	10	690	141	93	Zoonomia	Other	Illumina
004024605	90879	119023	2896	2865	3	28	432	56	74	Zoonomia	Other	Illumina
004024625	50213	59143	2767	2730	9	28	524	90	89	Zoonomia	Other	Illumina
004024645	60596	79947	2420	2345	22	53	789	178	155	Zoonomia	Other	Illumina
004024665	158439	215715	3012	2960	17	35	331	43	76	Zoonomia	Other	Illumina
004024685	30710	36811	2323	2284	12	27	836	213	98	Zoonomia	Other	Illumina
004024705	34785	11728851	3374	3285	22	67	13	3	85	Zoonomia	Other	Illumina
004024725	90923	118572	2814	2745	14	55	479	88	97	Zoonomia	Other	Illumina
004024745	65965	19204659	3366	3353	7	6	17	7	65	Zoonomia	Other	Illumina
004024765	23350	26350	2262	2205	16	41	852	258	146	Zoonomia	Other	Illumina
004024785	59033	73111	2576	2511	16	49	664	142	130	Zoonomia	Other	Illumina
004024805	64054	83865	2680	2609	12	59	589	116	90	Zoonomia	Other	Illumina
004024825	51434	68569	2615	2522	21	72	647	120	104	Zoonomia	Other	Illumina
004024845	141649	165561	3001	2986	7	8	320	67	67	Zoonomia	Other	Illumina
004024865	100260	125332	3016	3012	4	0	307	64	63	Zoonomia	Other	Illumina
004024885	53787	65636	2746	2598	31	117	524	113	168	Zoonomia	Other	Illumina
004024905	225792	308930	2931	2918	8	5	395	59	53	Zoonomia	Other	Illumina
004024925	72421	94879	2896	2883	5	8	412	78	70	Zoonomia	Other	Illumina
004024945	43618	55035	2147	2131	5	11	872	358	72	Zoonomia	Other	Illumina
004024965	80230	14082842	3355	3260	19	76	26	9	78	Zoonomia	Other	Illumina
004024985	6406	6453	1074	1043	9	22	1534	739	195	Zoonomia	Other	Illumina
004025005	22617	24311	2268	2214	27	27	869	245	158	Zoonomia	Other	Illumina
004025025	164193	186384	2827	2820	4	3	478	81	57	Zoonomia	Other	Illumina
004025045	67983	101373	2990	2818	32	140	335	64	83	Zoonomia	Other	Illumina
004025065	25064	29955	1966	1890	26	50	1101	303	192	Zoonomia	Other	Illumina
004025085	18955	21523	2006	1987	7	12	1057	305	136	Zoonomia	Other	Illumina
004025105	18654	19789	2202	2048	66	88	903	267	305	Zoonomia	Other	Illumina
004026145	1312995	16785490	3268	3055	212	1	38	84	554	Other	Other	CLR
004026225	2627	2627	1029	951	55	23	1365	959	520	Zoonomia	Other	Illumina
004026525	82539	108707	3033	3016	5	12	302	54	65	Zoonomia	Other	Illumina
004026545	142682	156292	3069	3057	10	2	270	47	75	Zoonomia	Other	Illumina
004026565	77671	89062	2878	2752	13	113	425	82	86	Zoonomia	Other	Illumina
004026585	135651	191494	3039	2953	14	72	299	50	111	Zoonomia	Other	Illumina
004026605	73746	89093	2853	2799	12	42	439	94	65	Zoonomia	Other	Illumina
004026625	26707	33992	2209	2142	43	24	929	231	114	Zoonomia	Other	Illumina
004026645	63292	83104	2679	2604	15	60	586	115	125	Zoonomia	Other	Illumina
004026665	23400	26051	2154	2109	18	27	964	254	157	Zoonomia	Other	Illumina
004026685	67024	86766	2646	2599	13	34	616	115	115	Zoonomia	Other	Illumina
004026705	56946	65143	2248	2176	19	53	903	226	209	Zoonomia	Other	Illumina
004026725	18287	20878	2222	2197	9	16	922	229	108	Zoonomia	Other	Illumina
004026745	36434	41255	2357	2284	33	40	819	203	268	Zoonomia	Other	Illumina
004026765	62961	68868	2693	2650	17	26	566	123	116	Zoonomia	Other	Illumina
004026785	69839	100883	3082	3033	28	21	248	58	77	Zoonomia	Other	Illumina
004026805	35165	38543	2304	1714	561	29	874	204	144	Zoonomia	Other	Illumina
004026825	66552	85340	2860	2763	21	76	430	100	101	Zoonomia	Other	Illumina
004026855	15057	16725	1756	1683	24	49	1212	399	215	Zoonomia	Other	Illumina
004026885	71674	96489	3093	3066	7	20	236	57	82	Zoonomia	Other	Illumina
004026905	57102	64768	2777	2729	15	33	512	97	120	Zoonomia	Other	Illumina
004026945	55973	69397	2738	2646	16	76	537	109	104	Zoonomia	Other	Illumina
004026965	29916	35766	2282	2251	12	19	883	212	101	Zoonomia	Other	Illumina
004026985	19322	21824	2173	2089	26	58	943	253	194	Zoonomia	Other	Illumina
004027005	44294	59013	2518	2460	16	42	697	164	136	Zoonomia	Other	Illumina
004027025	28446	35982	2256	2124	56	76	872	254	283	Zoonomia	Other	Illumina
004027045	70965	88921	2744	2698	12	34	545	93	115	Zoonomia	Other	Illumina
004027065	76609	4444377	3362	3220	28	114	27	1	85	Zoonomia	Other	Illumina
004027085	28959	33532	2392	2309	18	65	808	182	140	Zoonomia	Other	Illumina
004027105	34532	44943	2182	2084	26	72	945	242	181	Zoonomia	Other	Illumina
004027145	298834	379919	3217	3193	7	17	152	19	68	Zoonomia	Other	Illumina
004027165	37562	49073	2651	2457	57	137	584	150	254	Zoonomia	Other	Illumina
004027185	26062	30338	1888	1849	15	24	1165	321	165	Zoonomia	Other	Illumina
004027205	218543	354548	3222	3209	10	3	133	33	65	Zoonomia	Other	Illumina
004027255	34666	7885395	3350	3304	10	36	35	3	88	Zoonomia	Other	Illumina
004027275	21310	22561	1965	1929	16	20	1118	293	137	Zoonomia	Other	Illumina
004027295	27983	31026	2522	2489	17	16	704	157	92	Zoonomia	Other	Illumina
004027315	91002	14664201	3377	3361	6	10	8	5	59	Zoonomia	Other	Illumina
004027335	28523	34535	2235	2169	17	49	965	181	167	Zoonomia	Other	Illumina
004027355	16488	17713	2165	1877	95	193	917	293	378	Zoonomia	Other	Illumina
004027375	338389	453401	3171	3162	9	0	181	37	68	Zoonomia	Other	Illumina
004027395	100144	157754	3046	2979	7	60	293	46	89	Zoonomia	Other	Illumina
004027435	32365	35347	2395	2368	15	12	787	199	115	Zoonomia	Other	Illumina
004027455	148451	202224	3109	3089	12	8	219	60	69	Zoonomia	Other	Illumina
004027475	143417	185021	3067	3048	13	6	259	61	76	Zoonomia	Other	Illumina
004027495	57444	69303	2664	2628	8	28	593	122	86	Zoonomia	Other	Illumina
004027515	61698	18845065	3377	3197	33	147	8	5	85	Zoonomia	Other	Illumina
004027535	42476	65411	2576	2535	15	26	655	149	77	Zoonomia	Other	Illumina
004027555	23218	25762	2264	2232	7	25	888	227	112	Zoonomia	Other	Illumina
004027575	80761	110049	2954	2946	6	2	353	78	39	Zoonomia	Other	Illumina
004027595	64805	77918	2826	2781	11	34	460	97	102	Zoonomia	Other	Illumina
004027615	9789	10270	1691	1642	21	28	1253	420	231	Zoonomia	Other	Illumina
004027635	4927	4929	985	945	25	15	1480	893	223	Zoonomia	Other	Illumina
004027655	22138	28463	1980	1915	29	36	1031	364	167	Zoonomia	Other	Illumina
004027675	49369	55723	2680	2633	17	30	589	115	100	Zoonomia	Other	Illumina
004027695	64807	91436	2948	2921	12	15	372	66	68	Zoonomia	Other	Illumina
004027715	41149	46445	2316	2254	15	47	858	203	182	Zoonomia	Other	Illumina
004027735	10341	10739	1688	1661	18	9	1242	433	160	Zoonomia	Other	Illumina
004027755	25652	31156	2045	1943	35	67	1043	278	230	Zoonomia	Other	Illumina
004027775	1900	1900	1234	1181	44	9	929	1221	448	Zoonomia	Other	Illumina
004027835	51304	72427	2507	2356	35	116	703	171	172	Zoonomia	Other	Illumina
004027855	7167	7289	1576	1485	50	41	1253	531	420	Zoonomia	Other	Illumina
004027875	33245	37811	2509	2472	10	27	725	149	130	Zoonomia	Other	Illumina
004027895	30651	36308	2102	2058	16	28	986	281	182	Zoonomia	Other	Illumina
004027915	4080	4081	1751	1649	63	39	1069	546	382	Zoonomia	Other	Illumina
004027935	6444	6492	1713	1604	66	43	1177	478	471	Zoonomia	Other	Illumina
004027955	1606	1606	1072	990	54	28	1424	859	506	Zoonomia	Other	Illumina
004028035	242372	14018600	3366	3214	41	111	18	6	74	Other	Other	Illumina
004028445	2738	4199	1023	1017	6	0	1612	717	35	Other	Other	Illumina
004028625	47152	247606	2817	2738	43	36	448	119	98	Other	Other	Illumina
004028665	268459	25018904	3358	3341	17	0	6	26	54	Other	Other	Illumina
004115125	113295	838758	3266	3202	10	54	101	23	128	Other	Other	Illumina
004119895	24377	219750	2915	1898	1008	9	349	122	181	Other	Other	Illumina
004119915	1098566	35919243	3316	2356	959	1	16	58	286	Other	Other	CLR
004120215	522833	1959535	3261	2232	1028	1	18	111	76	Other	Other	PacBio
004124795	2273	2931	1151	1143	6	2	1458	752	54	Other	Other	Illumina
004143745	197843	10682894	3364	3363	1	0	14	12	51	Other	Other	Illumina
004193235	4840	83012	2913	2893	19	1	373	103	262	Other	Other	Illumina
004216515	61225	7494581	3093	3025	15	53	47	250	124	Other	Other	Illumina
004319985	18545	18937	2219	2211	7	1	880	280	48	Other	Other	Illumina
004320005	7411	59810	2709	2706	2	1	449	223	179	Other	Other	Illumina
004320025	35581	39330	2600	2597	3	0	591	186	72	Other	Other	PacBio
004320125	61187	124759	2907	2906	1	0	408	72	52	Other	Other	Illumina
004320145	35336	91241	3005	3003	2	0	328	54	60	Other	Other	Illumina
004320165	18451	20195	2042	2036	3	3	999	324	67	Other	Other	Illumina
004320185	53802	120761	3002	2999	3	0	335	49	53	Other	Other	Illumina
004320205	56225	63289	2779	2777	1	1	524	78	44	Other	Other	Illumina
004320225	65049	85182	2902	2899	3	0	431	57	52	Other	Other	Illumina
004329175	1092	64157	2771	2743	26	2	400	208	190	Other	Other	Illumina
004329235	714612	92398148	3321	3280	32	9	28	41	148	Other	Other	CLR
004329385	12321	9138802	3335	3301	8	26	38	17	155	Other	Other	Illumina
004335315	14246	14246	2201	2191	9	1	930	241	67	Other	Other	Illumina
004335335	16662	16662	2244	2235	9	0	878	260	66	Other	Other	Illumina
004335365	11290	11290	2036	2031	4	1	1047	294	67	Other	Other	Illumina
004335475	523845	976167	3177	2717	458	2	75	138	346	Other	Other	CLR
004348095	3258597	3258597	3348	3336	11	1	17	25	105	Other	Other	CLR
004348135	1303079	1303079	3324	3314	9	1	29	37	99	Other	Other	CLR
004348235	283887	41024070	3377	3318	17	42	11	2	79	Other	Other	Illumina
004348285	31777	32985317	3200	1980	1219	1	105	84	200	Other	Other	PacBio
004352675	1388081	28417984	3331	3052	279	0	18	41	411	Other	Other	CLR
004354835	4268950	37412490	3367	3361	6	0	11	12	94	Other	Other	ONT
004355925	41757	5717598	3137	3103	34	0	170	81	92	Other	Other	Illumina
004358465	31240	5092707	2959	2920	39	0	273	155	108	Other	Other	Illumina
004360235	17886166	17886166	3368	3362	6	0	7	15	93	Other	Other	ONT
004361675	819	102339471	3248	3228	18	2	94	48	299	Other	Other	Illumina
004363415	68559	94414	2819	2736	19	64	458	103	128	Zoonomia	Other	Illumina
004363435	20879	23933	1970	1893	33	44	1102	300	204	Zoonomia	Other	Illumina
004363455	34866	39813	2521	2430	29	62	712	147	146	Zoonomia	Other	Illumina
004363475	17686	24714	2227	2159	25	43	913	229	166	Zoonomia	Other	Illumina
004363495	89111	115969	2912	2871	11	30	409	66	91	Zoonomia	Other	Illumina
004363515	24570	26707	2311	2271	17	23	830	233	178	Zoonomia	Other	Illumina
004363535	38650	43703	2405	2361	35	9	783	183	149	Zoonomia	Other	Illumina
004363575	236847	407682	3204	3196	8	0	160	24	66	Zoonomia	Other	Illumina
004363605	26447	28620	2271	2223	27	21	869	234	137	Zoonomia	Other	Illumina
004363705	26201	28812	2230	2185	15	30	910	231	158	Zoonomia	Other	Illumina
004363935	2541	2541	1232	1201	16	15	983	1160	266	Zoonomia	Other	Illumina
004364475	3606	3608	1347	1308	19	20	1392	617	222	Zoonomia	Other	Illumina
004365145	20354	22965	1907	1889	4	14	1170	294	134	Zoonomia	Other	Illumina
004365215	3890	3892	1167	1124	25	18	1514	664	264	Zoonomia	Other	Illumina
004368595	164884	1590265	2693	2630	27	36	421	271	120	Other	Other	Illumina
004634155	3396779	37550661	3381	3342	38	1	2	7	51	Other	Other	PacBio
004664715	3487364	114273790	3342	3233	36	73	7	41	184	Other	Other	PacBio
004764525	2130	314181	3046	3030	16	0	265	77	368	Other	Other	Illumina
004765945	23744	9929315	3335	3301	14	20	39	16	82	Zoonomia	Other	Other
004785775	51731	8094907	3351	3236	30	85	24	15	73	Other	Other	Illumina
004786185	11786852	27759500	3389	3374	15	0	1	0	65	Other	Other	CLR
004786255	30445	157522388	3159	3146	12	1	124	107	151	Other	Other	Illumina
004794615	25038	6957949	3276	3241	11	24	85	29	219	Other	Other	Illumina
004798865	189463	23831982	3330	3322	8	0	27	33	52	Other	Other	PacBio
004802615	21683	3577924	3364	3311	12	41	22	4	130	Other	Other	Illumina
004802775	14739	1775308	2964	2941	21	2	267	157	247	Other	Other	Illumina
004886185	3131423	61087166	3362	3266	30	66	18	10	145	Other	Other	PacBio
004916995	17211	25942274	3050	3039	11	0	180	160	179	Other	Other	CLR
005024645	3973280	3973280	3325	3028	296	1	17	48	108	Other	Other	PacBio
005125345	10044	1483363	3299	3257	9	33	69	22	111	Other	Other	Illumina
005280165	102162	1497034	3236	3163	25	48	73	81	81	Other	Other	Illumina
005281545	159800	46227939	3365	3339	26	0	19	6	61	Other	Other	BGI
005406085	20431	214455	2926	2909	13	4	401	59	101	Other	Other	ONT
005408345	536000	28738889	3364	3348	16	0	15	10	50	Other	Other	ONT
005444595	4722218	64204256	3384	3306	9	69	2	4	159	Other	Other	CLR
005453305	8424208	8424208	3374	3292	30	52	12	4	292	Other	Other	CLR
005458795	11502	1590947	3192	3123	15	54	143	55	174	Other	Other	Illumina
005519975	103131	190304	2721	2582	138	1	501	166	488	Other	Other	ONT
005784505	1854961	3129371	3281	3261	19	1	33	76	225	Other	Other	PacBio
005870065	60340	1102239	3368	3353	15	0	18	4	71	Other	Other	Illumina
005870125	100423	71975342	3343	3326	16	1	24	23	80	Other	Other	Illumina
005887515	44716738	114386978	3309	3257	9	43	11	70	261	Other	Other	ONT
005890655	3500535	3849570	3321	3313	8	0	34	35	1547	Other	Other	CLR
006030095	2549348	2872994	3332	3296	36	0	15	43	351	Other	Other	PacBio
006130075	220846	15516710	3357	3350	7	0	29	4	68	Other	Other	Illumina
006149115	330763	1063416	2993	1798	1191	4	196	199	143	Other	Other	PacBio
006182925	3108829	25015410	3369	3352	17	0	11	10	377	Other	Other	PacBio
006229135	120377	10094206	3342	3332	10	0	40	8	65	Other	Other	Illumina
006229165	38090	3715221	3322	3267	55	0	45	22	571	Other	Other	Illumina
006229185	32541	312209	3146	3133	13	0	169	72	310	Other	Other	Illumina
006229205	75409	141453419	3329	3275	14	40	49	12	114	DNAZoo	Other	Illumina
006232265	24675	491022	2937	2917	20	0	328	119	506	Other	Other	Illumina
006232285	32252	401650	3159	3146	13	0	169	62	211	Other	Other	Illumina
006346445	27893	25168265	3345	3328	17	0	32	13	93	Other	Other	Illumina
006346465	45259	5929382	3372	3360	12	0	13	5	104	Other	Other	Illumina
006348945	9903	375216	2712	2702	9	1	437	238	213	Other	Other	Illumina
006352315	11787	937113	3100	2951	148	1	218	72	356	Other	Other	Illumina
006386435	76174	43431032	3357	3345	11	1	24	9	71	Other	Other	BGI
006408465	39627	3769372	3283	3169	16	98	77	30	142	Other	Other	Illumina
006408485	8265	1305444	3275	3156	63	56	71	44	330	Other	Other	CLR
006408505	38843	1166796	3294	3234	38	22	83	13	103	Other	Other	Illumina
006408525	72382	1221377	3302	3240	11	51	64	24	127	Other	Other	Illumina
006408545	889	12034	253	252	1	0	1179	1930	247	Other	Other	Illumina
006408565	25056	3153258	3343	3294	13	36	37	10	160	Other	Other	Illumina
006408585	42749	694905	2989	2927	39	23	322	74	191	Other	Other	Illumina
006408615	70608	366224	3199	3174	10	15	153	36	118	Other	Other	Illumina
006408635	7454	528456	2910	2835	32	43	335	139	342	Other	Other	Illumina
006408655	13850	243497	2386	2321	43	22	756	242	391	Other	Other	Illumina
006408675	27722	27730	2067	2039	13	15	1026	287	789	Other	Other	Illumina
006408695	82459	344542	2925	2860	14	51	370	94	1112	Other	Other	Illumina
006408735	9720	583330	2984	2898	49	37	308	95	277	Other	Other	Illumina
006408755	137476	1581717	3320	3247	10	63	50	19	116	Other	Other	Illumina
006408785	52316	2316376	3282	3230	18	34	78	30	102	Other	Other	Illumina
006409035	23470	1258210	3279	3217	12	50	93	18	158	Other	Other	Illumina
006410495	28350	890554	2931	2817	34	80	341	115	266	Other	Other	Illumina
006410515	10405	5522907	3256	3212	4	40	97	37	195	Other	Other	Illumina
006410535	62351	3126223	3347	3255	45	47	31	12	121	Other	Other	Illumina
006410555	380983	61905114	1977	1947	14	16	63	1350	118	Other	Other	Illumina
006410575	19456	1566830	3249	3198	19	32	82	59	204	Other	Other	Illumina
006410595	46562	5620092	3279	3220	8	51	76	34	143	Other	Other	Illumina
006410615	59277	952090	2796	2746	22	28	419	169	244	Other	Other	Illumina
006410635	61368	365466	3083	3022	35	26	255	51	125	Other	Other	Illumina
006410655	26169	779552	3229	3172	23	34	141	18	115	Other	Other	Illumina
006410675	42127	339390	2924	2829	69	26	383	81	166	Other	Other	Illumina
006410695	11377	383899	2581	2519	55	7	566	241	323	Other	Other	Illumina
006410715	23473	9763901	3189	3152	29	8	156	45	124	Other	Other	Illumina
006410735	25050	537161	2510	2440	54	16	586	291	341	Other	Other	Illumina
006410755	1974	12574	1610	1594	6	10	1260	494	201	Other	Other	Illumina
006410775	12858	1775046	2642	2538	66	38	564	181	271	Other	Other	Illumina
006410795	33649	511483	3078	2996	21	61	239	69	167	Other	Other	Illumina
006410875	30751	363895	2433	2367	43	23	703	247	305	Other	Other	Illumina
006410935	39282	423407	2707	2648	17	42	501	174	147	Other	Other	Illumina
006411685	1286	7367	1206	1196	7	3	1428	721	208	Other	Other	Illumina
006416875	1262	1262	543	535	5	3	1475	1333	212	Other	Other	Illumina
006417275	1259	1259	511	503	5	3	1472	1364	216	Other	Other	Illumina
006459085	57706	2509225	3314	3200	27	87	53	22	131	Other	Other	Illumina
006459105	131446	13818975	3366	3276	12	78	19	5	109	Other	Other	Illumina
006461725	3769	100428	1716	1605	81	30	1086	579	458	Other	Other	Illumina
006511355	594997	142372574	3351	3340	7	4	3	36	80	Other	Other	Illumina
006542625	12782853	35886894	3383	3324	22	37	1	6	53	Other	Other	CLR
006547105	45261	120030	2794	2782	10	2	491	100	60	Other	Other	Illumina
006547115	118744	16680019	3346	3303	12	31	34	10	62	Other	Other	Illumina
006547405	332801	18102937	3371	3311	15	45	10	8	72	Other	Other	Illumina
006937325	824	3350051	3172	3171	1	0	159	59	381	Other	Other	Illumina
006937955	76641	3173794	3337	3324	13	0	30	23	85	Other	Other	Illumina
006937965	52012	1656350	3300	3276	24	0	52	38	92	Other	Other	Illumina
006937985	119465	1435212	3318	3285	31	2	42	30	93	Other	Other	Illumina
006942095	22234	1178460	3281	3246	34	1	63	46	98	Other	Other	Illumina
006942125	45501	4586323	3369	3309	10	50	17	4	95	Other	Other	Illumina
007115625	90869	79047965	3334	3329	3	2	35	21	130	Other	Other	PacBio
007210695	2817412	2817412	3339	3293	45	1	14	37	737	Other	Other	PacBio
007224835	133131	340819	3142	3075	67	0	118	129	119	Other	Other	ONT
007252995	20903	1810786	3343	3329	11	3	31	16	57	Other	Other	PacBio
007455595	51221	114768	2981	2892	15	74	330	70	58	Other	Other	Illumina
007455615	34797	52876	2722	2594	32	96	536	127	89	Other	Other	Illumina
007556475	26333	379821	3222	3214	4	4	123	45	62	Other	Other	Illumina
007565055	5723610	144559847	3372	3253	29	90	9	9	83	Other	Other	CLR
007570765	45091	4131188	3153	2971	102	80	200	35	157	Other	Other	Illumina
007570785	220431	18739554	3372	3197	21	154	13	5	82	Other	Other	Illumina
007636935	61330	82853	2952	2894	56	2	347	81	241	Other	Other	CLR
007644095	1009524	140438739	3369	3353	10	6	11	10	55	Other	Other	PacBio
007646595	90625	16589160	3357	3290	11	56	29	4	85	Other	Other	Illumina
007760645	113766	19436979	3374	3306	25	43	9	7	93	Other	Other	Illumina
007821485	3421995	3421995	3345	3288	23	34	18	27	151	Other	Other	CLR
007827085	8224858	115047232	3364	3295	24	45	8	18	96	Other	Other	PacBio
007844225	64912	25259361	3290	3173	114	3	67	33	93	Other	Other	Illumina
007844535	794011	794011	3343	3302	40	1	32	15	116	Other	Other	ONT
007844835	28709	1003348	3194	2807	358	29	160	33	159	Other	Other	PacBio
007859595	37135	23221552	3251	3246	5	0	91	48	75	Other	Other	Illumina
007896545	46411	27459464	3343	3334	9	0	30	17	89	Other	Other	Illumina
007922155	146430	46415247	3362	3214	148	0	22	6	63	Other	Other	Illumina
007922165	80593	21135443	3305	3020	270	15	63	22	52	Other	Other	Illumina
007922175	74864	14055032	3346	3320	23	3	37	7	57	Other	Other	Illumina
007922185	116202	45881824	3341	3119	221	1	36	13	59	Other	Other	Illumina
007922195	134824	37101370	3363	3340	22	1	20	7	45	Other	Other	Illumina
007922225	350989	44759016	3375	3295	78	2	11	4	52	Other	Other	Illumina
007922305	183958	34365009	3364	3306	56	2	16	10	42	Other	Other	Illumina
007922735	127195	156956	3098	3040	14	44	249	39	93	Zoonomia	Other	Illumina
007922755	54009	74432	2780	2755	9	16	504	101	78	Zoonomia	Other	Illumina
007922775	13442	13958	1777	1547	171	59	1240	357	190	Zoonomia	Other	Illumina
007922795	14267	15095	1828	1682	77	69	1149	392	236	Zoonomia	Other	Illumina
007922815	16404	16948	2405	2361	21	23	721	252	169	Zoonomia	Other	Illumina
007927625	1632759	2096086	3015	2976	38	1	57	318	469	Other	Other	PacBio
007988765	20124	7751297	3160	3145	2	13	163	67	150	Other	Other	Illumina
008033365	10773	15139	1967	1967	0	0	1078	332	81	Other	Other	Illumina
008058575	8187455	148403059	3388	3303	30	55	1	1	161	Other	Other	CLR
008065235	20033786	20033786	3381	3320	23	38	4	5	106	Other	Other	CLR
008086565	122955	155821	3292	2795	497	0	82	16	99	Other	Other	Illumina
008086735	34905	48318266	3164	3133	4	27	126	100	151	Other	Other	Illumina
008087265	5507153	6717604	3330	3309	21	0	10	50	115	Other	Other	PacBio
008122165	9522971	26116462	3300	3235	26	39	31	59	61	Other	Other	CLR
008131255	58685	500041	3209	3168	18	23	127	51	87	Other	Other	Illumina
008269305	11851	11851	2255	2249	5	1	910	218	49	Other	Other	Illumina
008315115	6663498	41060379	3377	3351	26	0	5	8	59	Other	Other	PacBio
008360985	243852	252501	3249	3243	5	1	119	22	68	Other	Other	ONT
008369825	2833080	24885746	3332	3251	80	1	11	47	112	Other	Other	CLR
008583285	3228826	3228826	3368	3309	23	36	14	8	113	Other	Other	CLR
008586565	28180	991358	2964	2910	53	1	304	118	148	Other	Other	Illumina
008632895	30483	118621203	3339	3293	8	38	30	21	75	Other	Other	Illumina
008641055	20914347	64346267	3388	3310	12	66	1	1	73	Other	Other	PacBio
008692095	26023	30497795	3170	3066	103	1	25	195	135	Other	Other	PacBio
008692375	416828	50576722	3169	2982	184	3	118	103	102	Other	Other	CLR
008692595	106817	66825924	3318	3317	1	0	34	38	86	Other	Other	Illumina
008692635	97873	7236831	3339	3309	4	26	35	16	156	Other	Other	Illumina
008694505	194313	15643638	3336	3331	3	2	29	25	77	Other	Other	Illumina
008711295	129786	3290793	3350	3350	0	0	36	4	52	Other	Other	Illumina
008728515	1465768	140185856	3327	3207	57	63	14	49	85	Other	Other	ONT
008729295	897070	33285428	3151	3105	46	0	155	81	125	Other	Other	PacBio
008746955	11467013	77626585	3375	3331	43	1	5	10	539	Other	Other	CLR
008750895	73499	75843	2549	2467	24	58	690	143	151	Other	Other	Illumina
008750915	38130	38968	2206	2098	32	76	972	192	172	Other	Other	Illumina
008750935	29527	30039	2065	1957	32	76	1047	263	175	Other	Other	Illumina
008750955	15314	15314	1887	1745	82	60	1161	317	208	Other	Other	Illumina
008750975	21473	21495	1699	1635	26	38	1284	385	208	Other	Other	Illumina
008750995	16653	16816	1832	1721	55	56	1204	325	192	Other	Other	Illumina
008782695	215534	682452208	3363	3287	11	65	20	7	77	Other	Other	Illumina
008787405	225142	94101870	3347	3264	13	70	34	9	80	Other	Other	Illumina
008795835	286703	136051765	3370	3345	5	20	14	5	77	Other	Other	ONT
008795845	4493	871016	3004	2962	10	32	281	105	461	Other	Other	Illumina
008921705	93678	1937420	3156	3144	12	0	94	140	96	Other	Other	Illumina
008931205	41653	1354400	3287	3224	12	51	87	15	154	Other	Other	Illumina
008933995	3802431	9689676	3371	3249	122	0	14	5	72	Other	Other	BGI
009069565	34411	516799	3302	1601	1696	5	61	27	151	Other	Other	Illumina
009078355	16187036	26458119	3327	3308	19	0	13	50	179	Other	Other	ONT
009176245	5458584	7922002	3270	3175	95	0	26	94	1066	Other	Other	PacBio
009176485	30131366	30131366	3362	3305	21	36	11	17	47	Other	Other	CLR
009193085	4133	4133	1200	1185	15	0	1494	665	58	Other	Other	Illumina
009194515	89133	2417665	3361	3352	8	1	21	8	63	Other	Other	Illumina
009299535	18454680	18454680	3370	3307	25	38	12	8	133	Other	Other	CLR
009364415	30692	71513	2799	2538	260	1	435	153	101	Other	Other	PacBio
009364435	362	362	26	26	0	0	741	2610	7	Other	Other	Illumina
009364455	514	514	57	57	0	0	1043	2261	9	Other	Other	Illumina
009364475	522	522	110	110	0	0	1109	2144	16	Other	Other	Illumina
009430475	59125	13640393	3299	3248	48	3	75	14	75	Other	Other	Illumina
009430485	944	4482	417	417	0	0	1498	1435	316	Other	Other	Illumina
009493645	72336424	104384344	3390	3321	5	64	0	0	120	Other	Other	PacBio
009650515	331397	4457533	3339	3334	4	1	32	19	68	Other	Other	Illumina
009650525	22860245	22860245	3377	3317	23	37	8	5	119	Other	Other	CLR
009660055	145966	26803000	3377	3335	35	7	5	8	65	Other	Other	Illumina
009660295	104538	104538	3085	3083	1	1	241	62	73	Other	Other	Illumina
009660315	6947	6947	1417	1412	5	0	1443	492	46	Other	Other	Illumina
009663075	42011	54640	2978	2899	79	0	341	68	80	Other	Other	Illumina
009663435	25227091	98198953	3384	3247	36	101	2	4	58	Other	Other	CLR
009667805	1946319	394693044	3274	3220	21	33	52	64	66	Other	Other	CLR
009690805	69851	3340285	3313	3299	9	5	55	22	71	Other	Other	Illumina
009733165	302474	224088900	3239	3219	19	1	50	101	262	Other	Other	PacBio
009734825	16912639	16912639	3383	3321	28	34	6	1	134	Other	Other	CLR
009741485	210412	68113514	3301	3289	12	0	34	55	181	Other	Other	CLR
009756435	42918	48322	2676	2583	93	0	459	251	104	Other	Other	CLR
009756495	2261	51057	1833	1824	8	1	982	566	260	Other	Other	Illumina
009758055	24510	66616962	3211	3177	6	28	129	50	152	Other	Other	Illumina
009760805	18458	116271063	3045	2990	14	41	210	133	264	Other	Other	Illumina
009761245	144042	23742480	3338	3242	19	77	39	13	80	Other	Other	Illumina
009764315	16182741	130977661	3370	3268	14	88	6	14	105	Other	Other	Illumina
009764325	342647	2816867	3338	3263	17	58	31	21	111	Other	Other	PacBio
009764425	27892	6110529	3345	3328	17	0	32	13	93	Other	Other	Illumina
009769715	20593040	20593040	3382	3309	37	36	6	2	164	Other	Other	CLR
009792885	193817	9421811	3347	3339	5	3	29	14	77	Other	Other	Illumina
009793145	16627	251278	2778	2775	2	1	405	206	162	Other	Other	Illumina
009801035	5836	77984	2449	2442	7	0	655	275	92	Other	Other	Illumina
009802015	2889	49315	1397	1390	4	3	1151	831	293	Other	Other	Illumina
009806435	337730	111644748	3260	3095	86	79	38	91	99	Other	Other	PacBio
009806455	43434	389676	3223	3222	1	0	143	22	99	Other	Other	Illumina
009811775	6375389	143892389	3381	3261	18	102	6	3	111	Other	Other	CLR
009812075	53982	32306702	3124	3120	3	1	72	194	80	Other	Other	Illumina
009822645	86942	26151911	3376	3288	53	35	12	2	75	Other	Other	Illumina
009823395	22457894	23049015	3261	3253	8	0	12	117	285	Other	Other	ONT
009823435	15887	30412	2263	2259	4	0	938	179	92	Iridian	Other	Illumina
009823505	103291	2203772	3273	3142	39	92	76	40	178	Other	Other	CLR
009828535	265822	125196221	3341	3245	52	44	36	13	82	Other	Other	PacBio
009834535	5365398	76025729	3375	3358	9	8	10	5	141	Other	Other	CLR
009852395	12651	663853	2997	2991	6	0	295	95	159	Other	Other	Illumina
009859125	24282659	24282659	3382	3331	10	41	2	6	2402	Other	Other	ONT
009859175	32072651	32072651	3381	3329	11	41	3	6	2453	Other	Other	ONT
009859215	30834841	30834841	3377	3334	5	38	5	8	2413	Other	Other	ONT
009859225	33389539	33389539	3378	3330	7	41	5	7	2451	Other	Other	ONT
009859235	27411789	27411789	3372	3326	9	37	6	12	2510	Other	Other	ONT
009859245	30464569	30464569	3378	3328	16	34	5	7	2408	Other	Other	ONT
009859265	29642412	29642412	3380	3330	9	41	4	6	2469	Other	Other	ONT
009867195	18913	28756	2368	2368	0	0	857	154	60	Iridian	Other	Illumina
009867205	19977	30214	2386	2383	3	0	841	147	62	Iridian	Other	Illumina
009867235	36805	47111	2713	2710	3	0	563	112	55	Iridian	Other	Illumina
009867315	38553	48267	2740	2736	4	0	541	107	57	Iridian	Other	Illumina
009869775	121415	3669388	3329	3292	37	0	40	21	111	Other	Other	PacBio
009869865	322873	1403021	3331	3304	26	1	41	18	87	Other	Other	PacBio
009917725	76763	1361507	3193	3102	63	28	144	49	116	Other	Other	Illumina
009917745	141056	3009037	3322	3261	30	31	54	14	85	Other	Other	Illumina
009935935	30959455	30959455	3385	3299	52	34	2	3	155	Other	Other	CLR
009936445	12520	12605	1704	1702	2	0	1301	363	59	Iridian	Other	Illumina
009936485	23832	17055376	3137	3047	85	5	195	56	99	Iridian	Other	Illumina
010014725	4271	19108	1231	1228	3	0	1504	626	291	Iridian	Other	Illumina
010014805	17967	18274	2059	2056	2	1	1086	229	58	Iridian	Other	Illumina
010014865	22382	32340	2460	2459	1	0	789	131	61	Iridian	Other	Illumina
010014875	13231	24899	2255	2250	5	0	961	165	68	Iridian	Other	Illumina
010014925	12383	24450	2148	2148	0	0	1045	185	84	Iridian	Other	Illumina
010014945	4199	13745574	2862	2679	181	2	346	181	345	Iridian	Other	Illumina
010014965	18668	31116	2410	2406	4	0	828	142	54	Iridian	Other	Illumina
010015045	8295	22116	1615	1610	5	0	1415	341	190	Iridian	Other	Illumina
010015425	16104	26427	2270	2267	2	1	942	163	77	Iridian	Other	Illumina
010015445	4197643	39550354	3340	3327	12	1	26	24	122	Other	Other	ONT
010015535	32367038	32367038	3379	3337	9	33	3	8	2457	Other	Other	ONT
010015895	691969	18460785	3368	3294	28	46	14	8	59	Other	Other	Illumina
010015965	5592	19814	1375	1369	4	2	1473	519	215	Iridian	Other	Illumina
010076225	101702	12679469	3370	3354	15	1	17	2	62	Other	Other	Illumina
010076325	35021	6229819	3376	3376	0	0	13	1	73	Other	Other	Illumina
010077915	81907	381910	3176	3155	21	0	178	34	85	Other	Other	BGI
010077935	109372	15386364	3253	3246	7	0	113	24	77	Other	Other	BGI
010078415	136952	6271244	3235	3218	17	0	123	32	82	Other	Other	BGI
010078445	83178	1921244	3341	3335	5	1	45	4	67	Other	Other	Illumina
010078485	89505	23315117	3268	3257	10	1	104	18	84	Other	Other	BGI
010078495	134160	29280209	3315	3195	120	0	64	11	65	Other	Other	BGI
010080355	95403	21127646	3292	3064	226	2	72	26	73	Other	Other	BGI
010080425	42596	1894246	3344	3329	15	0	39	7	56	Other	Other	BGI
010080465	104210	21866543	3282	3093	189	0	87	21	75	Other	Other	BGI
010082375	42318	2252023	3359	3350	8	1	29	2	57	Other	Other	Illumina
010084205	215030	13794837	3264	3044	219	1	99	27	72	Other	Other	BGI
010085355	80552	1949323	3336	3333	3	0	46	8	72	Other	Other	Illumina
010085365	86112	6429221	3355	3352	2	1	28	7	53	Other	Other	Illumina
010087175	133461	2912628	3215	3200	15	0	133	40	80	Other	Other	BGI
010090195	101329	2789995	3247	3220	27	0	118	25	73	Other	Other	BGI
010119295	8079	146739	2831	2822	9	0	438	118	196	Other	Other	Illumina
010120015	56880	3610217	3340	3304	10	26	31	19	105	Other	Other	Illumina
010277015	101021	4228945	3292	3283	9	0	59	39	87	Other	Other	Illumina
010277075	15063430	21601530	3366	3361	5	0	5	19	165	Other	Other	PacBio
010279795	13214010	13214010	3383	3319	28	36	4	3	79	Other	Other	CLR
010303855	37091	8019613	3257	3256	1	0	112	21	120	Other	Other	Illumina
010312235	36723	7468869	3309	3301	8	0	68	12	89	Other	Other	Illumina
010332995	37053	21232185	3358	3356	2	0	19	13	64	Other	Other	Illumina
010365825	52366	18540887	3341	3337	4	0	42	7	79	Other	Other	Illumina
010367565	26626591	26626591	3378	3322	7	49	4	8	2429	Other	Other	ONT
010367575	24966261	24966261	3377	3328	6	43	2	10	2501	Other	Other	ONT
010411085	268660	77688133	3370	3189	59	122	15	5	79	Other	Other	Illumina
010580605	13575823	13575823	3376	3311	29	36	8	6	153	Other	Other	CLR
010645085	602209	42361471	3344	1168	2173	3	16	30	215	Other	Other	PacBio
010645205	1956515	1956515	3314	3263	18	33	40	36	152	Other	Other	ONT
010882105	10559872	27362751	3339	3328	11	0	16	35	452	Other	Other	ONT
010882115	103007	5188763	3318	3288	28	2	38	34	126	Other	Other	PacBio
010883035	56887	1540873	3269	3085	184	0	82	39	199	Other	Other	Illumina
011008995	23571461	23571461	3383	3315	32	36	5	2	82	Other	Other	CLR
011038615	10550	286041	2925	2910	12	3	285	178	222	Other	Other	Illumina
011057625	8728	250678	3171	3136	10	25	139	80	552	Other	Other	Illumina
011057875	48746	1099484	3279	3272	7	0	68	43	104	Other	Other	Illumina
011057915	31709	5584891	2836	2833	3	0	348	204	189	Other	Other	Illumina
011064425	1635336	158824752	3303	3245	12	46	19	68	102	Other	Other	ONT
011074415	136958	10707530	3366	3316	49	1	16	8	57	Other	Other	Illumina
011075105	151401	23364606	3365	3311	53	1	19	6	62	Other	Other	Illumina
011076525	105147	26011715	3367	3337	30	0	18	5	53	Other	Other	Illumina
011077185	128592	36145614	3358	3326	32	0	27	5	68	Other	Other	Illumina
011100555	13222669	136971485	3380	3254	28	98	4	6	80	Other	Other	CLR
011100615	21344639	150377965	3321	3241	23	57	15	54	213	Other	Other	ONT
011125445	587965	39340135	3350	3234	115	1	9	31	118	Other	Other	PacBio
011125475	16045987	16045987	3379	3347	28	4	5	6	131	Other	Other	ONT
011170295	8699377	103700880	3386	3273	19	94	1	3	153	Other	Other	ONT
011317185	15826	26712	2163	2159	3	1	1032	182	91	Iridian	Other	Illumina
011327655	9413	13574	1403	1377	14	12	1429	531	238	Other	Other	Illumina
011386835	13370154	133555881	3380	3359	16	5	6	4	51	Other	Other	HiFi
011397275	1139749	34616500	3110	3075	35	0	19	261	131	Other	Other	PacBio
011397635	13857438	44419306	3384	3369	14	1	5	1	61	Other	Other	ONT
011419295	47837	80802	3000	2977	22	1	288	101	71	Other	Other	Illumina
011421415	108423	64674564	3338	3334	4	0	28	24	67	Other	Other	Illumina
011634725	7673	9167	1104	1088	13	3	1548	706	255	Other	Other	Illumina
011680675	500778	502495	3209	2900	42	267	151	29	96	Other	Other	ONT
011751065	120477	200744758	3269	3152	51	66	50	71	100	Other	Other	Illumina
011751665	72481	7528171	3364	3276	25	63	15	11	88	Other	Other	Illumina
011754075	5888	6929	1020	1002	12	6	1556	774	282	Other	Other	Illumina
011762725	1743	16847	1290	1287	2	1	1467	608	370	Iridian	Other	Illumina
011763355	20903	31704	2441	2439	2	0	799	139	73	Iridian	Other	Illumina
011763455	24004	33872	2454	2453	1	0	783	135	57	Iridian	Other	Illumina
011763505	1826	3201	1465	1423	41	1	1280	631	323	Iridian	Other	Illumina
011763525	18324	25450324	3313	3199	113	1	52	25	92	Iridian	Other	Illumina
011763535	17249	28643	2353	2350	2	1	861	164	77	Iridian	Other	Illumina
011764305	23598655	23598655	3386	3321	11	54	1	3	61	Other	Other	PacBio
011799995	60940	3892422	3356	3354	2	0	30	4	66	Other	Other	Illumina
011800025	88943	3046415	3305	3304	1	0	68	17	81	Other	Other	Illumina
011800095	19329	29847	2391	2388	3	0	849	143	70	Iridian	Other	Illumina
011800105	31539	145848398	3315	3280	10	25	43	32	87	Other	Other	Illumina
011800145	197952	54232831	3376	3249	82	45	8	6	65	Other	Other	Illumina
011800845	219893	92810032	3371	3351	5	15	4	15	80	Other	Other	PacBio
011801015	34349	47611	2683	2675	8	0	610	89	76	Other	Other	Illumina
011801095	74348	31462027	3180	3131	17	32	171	38	86	Other	Other	Illumina
011823955	3015437	36983948	3364	3172	192	0	12	14	1050	Other	Other	CLR
011952075	77506	29777865	3354	3348	5	1	21	15	86	Other	Other	Illumina
011952085	12191788	30508166	3386	3350	35	1	2	2	83	Other	Other	CLR
011952095	83753	30166107	3334	3325	8	1	35	21	93	Other	Other	Illumina
011952105	76587	28603870	3360	3346	13	1	24	6	68	Other	Other	Illumina
012026605	18011	25040	2648	1044	1600	4	602	130	61	Other	Other	Illumina
012026655	15857	19535	1886	1874	11	1	1066	423	54	Other	Other	Illumina
012044875	91998	64292917	3349	3274	9	66	30	11	83	Other	Other	ONT
012057345	54768	118558	3051	3047	4	0	295	43	54	Other	Other	Illumina
012067775	27810504	27810504	3384	3312	37	35	3	3	111	Other	Other	CLR
012069535	320958	320958	2920	2896	22	2	124	346	265	Other	Other	CLR
012274545	44756	62586000	3308	3286	8	14	55	27	105	Other	Other	Illumina
012295265	23108747	64752584	3387	3313	12	62	2	1	115	Other	Other	PacBio
012313985	23045	23045	1424	1410	8	6	1424	523	165	Other	Other	Illumina
012393435	175150	23832094	3324	3294	28	2	46	19	87	Other	Other	BGI
012393455	1011981	1033864	3268	3209	8	51	94	28	123	Other	Other	ONT
012411365	7408031	32284220	3334	3309	24	1	16	40	131	Other	Other	ONT
012432095	10809623	34067727	3350	3322	26	2	5	35	113	Other	Other	ONT
012460135	13273966	70107701	3374	3358	15	1	4	12	148	Other	Other	PacBio
012487025	67032	150919	3128	3126	2	0	220	38	60	Other	Other	Illumina
012487455	56477	116003	3033	3030	3	0	311	46	54	Other	Other	Illumina
012487855	38530	89778	2946	2943	3	0	375	66	50	Other	Other	Illumina
012488435	32896	77158	2892	2886	6	0	422	75	45	Other	Other	Illumina
012488915	88635	194737	3154	3151	3	0	195	40	43	Other	Other	Illumina
012553465	26656121	93207590	3375	3321	19	35	5	10	55	Other	Other	CLR
012559485	26251577	149803873	3383	3315	8	60	5	2	64	Other	Other	PacBio
012583365	62196	5199373	3342	3322	7	13	43	5	91	Other	Other	Illumina
012654045	41154	15963960	3236	3210	24	2	87	65	73	Other	Other	Illumina
012654085	38205	14519768	3186	3160	23	3	114	88	100	Other	Other	Illumina
012861695	968532	15527446	3321	2900	420	1	29	37	1160	Other	Other	CLR
012922965	80310	6067221	3356	3244	17	95	23	11	87	Other	Other	Illumina
012931545	50313	656204	2966	1887	1075	4	184	240	260	Other	Other	PacBio
012976165	719175	719175	3309	3250	58	1	42	38	71	Other	Other	ONT
013030995	1849874	33116532	3361	3348	13	0	11	18	421	Other	Other	CLR
013036005	22892	76622855	3341	3340	1	0	38	11	66	Iridian	Other	Illumina
013036085	1886383	30631712	3323	3280	43	0	16	51	82	Other	Other	PacBio
013052645	15060308	53386619	3373	3306	25	42	8	9	51	Other	Other	CLR
013100865	204575	140411086	3263	3251	7	5	56	71	59	Other	Other	PacBio
013103735	45088	27593271	3181	3173	8	0	102	105	89	Other	Other	Illumina
013115835	7773	8216	2692	1538	1150	4	558	135	104	Other	Other	Illumina
013133815	18269829	43466551	3305	3291	13	1	7	78	62	Other	Other	CLR
013184475	1104	1104	240	227	13	0	1482	1635	28	Other	Other	Illumina
013186435	34001	4184613	3257	3253	4	0	78	54	84	Other	Other	Illumina
013239585	111519	3269186	3349	3332	5	12	30	11	80	Other	Other	Illumina
013239625	343812	14786206	3381	3360	7	14	8	1	70	Other	Other	Illumina
013265495	340839	6158010	3369	3357	6	6	17	4	65	Other	Other	Illumina
013265735	15579713	39165350	3382	1706	1673	3	4	4	79	Other	Other	PacBio
013276365	37759230	64291023	3388	3315	9	64	0	2	88	Other	Other	ONT
013332515	14452835	24764384	3378	3363	13	2	5	7	275	Other	Other	PacBio
013340865	21291731	151107676	3387	3336	45	6	2	1	64	Other	Other	CLR
013347765	20466349	25949660	3380	3373	7	0	6	4	198	Other	Other	ONT
013350305	2478287	40346024	3380	3360	18	2	4	6	87	Other	Other	ONT
013358815	7062559	25664172	3369	3343	25	1	7	14	99	Other	Other	CLR
013358895	4182292	40723988	3377	3361	15	1	6	7	62	Other	Other	ONT
013363375	40093	4493486	2767	2628	139	0	289	330	118	Other	Other	Illumina
013364835	25502944	25502944	3369	3306	30	33	15	6	91	Other	Other	CLR
013368275	377941	150157909	2937	2779	158	0	107	346	195	Other	Other	CLR
013371645	1879078	140390130	3352	3212	46	94	21	17	198	Other	Other	CLR
013372525	246158	6390841	3215	3191	24	0	118	54	59	Other	Other	Illumina
013373975	24828868	132271759	3354	3238	17	99	18	18	204	Other	Other	CLR
013375545	3466784	3466784	3352	3295	57	0	18	20	129	Other	Other	ONT
013375575	1429287	1429287	3357	2867	489	1	10	23	265	Other	Other	ONT
013377495	28995010	84552148	3380	3374	6	0	1	9	112	Other	Other	CLR
013389825	99502	387774	3046	3041	5	0	264	79	83	B10K	Other	Illumina
013389845	79009	846765	3157	3140	17	0	180	51	82	B10K	Other	Illumina
013389865	44041	133717	2872	2865	7	0	391	121	88	B10K	Other	Illumina
013389885	47040	59473	2569	2569	0	0	642	174	55	B10K	Other	Illumina
013389905	38906	156242	2602	2595	7	0	561	213	100	B10K	Other	Illumina
013389925	34055	311465	3055	3050	4	1	254	76	131	B10K	Other	Illumina
013389945	35511	145412	2672	2660	11	1	540	170	131	B10K	Other	Illumina
013389965	8743	12670	1543	1541	2	0	1148	678	139	B10K	Other	Illumina
013389985	29388	113106	2696	2685	9	2	493	194	132	B10K	Other	Illumina
013390005	40187	169242	2919	2915	4	0	355	107	126	B10K	Other	Illumina
013390025	41696	176673	3118	3111	6	1	214	57	99	B10K	Other	Illumina
013390045	36514	110339	2934	2928	6	0	345	104	82	B10K	Other	Illumina
013390065	39381	572698	3170	3154	9	7	129	87	121	B10K	Other	Illumina
013390085	46954	266481	2940	2936	4	0	361	84	104	B10K	Other	Illumina
013390105	14901	30899	2197	2192	5	0	768	415	108	B10K	Other	Illumina
013396355	85461	2360993	3342	3339	3	0	36	12	63	B10K	Other	Illumina
013396365	62809	1662124	3347	3347	0	0	33	10	49	B10K	Other	Illumina
013396375	53368	639944	3257	3252	5	0	102	31	69	B10K	Other	Illumina
013396415	88589	5669588	3321	3316	5	0	54	15	54	B10K	Other	Illumina
013396435	25978	337495	3200	3196	0	4	161	29	106	B10K	Other	Illumina
013396455	57900	702395	3317	3316	1	0	58	15	68	B10K	Other	Illumina
013396465	67220	1785105	3235	3230	5	0	105	50	101	B10K	Other	Illumina
013396485	77643	1205068	3192	3185	5	2	119	78	91	B10K	Other	Illumina
013396505	72519	1413557	3348	3347	1	0	31	11	60	B10K	Other	Illumina
013396525	96574	712200	3262	3253	7	2	83	44	73	B10K	Other	Illumina
013396555	66111	2761092	3348	3345	3	0	26	16	76	B10K	Other	Illumina
013396575	29643	2545584	3305	3299	4	2	59	26	108	B10K	Other	Illumina
013396595	33238	380686	3225	3220	4	1	141	24	94	B10K	Other	Illumina
013396615	28090	406319	3270	3268	2	0	99	21	87	B10K	Other	Illumina
013396635	84123	732582	3327	3327	0	0	52	11	93	B10K	Other	Illumina
013396655	152160	1025016	3288	3284	2	2	75	26	84	B10K	Other	Illumina
013396675	26549	208022	3076	3070	4	2	250	63	65	B10K	Other	Illumina
013396695	84116	564384	3253	3247	6	0	103	33	107	B10K	Other	Illumina
013396715	52324	419310	3272	3269	3	0	102	15	96	B10K	Other	Illumina
013396735	64146	482390	3232	3227	5	0	121	35	77	B10K	Other	Illumina
013396755	128486	1030170	3305	3301	4	0	66	19	91	B10K	Other	Illumina
013396775	75604	292884	3214	3211	3	0	150	24	77	B10K	Other	Illumina
013396795	86977	4098324	3337	3335	2	0	37	15	51	B10K	Other	Illumina
013396815	7216	102987	2589	2589	0	0	570	223	250	B10K	Other	Illumina
013396835	36269	297144	3193	3191	2	0	148	46	69	B10K	Other	Illumina
013396855	62389	355677	3237	3237	0	0	124	28	104	B10K	Other	Illumina
013396875	121572	668056	3285	3280	5	0	81	24	76	B10K	Other	Illumina
013396895	96290	614047	3252	3246	5	1	101	35	86	B10K	Other	Illumina
013396915	107045	644604	3316	3313	3	0	66	7	74	B10K	Other	Illumina
013396935	70136	225352	3116	3114	2	0	234	37	91	B10K	Other	Illumina
013396955	28936	363229	3133	3130	3	0	182	74	117	B10K	Other	Illumina
013396975	66968	338467	3148	3144	4	0	183	55	60	B10K	Other	Illumina
013396995	117005	1096110	3314	3306	3	5	58	18	90	B10K	Other	Illumina
013397015	66181	831089	3282	3279	2	1	85	23	108	B10K	Other	Illumina
013397025	54514	372486	3226	3222	4	0	138	25	104	B10K	Other	Illumina
013397055	60658	492780	3251	3247	3	1	107	31	90	B10K	Other	Illumina
013397075	152176	1047454	3313	3309	3	1	52	24	66	B10K	Other	Illumina
013397095	50778	955539	3255	3247	3	5	106	29	95	B10K	Other	Illumina
013397115	131175	1336768	3326	3322	3	1	52	11	85	B10K	Other	Illumina
013397135	89585	564837	3294	3292	2	0	78	18	77	B10K	Other	Illumina
013397155	128716	552862	3183	3176	6	1	148	54	68	B10K	Other	Illumina
013397175	84600	719154	3286	3282	4	0	79	25	80	B10K	Other	Illumina
013397195	64125	688804	3243	3238	2	3	100	46	107	B10K	Other	Illumina
013397215	90773	451346	3169	3162	5	2	167	49	108	B10K	Other	Illumina
013397235	98065	684974	3259	3257	2	0	101	30	93	B10K	Other	Illumina
013397245	60402	495202	3181	3174	5	2	150	58	97	B10K	Other	Illumina
013397275	46939	409133	3262	3256	6	0	109	19	83	B10K	Other	Illumina
013397295	50944	602916	3251	3247	2	2	98	40	98	B10K	Other	Illumina
013397315	64871	542855	3234	3225	6	3	123	33	100	B10K	Other	Illumina
013397325	93565	605901	3248	3245	3	0	118	23	114	B10K	Other	Illumina
013397355	87013	683060	3226	3220	4	2	131	33	121	B10K	Other	Illumina
013397375	88070	747747	3268	3260	7	1	87	33	84	B10K	Other	Illumina
013397395	78603	970774	3286	3280	3	3	77	27	68	B10K	Other	Illumina
013397415	43146	485965	3190	3187	3	0	145	54	93	B10K	Other	Illumina
013397435	83996	346475	3114	3102	10	2	198	77	103	B10K	Other	Illumina
013397455	83601	1692907	3308	3307	1	0	59	22	71	B10K	Other	Illumina
013397465	55547	650940	3225	3221	2	2	114	47	97	B10K	Other	Illumina
013397495	72805	1646422	3310	3305	5	0	49	31	85	B10K	Other	Illumina
013397515	49406	227838	3147	3147	0	0	190	51	76	B10K	Other	Illumina
013397535	43196	594480	3272	3265	4	3	85	33	75	B10K	Other	Illumina
013397555	53989	858275	3300	3299	1	0	68	22	98	B10K	Other	Illumina
013397565	120946	1215016	3312	3303	7	2	57	20	92	B10K	Other	Illumina
013397595	95631	2050318	3331	3329	1	1	45	14	56	B10K	Other	Illumina
013397615	21735	418393	3086	3084	2	0	214	88	127	B10K	Other	Illumina
013397635	24994	616882	2948	2943	5	0	303	136	202	B10K	Other	Illumina
013397655	39391	476221	3081	3076	5	0	220	80	103	B10K	Other	Illumina
013397665	32274	198462	3018	3012	6	0	308	62	107	B10K	Other	Illumina
013397695	79469	2055974	3296	3293	3	0	68	26	82	B10K	Other	Illumina
013397715	52433	1242718	3205	3201	3	1	121	64	114	B10K	Other	Illumina
013397725	141346	1441581	3335	3331	2	2	43	12	88	B10K	Other	Illumina
013397755	122939	1426893	3321	3317	1	3	53	16	82	B10K	Other	Illumina
013397775	75916	1156832	3331	3329	2	0	46	13	82	B10K	Other	Illumina
013397795	81405	1302835	3343	3340	1	2	37	10	65	B10K	Other	Illumina
013397815	90297	367770	3176	3173	3	0	165	49	59	B10K	Other	Illumina
013397825	96253	2999088	3350	3348	2	0	27	13	70	B10K	Other	Illumina
013397845	103752	854663	3293	3290	3	0	71	26	97	B10K	Other	Illumina
013397865	74270	1098961	3324	3323	0	1	49	17	86	B10K	Other	Illumina
013397895	99117	1255867	3326	3323	1	2	48	16	69	B10K	Other	Illumina
013397915	79485	804295	3290	3286	3	1	76	23	93	B10K	Other	Illumina
013397935	67799	1415013	3331	3327	4	0	40	19	60	B10K	Other	Illumina
013397955	100624	1131194	3311	3306	3	2	50	29	85	B10K	Other	Illumina
013397975	76530	998129	3293	3289	3	1	73	24	98	B10K	Other	Illumina
013397995	74070	458136	3205	3201	4	0	133	51	69	B10K	Other	Illumina
013398015	109596	636482	3241	3239	0	2	111	36	72	B10K	Other	Illumina
013398035	18922	121818	2815	2798	16	1	385	183	147	B10K	Other	Illumina
013398055	103033	424487	3229	3226	1	2	128	32	76	B10K	Other	Illumina
013398075	50117	154199	3072	3069	2	1	258	60	97	B10K	Other	Illumina
013398095	91152	965071	3293	3292	1	0	81	16	100	B10K	Other	Illumina
013398115	150458	1193676	3311	3309	1	1	58	21	78	B10K	Other	Illumina
013398125	65833	324808	3171	3168	3	0	187	32	82	B10K	Other	Illumina
013398155	36855	254645	3102	3100	2	0	233	51	100	B10K	Other	Illumina
013398175	72434	863000	3310	3305	1	4	65	13	81	B10K	Other	Illumina
013398195	72340	20885367	3226	3222	4	0	18	146	56	B10K	Other	Illumina
013398205	201493	31760204	3353	3335	15	3	20	17	184	B10K	Other	Other
013398225	38015	306642	3215	3208	7	0	151	23	88	B10K	Other	Illumina
013398245	48979	240911	3091	3086	5	0	251	47	71	B10K	Other	Illumina
013398275	128262	1179653	3265	3259	4	2	88	37	75	B10K	Other	Illumina
013398295	128427	592381	3316	3314	2	0	66	8	81	B10K	Other	Illumina
013398315	45203	1104275	3258	3256	2	0	101	31	101	B10K	Other	Illumina
013398335	47308	3788443	3289	3287	2	0	82	19	105	B10K	Other	Illumina
013398345	31010	2648942	3227	3226	1	0	133	29	121	B10K	Other	Illumina
013398375	133617	7634200	3369	3363	5	1	10	11	61	B10K	Other	Illumina
013398395	73144	2955106	3267	3265	2	0	56	66	84	B10K	Other	Illumina
013398405	57804	697372	2920	2916	3	1	298	170	181	B10K	Other	Illumina
013398435	57175	16014248	3266	3262	3	1	36	88	72	B10K	Other	Illumina
013398455	211346	3116274	3351	3344	4	3	21	17	65	B10K	Other	Illumina
013398475	91211	5635001	3354	3349	3	2	29	7	69	B10K	Other	Illumina
013398505	24643	72802098	3239	3236	3	0	110	41	123	Other	Other	Illumina
013398535	78381	1693451	3134	3116	16	2	167	88	105	B10K	Other	Illumina
013398555	134899	4551471	3376	3342	34	0	12	2	50	B10K	Other	Illumina
013398575	48850	857734	2944	2943	1	0	325	119	109	B10K	Other	Illumina
013398595	55393	954946	3219	3210	7	2	93	78	101	B10K	Other	Illumina
013398615	85408	17537833	3136	3132	2	2	64	190	74	B10K	Other	Illumina
013398625	109509	11311321	3337	3336	1	0	30	23	67	B10K	Other	Illumina
013398635	109076	11085488	3343	3334	9	0	24	22	87	B10K	Other	Illumina
013398675	331397	4457534	3339	3334	4	1	32	19	68	B10K	Other	Illumina
013398685	92557	336459	3059	3048	11	0	219	110	73	B10K	Other	Illumina
013398715	38571	1027905	3317	3308	6	3	56	15	157	B10K	Other	Illumina
013398735	37646	4059565	3257	3255	2	0	109	24	115	B10K	Other	Illumina
013398745	60157	363559	3183	3181	2	0	152	52	67	B10K	Other	Illumina
013398775	74838	6275819	3322	3321	1	0	48	20	79	B10K	Other	Illumina
013398795	43159	1152566	3222	3172	5	45	96	72	88	B10K	Other	Illumina
013398815	64861	514623	3277	3275	2	0	98	15	92	B10K	Other	Illumina
013398835	19687	892245	3150	3144	5	1	161	79	127	B10K	Other	Illumina
013398855	54215	206785	3115	3110	4	1	226	43	104	B10K	Other	Illumina
013398875	38296	1815815	3277	3271	2	4	76	37	97	B10K	Other	Illumina
013398885	163894	1077696	3317	3315	2	0	61	12	63	B10K	Other	Illumina
013398915	40991	314166	3173	3172	1	0	188	28	79	B10K	Other	Illumina
013398935	29269	163031	2714	2712	2	0	450	223	70	B10K	Other	Illumina
013398955	118426	133026	3186	3182	3	1	168	36	54	B10K	Other	Illumina
013398975	56061	276328	3102	3100	2	0	226	62	80	B10K	Other	Illumina
013398995	96766	398825	3149	3140	7	2	186	53	106	B10K	Other	Illumina
013399015	251170	1175606	3311	3310	1	0	65	13	51	B10K	Other	Illumina
013399035	60532	93215	2945	2936	7	2	350	91	90	B10K	Other	Illumina
013399055	38620	85980	2900	2894	6	0	416	69	70	B10K	Other	Illumina
013399075	34835	324840	3066	3061	5	0	258	66	175	B10K	Other	Illumina
013399095	58160	468890	3259	3258	1	0	117	14	80	B10K	Other	Illumina
013399115	53214	628312	3293	3292	1	0	83	14	84	B10K	Other	Illumina
013399135	53463	389526	3200	3200	0	0	154	35	98	B10K	Other	Illumina
013399155	64960	158961	3115	3112	3	0	231	43	82	B10K	Other	Illumina
013399175	74578	343789	3259	3255	4	0	103	28	70	B10K	Other	Illumina
013399195	143784	1068420	3337	3333	1	3	39	14	75	B10K	Other	Illumina
013399215	72446	1501215	3323	3321	2	0	48	18	65	B10K	Other	Illumina
013399225	98056	789307	3289	3288	1	0	76	25	69	B10K	Other	Illumina
013399255	66040	367223	3198	3195	3	0	168	23	97	B10K	Other	Illumina
013399275	51448	600933	3272	3270	1	1	89	29	71	B10K	Other	Illumina
013399295	75890	2866662	3333	3329	4	0	36	21	66	B10K	Other	Illumina
013399305	78725	3398382	3347	3346	1	0	30	13	65	B10K	Other	Illumina
013399335	15821	342041	3127	3125	2	0	203	56	164	B10K	Other	Illumina
013399355	61768	1830427	3354	3353	1	0	27	9	76	B10K	Other	Illumina
013399365	126523	674421	3277	3274	3	0	84	27	59	B10K	Other	Illumina
013399395	28894	190423	2805	2801	4	0	429	147	95	B10K	Other	Illumina
013399415	36754	129671	2633	2630	3	0	567	177	89	B10K	Other	Illumina
013399435	48252	181329	3027	3024	3	0	308	49	81	B10K	Other	Illumina
013399455	49651	108848	2938	2933	5	0	351	98	71	B10K	Other	Illumina
013399475	39550	232486	3037	3036	1	0	297	53	129	B10K	Other	Illumina
013399495	52683	1108645	3325	3324	1	0	49	16	51	B10K	Other	Illumina
013399515	33668	2514434	3302	3296	4	2	47	41	93	B10K	Other	Illumina
013399535	16901	520939	3170	3168	2	0	158	61	128	B10K	Other	Illumina
013399555	28952	1302531	3323	3321	2	0	46	21	79	B10K	Other	Illumina
013399565	35810	692269	3305	3301	4	0	70	15	54	B10K	Other	Illumina
013399595	74988	1600682	3346	3344	2	0	32	12	57	B10K	Other	Illumina
013399615	61007	275649	3238	3232	6	0	123	27	62	B10K	Other	Illumina
013399635	40733	630207	3267	3263	4	0	100	23	74	B10K	Other	Illumina
013399655	77437	583164	3195	3190	5	0	143	52	89	B10K	Other	Illumina
013399675	85098	482795	3268	3265	3	0	99	22	73	B10K	Other	Illumina
013399695	79409	836584	3302	3300	1	1	66	21	91	B10K	Other	Illumina
013399715	18430	229397	3087	3083	4	0	239	63	124	B10K	Other	Illumina
013399735	72317	436182	3241	3240	1	0	119	30	95	B10K	Other	Illumina
013399755	80636	176118	2887	2882	4	1	397	96	70	B10K	Other	Illumina
013399775	8608	16361	1970	1968	2	0	972	426	78	B10K	Other	Illumina
013399795	48044	306037	3159	3153	3	3	177	52	64	B10K	Other	Illumina
013399815	119850	675769	3274	3267	4	3	71	45	59	B10K	Other	Illumina
013399835	89252	743438	3303	3296	5	2	62	24	90	B10K	Other	Illumina
013399855	75750	1139285	3324	3323	1	0	53	13	79	B10K	Other	Illumina
013399875	140542	1191429	3302	3300	2	0	63	23	74	B10K	Other	Illumina
013399895	89885	848514	3317	3315	2	0	56	17	80	B10K	Other	Illumina
013399915	45419	377149	3194	3189	3	2	148	48	112	B10K	Other	Illumina
013399935	44268	213297	2909	2902	7	0	378	101	115	B10K	Other	Illumina
013399945	74004	730145	3270	3262	4	4	79	40	102	B10K	Other	Illumina
013399975	65219	462551	3221	3217	4	0	135	33	64	B10K	Other	Illumina
013399995	44998	507914	3227	3225	2	0	124	39	79	B10K	Other	Illumina
013400015	55510	729727	3273	3271	1	1	79	37	118	B10K	Other	Illumina
013400035	57549	523074	3300	3294	6	0	78	11	68	B10K	Other	Illumina
013400055	74117	702727	3329	3325	4	0	46	15	56	B10K	Other	Illumina
013400075	64762	494139	3177	3173	2	2	148	64	87	B10K	Other	Illumina
013400095	79248	712820	3304	3301	3	0	79	7	78	B10K	Other	Illumina
013400115	114804	415862	3226	3222	3	1	129	34	61	B10K	Other	Illumina
013400135	52916	382637	3167	3163	4	0	186	36	90	B10K	Other	Illumina
013400155	58272	653738	3265	3261	2	2	84	41	87	B10K	Other	Illumina
013400175	74322	542914	3220	3218	2	0	132	36	111	B10K	Other	Illumina
013400195	62981	810609	3314	3308	6	0	62	14	69	B10K	Other	Illumina
013400215	74140	873777	3229	3223	4	2	117	42	121	B10K	Other	Illumina
013400235	97892	716337	3271	3268	2	1	93	25	90	B10K	Other	Illumina
013400255	79571	660828	3237	3232	4	1	113	40	107	B10K	Other	Illumina
013400275	38753	335188	3171	3164	5	2	156	62	94	B10K	Other	Illumina
013400295	59826	82245	2613	2609	4	0	643	124	55	B10K	Other	Illumina
013400315	64047	615058	3219	3217	2	0	131	38	93	B10K	Other	Illumina
013400335	57880	197888	3074	3070	3	1	266	45	64	B10K	Other	Illumina
013400355	76317	865393	3304	3297	6	1	59	26	92	B10K	Other	Illumina
013400375	75634	845400	3304	3301	3	0	71	14	82	B10K	Other	Illumina
013400395	37790	170489	2867	2863	2	2	386	129	125	B10K	Other	Illumina
013400415	60031	632025	3263	3261	2	0	97	30	91	B10K	Other	Illumina
013400435	53855	218123	3111	3102	3	6	214	62	70	B10K	Other	Illumina
013400445	27764	297511	2970	2961	9	0	278	141	166	B10K	Other	Illumina
013400475	77267	294019	3188	3184	4	0	163	37	58	B10K	Other	Illumina
013400495	56498	99492	2837	2830	5	2	422	120	67	B10K	Other	Illumina
013400515	45331	176063	2901	2892	8	1	357	127	98	B10K	Other	Illumina
013400535	16158	32357	2302	2295	7	0	827	249	109	B10K	Other	Illumina
013400555	31221	126631	2778	2769	7	2	460	141	103	B10K	Other	Illumina
013400575	61982	183857	2972	2965	5	2	328	86	92	B10K	Other	Illumina
013400585	24720	106723	2711	2704	6	1	482	189	129	B10K	Other	Illumina
013400615	33027	83867	2597	2594	3	0	602	178	78	B10K	Other	Illumina
013400635	23460	39504	2446	2440	4	2	652	280	98	B10K	Other	Illumina
013400655	10653	36392	1904	1900	3	1	1052	419	119	B10K	Other	Illumina
013400675	3531	17018	1555	1549	5	1	1193	614	204	B10K	Other	Illumina
013400695	7054	18836	1471	1466	5	0	1214	684	152	B10K	Other	Illumina
013400715	26696	121881	2904	2899	5	0	385	97	120	B10K	Other	Illumina
013400735	34780	71937	2753	2750	3	0	486	141	79	B10K	Other	Illumina
013400755	93910	250258	3200	3192	8	0	163	26	74	B10K	Other	Illumina
013400775	34663	250297	3050	3044	4	2	245	91	117	B10K	Other	Illumina
013400795	48629	121952	3088	3087	1	0	264	36	65	B10K	Other	Illumina
013400815	34951	1149962	3172	3166	6	0	168	49	95	B10K	Other	Illumina
013400835	44130	134191	2831	2828	3	0	441	110	88	B10K	Other	Illumina
013400855	13219	37415	2084	2078	5	1	923	369	123	B10K	Other	Illumina
013400875	12297	16986	1794	1789	4	1	1043	528	103	B10K	Other	Illumina
013400895	23404	47773	2109	2104	5	0	869	399	88	B10K	Other	Illumina
013400915	83169	306807	3117	3112	4	1	196	75	68	B10K	Other	Illumina
013400935	44031	151069	2822	2817	5	0	424	135	67	B10K	Other	Illumina
013400955	79910	443364	3071	3066	4	1	225	92	94	B10K	Other	Illumina
013400975	125279	147592	3225	3224	1	0	135	29	45	B10K	Other	Illumina
013400995	7679	167855	2894	2891	3	0	383	108	189	B10K	Other	Illumina
013401015	54641	17652270	3365	3361	4	0	18	7	53	B10K	Other	Illumina
013401035	3129	15429	1585	1577	7	1	1290	492	165	B10K	Other	Illumina
013401055	23216	11658233	3327	3327	0	0	46	16	88	B10K	Other	Illumina
013401065	39689	16187446	3372	3368	4	0	13	5	57	B10K	Other	Illumina
013401095	54910	646716	2794	2785	7	2	366	229	151	B10K	Other	Illumina
013401115	63034	65340	2811	2808	3	0	478	97	54	B10K	Other	Illumina
013401135	62878	64977	3043	3037	5	1	289	55	62	B10K	Other	Illumina
013401155	89160	1946625	3322	3307	13	2	52	16	82	B10K	Other	Illumina
013401175	62223	172271	2743	2737	3	3	472	166	88	B10K	Other	Illumina
013401195	60017	1256354	3104	3100	3	1	148	138	101	B10K	Other	Illumina
013401215	36139	36904	2156	2150	5	1	953	269	57	B10K	Other	Illumina
013401235	34184	1869218	3299	3294	2	3	60	29	85	B10K	Other	Illumina
013401255	94415	261726	3147	3143	4	0	199	41	60	B10K	Other	Illumina
013401275	23447	104045	2380	2375	5	0	715	285	133	B10K	Other	Illumina
013401295	39898	411631	3202	3199	3	0	143	45	82	B10K	Other	Illumina
013401315	24547	60453	2308	2304	4	0	700	367	156	B10K	Other	Illumina
013401335	40314	130665	2976	2971	5	0	320	87	109	B10K	Other	Illumina
013401355	14890	25847	2172	2158	14	0	841	366	99	B10K	Other	Illumina
013401375	9017	13068	1490	1479	10	1	1170	697	82	B10K	Other	Illumina
013403625	2171468	20674437	3366	3355	11	0	7	17	140	Other	Other	ONT
013407035	23262489	73777161	3321	3315	4	2	5	64	731	Other	Other	CLR
013433245	11243935	63877199	3380	3376	4	0	4	6	60	Other	Other	ONT
013435755	3839513	37146573	3381	3329	51	1	4	5	54	Other	Other	CLR
013436515	1174323	30688393	3356	3051	301	4	27	7	126	Other	Other	PacBio
013461565	2199	3580	799	795	3	1	1723	831	78	Other	Other	Illumina
013496395	25031	160341600	3365	3317	13	35	19	6	161	Other	Other	Illumina
013621035	1226249	1316675	3295	3248	46	1	35	60	50	Other	Other	ONT
013634535	6035	28520426	3302	3294	6	2	29	59	71	Other	Other	Illumina
014049915	15508673	171075004	3378	3352	5	21	4	8	55	Other	Other	CLR
014060925	61523	94526472	3271	3170	43	58	94	25	406	Other	Other	BGI
014083845	19834635	19834635	3383	3308	36	39	5	2	175	Other	Other	CLR
014108255	21749602	91996154	3363	3297	10	56	5	22	83	Other	Other	CLR
014132575	544634	17641857	3346	3324	22	0	25	18	443	Other	Other	ONT
014170095	707795	1709016	3214	3045	168	1	51	125	291	Other	Other	CLR
014182915	13340585	104471907	3388	3326	16	46	1	1	265	Other	Other	PacBio
014183145	151930	25657701	3215	3122	92	1	131	41	78	Other	Other	BGI
014189135	70892	54482381	3371	3361	6	4	11	8	61	Other	Other	Illumina
014189835	7186	7745	1446	1430	10	6	1317	592	279	Other	Other	Illumina
014281875	4420150	25433336	3377	3251	125	1	3	10	284	Other	Other	PacBio
014300015	26004	49927339	3314	3257	56	1	40	36	90	Other	Other	Illumina
014332655	483444	31841898	3316	1430	1883	3	27	47	522	Other	Other	CLR
014332765	76227	2767252	3358	3347	4	7	27	5	54	Other	Other	Illumina
014337955	17774	32220929	3360	3355	2	3	13	17	73	Other	Other	Illumina
014362685	25015	71936	2768	2765	3	0	488	131	92	Other	Other	Illumina
014362705	109998	187831	3036	3035	1	0	282	68	60	Other	Other	Illumina
014363025	52265	133802	3084	3083	0	1	241	62	69	Other	Other	Illumina
014363165	19680	54950	2724	2723	0	1	523	140	66	Other	Other	Illumina
014363185	86631	179278	3118	3114	4	0	228	42	46	Other	Other	Illumina
014363365	104200	220241	3115	3111	4	0	205	69	61	Other	Other	Illumina
014363385	43134	87989	2922	2922	0	0	384	82	45	Other	Other	Illumina
014363405	394964	770409	3299	3297	2	0	68	23	64	Other	Other	Illumina
014363425	19433	39335	2390	2387	2	1	725	267	72	Other	Other	Illumina
014364545	39753	117197	2738	2729	2	7	538	108	78	Other	Other	Illumina
014441545	12024593	64037277	3384	3292	19	73	5	1	86	Other	Other	CLR
014490765	30813	56314	2807	2494	312	1	418	153	67	Other	Other	Illumina
014523465	42163491	103690580	3389	3270	17	102	0	1	75	Other	Other	PacBio
014525385	4548	723740	3310	3192	115	3	45	34	74	Other	Other	Illumina
014533835	1094236	1094236	3330	3193	39	98	50	10	70	Other	Other	CLR
014549065	133919	3635514	3311	3306	3	2	51	28	71	Other	Other	Illumina
014570535	83964	13854118	3329	3291	23	15	39	22	104	Other	Other	Illumina
014570555	151937	7836868	3337	3301	15	21	16	37	65	Other	Other	Illumina
014595935	14170429	98083000	3362	3356	6	0	8	20	114	Other	Other	PacBio
014633375	42119	75838078	3263	3234	11	18	86	41	191	Other	Other	Illumina
014656515	6114092	28928686	3356	3312	44	0	15	19	165	Other	Other	CLR
014673565	5473395	7939220	3336	3260	75	1	16	38	132	Other	Other	PacBio
014706015	7452883	74168823	3355	3343	11	1	12	23	76	Other	Other	CLR
014706025	6294665	69066023	3347	3333	13	1	14	29	81	Other	Other	CLR
014706035	6294665	8009555	3344	3328	15	1	17	29	81	Other	Other	CLR
014706055	6294665	6644037	3343	3327	15	1	18	29	81	Other	Other	CLR
014706265	6103580	70588798	3347	3323	22	2	13	30	998	Other	Other	CLR
014706275	1727421	4229628	3364	3356	8	0	12	14	72	Other	Other	Illumina
014706285	6103580	6103580	3339	3313	24	2	20	31	997	Other	Other	CLR
014706395	98550	4360585	3244	3238	6	0	106	40	83	Other	Other	Illumina
014706415	8570969	51203085	3329	3310	10	9	17	44	578	Other	Other	ONT
014706435	13869	3169562	2913	2886	27	0	310	164	144	Other	Other	Illumina
014726795	5999512	17102683	3378	3256	15	107	6	6	386	Other	Other	CLR
014754425	374342	100398400	3378	3230	90	58	7	5	72	Other	Other	Illumina
014773175	62305	120915	3123	3117	6	0	213	51	170	Other	Other	Illumina
014805655	1083540	11160574	3360	3356	1	3	20	10	86	Other	Other	Illumina
014805685	13195069	28049309	3301	3278	22	1	12	77	153	Other	Other	ONT
014824575	2136421	10164808	3316	3302	2	12	14	60	69	Other	Other	Illumina
014825515	374929	2589479	3329	3307	9	13	46	15	65	Other	Other	Illumina
014825785	14340	60945	2762	2752	10	0	439	187	152	Other	Other	Illumina
014849445	22791723	22791723	3335	3261	19	55	14	40	74	Other	Other	ONT
014851395	1227323	36481429	3355	3145	209	1	28	7	146	Other	Other	PacBio
014858855	1738317	539822115	3167	3034	127	6	55	168	121	Other	Other	CLR
014885135	90683	9992017	3337	3248	19	70	25	28	93	Other	Other	Illumina
014898055	2628036	119794413	3374	3288	54	32	10	6	123	Other	Other	PacBio
014898765	100211	49273425	3348	3324	10	14	33	9	69	Other	Other	Illumina
014898785	231342	9347320	3363	3209	25	129	18	9	89	Other	Other	Illumina
014905685	19984	49984095	3180	3160	18	2	127	83	117	Other	Other	Illumina
014905855	23601496	141953703	3382	3330	15	37	5	3	60	Other	Other	CLR
014926565	66923	3233651	3296	3219	34	43	67	27	155	Other	Other	Illumina
015052225	13689	29954	2656	2647	8	1	593	131	75	Other	Other	Illumina
015052245	5745	17036	2254	2242	12	0	870	253	277	Other	Other	Illumina
015052265	7608	18957	2350	2344	6	0	816	209	151	Other	Other	Illumina
015052285	11868	24569	2536	2528	8	0	695	145	71	Other	Other	Illumina
015052305	10032	19550	2417	2406	10	1	778	185	84	Other	Other	Illumina
015052325	7170	18703	2406	2393	13	0	775	194	186	Other	Other	Illumina
015052335	5308	14667	2118	2109	9	0	952	300	254	Other	Other	Illumina
015052345	9409	19269	2447	2437	10	0	722	210	90	Other	Other	Illumina
015052385	9174	20635	2469	2459	10	0	736	176	94	Other	Other	Illumina
015052405	8227	16859	2341	2331	10	0	819	217	123	Other	Other	Illumina
015052425	10150	18115	2421	2412	9	0	787	171	96	Other	Other	Illumina
015052445	10175	23055	2540	2530	9	1	684	156	98	Other	Other	Illumina
015052465	5011	12216	2059	2051	8	0	993	320	240	Other	Other	Illumina
015052485	6093	14052	2199	2190	9	0	926	248	212	Other	Other	Illumina
015052505	7499	20610	2448	2439	8	1	743	192	168	Other	Other	Illumina
015052525	6620	19141	2303	2297	5	1	861	208	198	Other	Other	Illumina
015052545	9800	18683	2438	2427	10	1	740	195	75	Other	Other	Illumina
015052565	11713	24859	2570	2556	13	1	672	138	65	Other	Other	Illumina
015052585	11212	22126	2459	2448	10	1	753	167	99	Other	Other	Illumina
015052595	7234	17379	2323	2314	9	0	841	212	153	Other	Other	Illumina
015052625	6990	16249	2297	2287	10	0	834	241	132	Other	Other	Illumina
015052645	6902	27758	2586	2576	10	0	634	159	130	Other	Other	Illumina
015052665	7784	25160	2686	2681	5	0	555	139	78	Other	Other	Illumina
015052685	11439	20303	2439	2426	13	0	749	191	62	Other	Other	Illumina
015052705	12405	24299	2554	2537	15	2	684	143	82	Other	Other	Illumina
015052725	7973	18219	2331	2325	6	0	834	212	170	Other	Other	Illumina
015074485	160427	43453508	3355	3307	12	36	24	10	60	Other	Other	Illumina
015074505	171836	44432542	3364	3309	18	37	21	4	65	Other	Other	Illumina
015074545	160613	40989367	3355	3305	14	36	30	5	61	Other	Other	Illumina
015074605	170547	45871962	3360	3309	15	36	24	5	61	Other	Other	Illumina
015074625	144515	32066391	3356	3307	15	34	24	9	63	Other	Other	Illumina
015074645	167436	45409765	3366	3318	13	35	19	3	66	Other	Other	Illumina
015074705	153813	44253185	3354	3305	11	38	26	10	63	Other	Other	Illumina
015074765	153047	31061124	3350	3306	10	34	30	10	60	Other	Other	Illumina
015074965	162892	45373987	3358	3312	10	36	24	8	66	Other	Other	Illumina
015075025	161283	38555253	3357	3311	11	35	20	12	62	Other	Other	Illumina
015075045	157694	42036344	3359	3310	13	36	22	8	73	Other	Other	Illumina
015075805	149250	38268232	3356	3310	9	37	27	7	63	Other	Other	Illumina
015075825	153629	39695717	3356	3311	12	33	26	8	64	Other	Other	Illumina
015075925	152868	45525811	3352	3302	13	37	29	8	55	Other	Other	Illumina
015075945	160964	38030389	3356	3309	10	37	29	5	61	Other	Other	Illumina
015075955	185364	29086062	3364	3317	12	35	18	6	58	Other	Other	Illumina
015076025	169733	41990822	3354	3305	14	35	31	5	65	Other	Other	Illumina
015076085	157538	39751565	3362	3317	12	33	23	5	60	Other	Other	Illumina
015076105	153008	44800067	3346	3298	14	34	28	15	67	Other	Other	Illumina
015076135	158802	37043409	3354	3308	12	34	28	7	62	Other	Other	Illumina
015076185	150443	37985945	3357	3308	13	36	31	2	69	Other	Other	Illumina
015076225	156256	38580452	3352	3304	13	35	30	8	62	Other	Other	Illumina
015078775	154794	45659111	3360	3313	10	37	23	7	62	Other	Other	Illumina
015078795	146811	42326889	3349	3300	13	36	30	11	62	Other	Other	Illumina
015078815	153334	39722790	3353	3292	26	35	29	7	65	Other	Other	Illumina
015081215	158512	39649392	3367	3313	15	39	18	5	54	Other	Other	Illumina
015082035	803221	951958	3237	3189	41	7	66	87	482	Other	Other	PacBio
015086715	160289	42178816	3363	3315	12	36	20	7	60	Other	Other	Illumina
015086755	155575	45717883	3361	3315	11	35	16	12	57	Other	Other	Illumina
015089475	149935	28374085	3355	3301	16	38	25	10	66	Other	Other	Illumina
015089695	159076	43897344	3358	3312	11	35	18	12	66	Other	Other	Illumina
015093275	169969	23635109	3356	3312	10	34	26	7	65	Other	Other	Illumina
015095755	156734	40977749	3349	3300	14	35	32	9	63	Other	Other	Illumina
015095775	181399	33882980	3358	3313	10	35	26	5	59	Other	Other	Illumina
015098175	183712	29529062	3351	3303	11	37	31	8	63	Other	Other	Illumina
015098195	157800	43410930	3353	3307	9	37	29	7	57	Other	Other	Illumina
015100035	162773	55259286	3361	3316	10	35	22	5	57	Other	Other	Illumina
015100055	156481	46022845	3358	3315	10	33	23	9	59	Other	Other	Illumina
015101655	159338	39528123	3356	3311	9	36	24	9	60	Other	Other	Illumina
015101705	159217	37358972	3360	3308	15	37	23	6	63	Other	Other	Illumina
015102055	7357	16938	2323	2313	10	0	832	229	132	Other	Other	Illumina
015102085	7992	16869	2325	2321	3	1	832	226	125	Other	Other	Illumina
015102115	6445	15631	2274	2260	13	1	850	248	154	Other	Other	Illumina
015102135	7663	18509	2405	2395	9	1	802	174	158	Other	Other	Illumina
015102155	10334	21973	2489	2477	12	0	722	169	99	Other	Other	Illumina
015102175	7350	17510	2349	2342	7	0	797	228	155	Other	Other	Illumina
015102195	8402	17411	2327	2315	11	1	832	217	90	Other	Other	Illumina
015102225	10882	20963	2452	2442	9	1	727	200	66	Other	Other	Illumina
015102255	6907	14169	2263	2251	12	0	883	234	53	Other	Other	Illumina
015102275	10123	18327	2405	2397	8	0	794	177	80	Other	Other	Illumina
015102295	6878	16786	2290	2279	11	0	848	240	140	Other	Other	Illumina
015102315	7123	16537	2286	2274	12	0	841	246	128	Other	Other	Illumina
015102335	8563	18799	2402	2387	15	0	770	206	91	Other	Other	Illumina
015102355	9382	19239	2414	2405	9	0	760	207	156	Other	Other	Illumina
015102375	156347	44517797	3361	3307	17	37	25	4	64	Other	Other	Illumina
015102395	6156	16237	2287	2278	9	0	886	208	132	Other	Other	Illumina
015102475	160506	37325611	3358	3310	12	36	25	6	62	Other	Other	Illumina
015102495	8365	15698	2293	2284	9	0	834	250	77	Other	Other	Illumina
015102515	6282	15928	2267	2260	5	2	880	230	219	Other	Other	Illumina
015102555	9657	19402	2411	2401	10	0	758	205	98	Other	Other	Illumina
015102575	7539	14114	2222	2214	8	0	914	242	107	Other	Other	Illumina
015102595	6844	16298	2288	2280	7	1	846	238	179	Other	Other	Illumina
015102605	7283	14042	2198	2183	14	1	888	286	116	Other	Other	Illumina
015102635	8211	18402	2380	2372	8	0	771	226	119	Other	Other	Illumina
015102655	5514	11547	2027	2024	3	0	989	350	117	Other	Other	Illumina
015102675	7921	16758	2297	2292	5	0	823	257	122	Other	Other	Illumina
015102695	10025	18334	2390	2379	11	0	786	199	70	Other	Other	Illumina
015102705	5846	14692	2211	2204	7	0	890	276	199	Other	Other	Illumina
015102735	6984	16681	2337	2332	5	0	790	251	142	Other	Other	Illumina
015102755	8147	15846	2315	2308	7	0	807	251	108	Other	Other	Illumina
015102775	8230	20326	2427	2416	10	1	790	166	158	Other	Other	Illumina
015102795	7795	15774	2250	2242	8	0	887	236	171	Other	Other	Illumina
015102815	8411	20481	2425	2417	8	0	777	182	163	Other	Other	Illumina
015102835	5833	10361	1936	1920	16	0	1093	342	99	Other	Other	Illumina
015102855	6398	16723	2326	2317	8	1	801	250	187	Other	Other	Illumina
015102875	6491	11954	2059	2057	1	1	1017	296	128	Other	Other	Illumina
015102895	5081	10290	1847	1839	8	0	1073	447	124	Other	Other	Illumina
015102915	7872	15580	2257	2247	10	0	861	261	109	Other	Other	Illumina
015102935	7327	13286	2164	2159	5	0	936	273	110	Other	Other	Illumina
015102955	7541	17668	2323	2313	9	1	816	233	174	Other	Other	Illumina
015102975	7514	16680	2355	2341	14	0	799	222	130	Other	Other	Illumina
015102995	6781	13664	2169	2165	4	0	906	300	117	Other	Other	Illumina
015103015	6608	13765	2189	2183	5	1	893	289	112	Other	Other	Illumina
015103035	8168	18816	2406	2397	8	1	754	217	91	Other	Other	Illumina
015103055	6700	14375	2194	2191	3	0	953	227	126	Other	Other	Illumina
015103075	10058	16915	2366	2358	7	1	844	171	79	Other	Other	Illumina
015103095	9716	21953	2497	2484	12	1	727	157	116	Other	Other	Illumina
015103115	9288	20999	2445	2436	9	0	738	198	89	Other	Other	Illumina
015103135	7331	16360	2331	2320	10	1	828	216	129	Other	Other	Illumina
015103155	6733	20016	2325	2315	10	0	813	241	249	Other	Other	Illumina
015103175	6722	14233	2206	2195	11	0	904	266	182	Other	Other	Illumina
015103195	7134	17514	2326	2317	8	1	833	212	94	Other	Other	Illumina
015103215	9984	18821	2428	2417	11	0	741	204	72	Other	Other	Illumina
015103235	10117	19794	2408	2398	9	1	753	210	119	Other	Other	Illumina
015103255	6972	17098	2298	2291	7	0	845	238	121	Other	Other	Illumina
015103275	10563	20832	2469	2459	10	0	742	172	77	Other	Other	Illumina
015103295	3997	8315	1643	1637	6	0	1279	442	141	Other	Other	Illumina
015103315	6363	10958	1984	1981	3	0	1071	316	118	Other	Other	Illumina
015103335	5584	9632	1832	1827	5	0	1072	467	105	Other	Other	Illumina
015103355	7736	21982	2474	2464	9	1	744	163	155	Other	Other	Illumina
015103375	6898	15335	2248	2242	5	1	881	245	141	Other	Other	Illumina
015103395	7844	15931	2299	2291	8	0	838	234	96	Other	Other	Illumina
015103415	8477	15189	2282	2272	9	1	862	230	78	Other	Other	Illumina
015103435	7003	13749	2188	2183	5	0	947	238	88	Other	Other	Illumina
015103455	4100	6153	1332	1326	6	0	1386	644	96	Other	Other	Illumina
015103475	6236	13770	2123	2115	8	0	979	277	134	Other	Other	Illumina
015103495	6251	12675	2095	2089	6	0	984	291	115	Other	Other	Illumina
015103515	6420	12848	2122	2113	9	0	976	281	101	Other	Other	Illumina
015103535	6680	12481	2103	2094	9	0	996	270	88	Other	Other	Illumina
015103555	7255	14526	2223	2212	11	0	898	255	110	Other	Other	Illumina
015103575	5417	10142	1907	1897	9	1	1112	346	117	Other	Other	Illumina
015103595	5597	11027	1979	1976	3	0	1060	329	145	Other	Other	Illumina
015103615	4386	9403	1869	1860	8	1	1110	393	134	Other	Other	Illumina
015103635	9422	17528	2344	2335	9	0	825	210	65	Other	Other	Illumina
015103655	7725	17001	2350	2341	9	0	802	225	112	Other	Other	Illumina
015103675	7160	16130	2301	2292	9	0	840	234	148	Other	Other	Illumina
015103695	7968	17062	2343	2329	14	0	815	222	116	Other	Other	Illumina
015103715	7442	16407	2295	2280	14	1	845	241	155	Other	Other	Illumina
015103735	8483	16035	2313	2304	8	1	856	204	121	Other	Other	Illumina
015103755	6950	13822	2173	2165	8	0	950	253	93	Other	Other	Illumina
015103775	8597	20823	2447	2436	11	0	755	177	150	Other	Other	Illumina
015103795	7181	15111	2213	2201	12	0	924	237	155	Other	Other	Illumina
015103815	7015	21625	2453	2443	8	2	740	184	140	Other	Other	Illumina
015103835	6766	20492	2416	2404	10	2	771	195	165	Other	Other	Illumina
015103855	7081	20582	2418	2411	6	1	756	204	203	Other	Other	Illumina
015103875	7590	16866	2342	2332	9	1	805	229	145	Other	Other	Illumina
015103895	6855	20979	2393	2383	10	0	785	202	172	Other	Other	Illumina
015103915	6985	21185	2433	2424	9	0	762	184	192	Other	Other	Illumina
015103935	7434	14478	2257	2251	5	1	890	229	140	Other	Other	Illumina
015103955	7519	16957	2334	2326	8	0	822	223	143	Other	Other	Illumina
015103975	6114	16001	2282	2273	9	0	855	242	175	Other	Other	Illumina
015103995	5650	14630	2201	2192	9	0	908	261	180	Other	Other	Illumina
015104015	9714	17043	2380	2369	9	2	820	180	91	Other	Other	Illumina
015104035	6709	16660	2335	2324	11	0	811	231	149	Other	Other	Illumina
015104055	172820	21804196	3361	3308	16	37	25	3	62	Other	Other	Illumina
015104075	8405	18897	2408	2397	11	0	747	225	138	Other	Other	Illumina
015104115	177032	25143891	3356	3308	12	36	27	6	68	Other	Other	Illumina
015104155	7629	17726	2336	2324	12	0	795	243	151	Other	Other	Illumina
015104175	8047	16943	2392	2383	9	0	786	198	116	Other	Other	Illumina
015104195	8324	20527	2428	2418	10	0	757	192	116	Other	Other	Illumina
015104215	7500	13688	2164	2155	7	2	935	275	106	Other	Other	Illumina
015104235	7400	14303	2273	2271	2	0	876	223	115	Other	Other	Illumina
015104255	9377	18387	2424	2415	8	1	766	192	123	Other	Other	Illumina
015104275	6888	15646	2250	2240	10	0	876	252	167	Other	Other	Illumina
015104295	7202	14910	2256	2248	7	1	873	251	144	Other	Other	Illumina
015104315	5269	8618	1807	1798	8	1	1107	455	55	Other	Other	Illumina
015104335	7084	10568	1976	1966	9	1	1018	379	62	Other	Other	Illumina
015104355	7524	12581	2012	1999	12	1	992	373	82	Other	Other	Illumina
015104375	6350	11019	1933	1924	9	0	1047	394	94	Other	Other	Illumina
015104405	8373	17371	2295	2286	7	2	843	234	109	Other	Other	Illumina
015104425	9461	21364	2511	2504	7	0	700	170	105	Other	Other	Illumina
015104445	5495	13354	2117	2110	4	3	955	297	201	Other	Other	Illumina
015104465	7850	17227	2327	2316	10	1	825	230	150	Other	Other	Illumina
015104495	7107	20288	2393	2384	8	1	777	207	188	Other	Other	Illumina
015104515	12577	25573	2578	2563	14	1	647	157	92	Other	Other	Illumina
015104535	8427	20905	2452	2439	13	0	748	180	137	Other	Other	Illumina
015104555	6496	17050	2299	2290	9	0	861	219	197	Other	Other	Illumina
015104565	7877	24055	2519	2506	13	0	694	170	165	Other	Other	Illumina
015104595	9207	19398	2389	2380	9	0	800	189	97	Other	Other	Illumina
015104615	7660	16891	2282	2274	8	0	867	227	92	Other	Other	Illumina
015104635	7919	18754	2370	2357	13	0	804	202	152	Other	Other	Illumina
015104655	8441	17144	2356	2346	10	0	801	222	121	Other	Other	Illumina
015104675	7535	17828	2345	2334	10	1	806	227	150	Other	Other	Illumina
015104695	7157	14903	2210	2198	12	0	904	264	123	Other	Other	Illumina
015104715	8575	15853	2337	2325	12	0	799	241	85	Other	Other	Illumina
015104735	7597	14583	2224	2214	10	0	877	271	101	Other	Other	Illumina
015104745	8508	19013	2351	2339	11	1	795	232	130	Other	Other	Illumina
015104775	6433	14453	2210	2199	11	0	888	275	170	Other	Other	Illumina
015104795	6980	11695	2010	2005	5	0	981	378	80	Other	Other	Illumina
015104815	5857	11391	2029	2016	13	0	999	345	142	Other	Other	Illumina
015104835	5283	9556	1814	1808	6	0	1073	485	124	Other	Other	Illumina
015104855	7270	14843	2228	2219	9	0	885	261	110	Other	Other	Illumina
015104875	6771	17380	2357	2348	8	1	789	236	167	Other	Other	Illumina
015104895	5613	11410	1991	1983	8	0	1021	358	146	Other	Other	Illumina
015104915	5621	8766	1903	1898	5	0	1140	328	76	Other	Other	Illumina
015104925	7763	14761	2241	2233	7	1	882	254	96	Other	Other	Illumina
015104955	5944	11588	2034	2027	7	0	1010	328	136	Other	Other	Illumina
015104975	5159	12215	2008	2002	5	1	1050	307	253	Other	Other	Illumina
015104995	9729	18895	2392	2384	8	0	785	201	98	Other	Other	Illumina
015105015	9606	19482	2413	2406	7	0	762	205	100	Other	Other	Illumina
015105035	5984	16378	2256	2248	8	0	831	286	212	Other	Other	Illumina
015105055	8475	15601	2312	2301	10	1	834	234	113	Other	Other	Illumina
015105075	7215	14368	2189	2180	9	0	912	273	134	Other	Other	Illumina
015105095	6554	16149	2240	2232	7	1	875	258	184	Other	Other	Illumina
015105115	6244	12656	2089	2083	6	0	992	297	138	Other	Other	Illumina
015105135	7725	14457	2229	2220	8	1	894	251	112	Other	Other	Illumina
015105155	7670	15820	2240	2230	9	1	898	237	129	Other	Other	Illumina
015105175	5802	14465	2194	2187	6	1	905	273	214	Other	Other	Illumina
015105195	9218	21236	2477	2467	10	0	737	168	126	Other	Other	Illumina
015105215	6032	14447	2162	2154	7	1	957	254	86	Other	Other	Illumina
015105235	7018	18184	2330	2323	7	0	854	194	174	Other	Other	Illumina
015105255	12456	25202	2558	2551	6	1	675	146	73	Other	Other	Illumina
015105275	7150	19295	2331	2324	7	0	815	228	221	Other	Other	Illumina
015105295	10045	18363	2382	2370	12	0	797	203	67	Other	Other	Illumina
015105315	6345	15125	2206	2197	9	0	890	279	178	Other	Other	Illumina
015105335	10025	18997	2409	2402	6	1	752	218	91	Other	Other	Illumina
015105355	7632	14879	2240	2232	6	2	880	255	127	Other	Other	Illumina
015105375	8041	15481	2255	2248	7	0	881	241	111	Other	Other	Illumina
015105395	8532	18026	2355	2345	9	1	808	217	131	Other	Other	Illumina
015105415	7546	13791	2191	2187	4	0	921	264	103	Other	Other	Illumina
015105435	9685	19804	2430	2418	12	0	773	178	97	Other	Other	Illumina
015105455	6854	13279	2143	2131	12	0	947	280	124	Other	Other	Illumina
015105475	8585	22433	2467	2453	13	1	734	174	153	Other	Other	Illumina
015105495	10910	19109	2389	2380	8	1	782	208	53	Other	Other	Illumina
015105515	5851	17348	2266	2257	9	0	859	251	258	Other	Other	Illumina
015105535	7088	16361	2288	2281	7	0	836	249	136	Other	Other	Illumina
015105555	6598	15974	2267	2257	10	0	855	252	169	Other	Other	Illumina
015105575	5771	12733	2093	2087	6	0	971	311	117	Other	Other	Illumina
015105585	8430	21289	2462	2452	10	0	736	177	145	Other	Other	Illumina
015105615	9156	22774	2510	2499	10	1	702	171	109	Other	Other	Illumina
015105635	7316	15006	2232	2221	11	0	892	257	97	Other	Other	Illumina
015105655	9597	23755	2508	2495	13	0	710	162	152	Other	Other	Illumina
015105675	8776	14323	2238	2225	13	0	899	238	65	Other	Other	Illumina
015105695	10655	23285	2549	2541	8	0	671	159	94	Other	Other	Illumina
015105715	8956	21523	2455	2448	7	0	744	179	166	Other	Other	Illumina
015105735	12200	24685	2565	2555	10	0	655	156	82	Other	Other	Illumina
015105755	8556	15101	2252	2243	9	0	876	245	106	Other	Other	Illumina
015105775	5645	14986	2186	2180	6	0	915	271	187	Other	Other	Illumina
015105815	161191	44667526	3357	3310	13	34	24	7	58	Other	Other	Illumina
015105835	162643	39484061	3357	3312	10	35	24	8	57	Other	Other	Illumina
015105895	6690	13366	2179	2172	7	0	914	284	108	Other	Other	Illumina
015105915	5610	12428	2165	2158	7	0	945	264	129	Other	Other	Illumina
015105935	9596	15573	2318	2307	9	2	854	205	66	Other	Other	Illumina
015105955	7873	15727	2296	2285	10	1	844	230	93	Other	Other	Illumina
015105975	10331	18043	2332	2325	6	1	844	203	55	Other	Other	Illumina
015105995	10255	17148	2342	2335	7	0	841	200	54	Other	Other	Illumina
015106015	7752	15201	2273	2264	9	0	881	227	127	Other	Other	Illumina
015106035	8744	17134	2340	2328	12	0	821	218	94	Other	Other	Illumina
015106055	9692	21192	2469	2462	7	0	735	173	133	Other	Other	Illumina
015106075	12300	25951	2567	2555	12	0	668	145	85	Other	Other	Illumina
015106095	10130	18982	2421	2413	8	0	775	183	92	Other	Other	Illumina
015106115	6137	14336	2143	2137	5	1	956	275	173	Other	Other	Illumina
015106135	7368	14513	2202	2196	6	0	877	298	103	Other	Other	Illumina
015106155	6892	12786	2107	2099	7	1	1007	263	129	Other	Other	Illumina
015106175	7406	14497	2256	2247	7	2	885	228	113	Other	Other	Illumina
015106195	8483	18284	2400	2392	8	0	790	193	96	Other	Other	Illumina
015106215	8883	17278	2376	2356	19	1	800	204	92	Other	Other	Illumina
015106235	5676	15118	2206	2196	9	1	912	262	220	Other	Other	Illumina
015106255	11849	26743	2611	2598	13	0	617	154	91	Other	Other	Illumina
015106275	6173	20040	2356	2346	10	0	810	214	218	Other	Other	Illumina
015106295	7238	13602	2056	2047	9	0	939	387	102	Other	Other	Illumina
015106315	9004	22833	2485	2472	13	0	738	156	155	Other	Other	Illumina
015106335	7457	13339	2168	2163	4	1	960	249	106	Other	Other	Illumina
015106355	6266	11129	1955	1947	8	0	1039	383	125	Other	Other	Illumina
015106375	5379	13987	2177	2166	11	0	916	275	195	Other	Other	Illumina
015106395	6585	12855	2152	2143	9	0	946	272	133	Other	Other	Illumina
015106415	7107	19750	2364	2347	17	0	794	217	220	Other	Other	Illumina
015106425	6400	14633	2245	2239	6	0	882	251	177	Other	Other	Illumina
015106455	9060	18689	2409	2401	8	0	766	204	91	Other	Other	Illumina
015106475	8978	17590	2288	2280	8	0	862	225	115	Other	Other	Illumina
015106495	9451	21783	2479	2471	8	0	718	181	137	Other	Other	Illumina
015106515	6511	11936	2050	2041	8	1	1031	291	123	Other	Other	Illumina
015106535	6194	16229	2238	2228	10	0	844	285	188	Other	Other	Illumina
015106555	7127	13129	2148	2139	9	0	988	236	89	Other	Other	Illumina
015106575	12422	23944	2547	2532	14	1	688	145	59	Other	Other	Illumina
015106585	8327	16923	2337	2329	8	0	831	212	104	Other	Other	Illumina
015106615	10651	19521	2437	2431	6	0	776	164	86	Other	Other	Illumina
015106635	10750	18930	2474	2463	9	2	736	170	76	Other	Other	Illumina
015106655	10351	29145	2691	2680	10	1	559	131	121	Other	Other	Illumina
015106675	13274	27743	2608	2595	12	1	650	126	64	Other	Other	Illumina
015106695	11620	20245	2479	2465	13	1	743	158	60	Other	Other	Illumina
015106715	9052	28157	2586	2576	9	1	651	144	70	Other	Other	Illumina
015106735	9481	21263	2352	2344	6	2	847	178	61	Other	Other	Illumina
015106755	12660	33462	2720	2712	8	0	555	108	88	Other	Other	Illumina
015106775	10520	18345	2158	2149	8	1	985	239	74	Other	Other	Illumina
015106795	11961	22844	2508	2499	9	0	708	164	65	Other	Other	Illumina
015106815	7847	14755	2254	2247	7	0	900	222	109	Other	Other	Illumina
015106835	4721	8083	1597	1592	5	0	1258	517	161	Other	Other	Illumina
015106855	7887	14890	2264	2255	9	0	901	217	116	Other	Other	Illumina
015106875	5471	12131	2057	2050	6	1	998	321	130	Other	Other	Illumina
015106895	7523	15765	2299	2290	9	0	847	233	88	Other	Other	Illumina
015106915	7749	17400	2357	2348	9	0	818	201	106	Other	Other	Illumina
015106935	6807	15481	2231	2222	9	0	890	247	137	Other	Other	Illumina
015106955	8476	21112	2475	2463	12	0	742	164	152	Other	Other	Illumina
015106975	9226	19663	2427	2419	8	0	747	204	126	Other	Other	Illumina
015106995	6737	15782	2245	2234	11	0	850	276	109	Other	Other	Illumina
015107015	11917	24524	2559	2549	10	0	676	147	70	Other	Other	Illumina
015107025	8256	20607	2423	2412	11	0	727	228	133	Other	Other	Illumina
015107055	8049	20185	2438	2428	10	0	753	185	159	Other	Other	Illumina
015107075	10647	19014	2436	2423	13	0	739	202	75	Other	Other	Illumina
015107095	8305	14345	2274	2265	8	1	845	251	96	Other	Other	Illumina
015107115	7635	17330	2353	2346	7	0	822	204	185	Other	Other	Illumina
015107135	5919	15719	2223	2215	8	0	881	271	173	Other	Other	Illumina
015107155	9151	19199	2384	2376	8	0	781	215	101	Other	Other	Illumina
015107175	160233	32560710	3354	3294	26	34	29	7	71	Other	Other	Illumina
015107195	156808	39341185	3349	3302	13	34	31	10	65	Other	Other	Illumina
015107215	11088	23397	2538	2531	7	0	686	155	73	Other	Other	Illumina
015107235	10394	23083	2565	2556	8	1	669	144	80	Other	Other	Illumina
015107255	7494	14676	2213	2208	5	0	912	247	120	Other	Other	Illumina
015107295	9005	23414	2524	2519	5	0	697	164	122	Other	Other	Illumina
015107315	8724	17899	2381	2369	12	0	804	199	113	Other	Other	Illumina
015107335	5747	13421	2150	2144	6	0	943	285	200	Other	Other	Illumina
015107355	9055	18069	2401	2390	11	0	765	212	96	Other	Other	Illumina
015107375	8143	14892	2260	2248	12	0	876	244	76	Other	Other	Illumina
015107395	6303	12451	2119	2116	3	0	946	314	105	Other	Other	Illumina
015107415	6465	12283	2074	2068	5	1	1025	271	168	Other	Other	Illumina
015107425	6687	13589	2190	2181	9	0	919	259	135	Other	Other	Illumina
015107455	6717	13571	2179	2170	8	1	937	259	153	Other	Other	Illumina
015107475	6991	15213	2193	2183	7	3	924	252	158	Other	Other	Illumina
015107495	9145	16639	2289	2278	8	3	872	215	72	Other	Other	Illumina
015107505	11878	24241	2528	2521	7	0	677	175	82	Other	Other	Illumina
015107535	8383	16457	2276	2270	6	0	852	248	103	Other	Other	Illumina
015107555	11600	26382	2601	2590	9	2	648	135	86	Other	Other	Illumina
015107575	9181	18482	2422	2413	8	1	761	201	79	Other	Other	Illumina
015107595	7433	14108	2186	2183	3	0	955	240	92	Other	Other	Illumina
015107615	7420	15487	2215	2206	9	0	927	242	143	Other	Other	Illumina
015107635	7847	17497	2354	2342	11	1	796	223	95	Other	Other	Illumina
015107655	10032	22631	2514	2506	8	0	695	170	140	Other	Other	Illumina
015107675	7862	18230	2307	2296	11	0	870	203	98	Other	Other	Illumina
015107695	6501	20068	2394	2386	8	0	776	203	200	Other	Other	Illumina
015107715	8530	18818	2348	2342	6	0	857	176	74	Other	Other	Illumina
015107735	9726	21430	2520	2510	9	1	684	176	124	Other	Other	Illumina
015107755	10857	25551	2604	2597	6	1	644	134	116	Other	Other	Illumina
015107775	6007	18023	2262	2250	12	0	867	242	229	Other	Other	Illumina
015107795	13552	29705	2618	2608	7	3	636	127	63	Other	Other	Illumina
015107815	7342	14228	2229	2220	9	0	876	267	116	Other	Other	Illumina
015107835	5492	14233	2228	2217	10	1	887	261	193	Other	Other	Illumina
015107855	11244	20629	2475	2467	7	1	733	174	76	Other	Other	Illumina
015107875	5584	14205	2207	2201	5	1	906	261	157	Other	Other	Illumina
015107895	13348	24150	2543	2535	8	0	686	152	53	Other	Other	Illumina
015107915	9160	20515	2474	2464	10	0	727	179	133	Other	Other	Illumina
015107935	10262	23650	2570	2560	10	0	655	155	123	Other	Other	Illumina
015107955	11305	25001	2555	2546	9	0	686	139	73	Other	Other	Illumina
015107975	8685	17998	2352	2342	10	0	838	194	102	Other	Other	Illumina
015107995	6870	12144	2041	2032	9	0	948	385	104	Other	Other	Illumina
015108015	6577	17728	2336	2327	9	0	820	221	196	Other	Other	Illumina
015108035	8500	18952	2384	2373	10	1	818	180	102	Other	Other	Illumina
015108055	6097	14879	2148	2141	6	1	953	272	185	Other	Other	Illumina
015108065	9810	20085	2410	2398	11	1	757	213	104	Other	Other	Illumina
015108095	6846	20166	2392	2383	9	0	788	195	176	Other	Other	Illumina
015108115	6989	16857	2342	2330	12	0	799	235	165	Other	Other	Illumina
015108135	8475	18827	2397	2386	11	0	769	210	145	Other	Other	Illumina
015108155	9440	21263	2452	2435	15	2	713	212	113	Other	Other	Illumina
015108175	10380	26672	2533	2524	8	1	695	154	55	Other	Other	Illumina
015108195	8522	24065	2486	2481	4	1	717	176	72	Other	Other	Illumina
015108215	8808	20695	2419	2406	13	0	752	214	106	Other	Other	Illumina
015108235	7714	18931	2388	2381	7	0	779	212	160	Other	Other	Illumina
015108255	9033	20079	2443	2434	9	0	717	215	123	Other	Other	Illumina
015108275	10314	21865	2459	2452	7	0	708	212	88	Other	Other	Illumina
015108295	7831	19117	2389	2379	10	0	775	217	191	Other	Other	Illumina
015108315	8316	19532	2393	2384	9	0	766	221	137	Other	Other	Illumina
015108335	8646	20188	2399	2390	9	0	757	221	176	Other	Other	Illumina
015108355	9004	20899	2452	2440	11	1	716	212	135	Other	Other	Illumina
015108375	5565	12383	2047	2040	7	0	981	343	152	Other	Other	Illumina
015108395	10620	21295	2461	2448	13	0	718	203	67	Other	Other	Illumina
015108415	12811	28898	2655	2647	7	1	599	130	102	Other	Other	Illumina
015108435	7160	20723	2424	2408	16	0	778	180	163	Other	Other	Illumina
015108455	8751	17060	2352	2342	10	0	809	218	74	Other	Other	Illumina
015108475	9655	19351	2458	2450	8	0	763	161	96	Other	Other	Illumina
015108495	8670	17757	2103	2097	4	2	994	275	76	Other	Other	Illumina
015108515	12746	37082	2875	2869	6	0	402	110	70	Other	Other	Illumina
015108535	8861	15934	2332	2322	10	0	833	214	109	Other	Other	Illumina
015108555	12324	29581	2722	2712	10	0	542	119	94	Other	Other	Illumina
015108575	8911	22937	2535	2523	11	1	695	151	91	Other	Other	Illumina
015108585	4450	9619	1838	1833	5	0	1141	390	74	Other	Other	Illumina
015108615	4616	10905	1994	1991	3	0	1093	286	87	Other	Other	Illumina
015108635	6409	25636	2630	2624	4	2	601	151	112	Other	Other	Illumina
015108655	12518	23822	2541	2532	9	0	690	152	65	Other	Other	Illumina
015108675	10339	22215	2511	2503	7	1	681	193	90	Other	Other	Illumina
015108695	10891	19942	2407	2395	12	0	768	208	60	Other	Other	Illumina
015108715	6313	10961	1937	1932	5	0	1069	357	192	Other	Other	Illumina
015108735	7325	14071	2247	2243	4	0	875	254	96	Other	Other	Illumina
015108755	9075	20216	2426	2418	8	0	743	204	148	Other	Other	Illumina
015108775	10198	19308	2422	2409	12	1	750	206	69	Other	Other	Illumina
015108795	7023	13822	2212	2204	7	1	891	275	94	Other	Other	Illumina
015108815	10343	18760	2394	2388	6	0	777	208	79	Other	Other	Illumina
015108835	7381	14372	2241	2236	4	1	890	243	88	Other	Other	Illumina
015108855	7285	17219	2351	2339	12	0	797	232	135	Other	Other	Illumina
015108875	9440	19179	2382	2373	8	1	784	212	119	Other	Other	Illumina
015108895	9945	18980	2411	2403	8	0	774	194	100	Other	Other	Illumina
015108915	8747	19393	2449	2442	6	1	722	209	84	Other	Other	Illumina
015108935	6420	13883	2199	2189	9	1	882	290	112	Other	Other	Illumina
015108955	11113	21254	2485	2472	13	0	721	177	83	Other	Other	Illumina
015108975	7611	15111	2275	2267	8	0	879	223	126	Other	Other	Illumina
015108995	7665	13936	2233	2221	11	1	873	261	121	Other	Other	Illumina
015109015	171967	30159514	3355	3310	10	35	25	9	64	Other	Other	Illumina
015109035	8294	16878	2320	2313	6	1	824	227	78	Other	Other	Illumina
015109055	6316	13623	2170	2162	7	1	929	272	120	Other	Other	Illumina
015109115	6386	17377	2342	2332	10	0	825	214	149	Other	Other	Illumina
015109125	6685	17712	2358	2348	10	0	803	218	144	Other	Other	Illumina
015109155	7918	20781	2441	2430	10	1	765	176	125	Other	Other	Illumina
015109175	6025	18478	2378	2367	10	1	808	191	143	Other	Other	Illumina
015109195	6414	17949	2332	2324	7	1	808	239	178	Other	Other	Illumina
015109215	8895	19226	2428	2421	7	0	733	221	83	Other	Other	Illumina
015109235	6122	18032	2338	2329	9	0	787	251	189	Other	Other	Illumina
015109255	7313	20741	2471	2462	9	0	723	180	148	Other	Other	Illumina
015109275	10743	23898	2574	2563	11	0	659	150	73	Other	Other	Illumina
015109285	6159	18898	2362	2352	9	1	809	207	177	Other	Other	Illumina
015109315	10585	25807	2543	2530	12	1	695	147	117	Other	Other	Illumina
015109335	11455	25762	2578	2567	11	0	661	143	69	Other	Other	Illumina
015109345	6221	15111	2218	2203	15	0	898	262	162	Other	Other	Illumina
015109375	11003	22364	2464	2458	6	0	718	195	86	Other	Other	Illumina
015109395	8821	17384	2345	2332	13	0	849	189	76	Other	Other	Illumina
015109415	5756	14794	2202	2194	8	0	889	279	181	Other	Other	Illumina
015109435	8355	18866	2415	2409	6	0	752	209	119	Other	Other	Illumina
015109455	6009	19082	2320	2312	7	1	821	233	225	Other	Other	Illumina
015109475	8184	18012	2358	2349	8	1	802	218	119	Other	Other	Illumina
015109495	6376	15932	2258	2246	12	0	878	242	175	Other	Other	Illumina
015109515	8818	24631	2521	2506	14	1	686	172	131	Other	Other	Illumina
015109535	7680	22947	2457	2446	11	0	750	176	174	Other	Other	Illumina
015109555	11683	24683	2548	2535	12	1	692	143	86	Other	Other	Illumina
015109575	7972	15634	2306	2293	11	2	861	213	86	Other	Other	Illumina
015109595	7477	16192	2302	2299	3	0	831	237	69	Other	Other	Illumina
015109615	12194	23652	2560	2549	10	1	686	134	63	Other	Other	Illumina
015109635	9751	17596	2386	2372	14	0	802	193	64	Other	Other	Illumina
015109655	9858	19635	2455	2446	9	0	733	195	59	Other	Other	Illumina
015109675	9405	17990	2391	2384	7	0	796	197	86	Other	Other	Illumina
015109695	7181	14253	2246	2237	8	1	888	245	79	Other	Other	Illumina
015109715	11820	27013	2585	2566	18	1	657	143	91	Other	Other	Illumina
015109735	10294	19909	2428	2421	7	0	764	190	80	Other	Other	Illumina
015109755	9849	19833	2420	2410	9	1	762	203	94	Other	Other	Illumina
015109775	9971	19045	2387	2375	12	0	796	200	75	Other	Other	Illumina
015109795	9487	17018	2346	2335	11	0	812	219	70	Other	Other	Illumina
015109815	7918	16499	2318	2311	7	0	850	209	110	Other	Other	Illumina
015109835	6103	15064	2201	2191	10	0	896	271	136	Other	Other	Illumina
015109845	6084	15141	2188	2181	7	0	922	264	163	Other	Other	Illumina
015109875	7930	15567	2311	2299	12	0	868	196	97	Other	Other	Illumina
015109895	5787	15869	2206	2196	10	0	907	264	160	Other	Other	Illumina
015109915	8456	18974	2408	2397	11	0	759	213	127	Other	Other	Illumina
015109935	9147	19261	2402	2391	10	1	779	202	78	Other	Other	Illumina
015109955	8555	16982	2334	2325	9	0	817	229	96	Other	Other	Illumina
015109975	9599	18984	2407	2395	12	0	769	205	78	Other	Other	Illumina
015109995	6752	16987	2297	2287	10	0	860	220	200	Other	Other	Illumina
015110015	8120	18384	2401	2390	11	0	786	199	136	Other	Other	Illumina
015110035	8599	16568	2340	2332	8	0	810	226	84	Other	Other	Illumina
015110055	6531	15115	2233	2224	9	0	881	259	173	Other	Other	Illumina
015110075	10380	21118	2478	2470	6	2	708	191	97	Other	Other	Illumina
015110095	8882	19751	2435	2427	6	2	730	210	131	Other	Other	Illumina
015110115	7565	18245	2349	2338	11	0	816	215	198	Other	Other	Illumina
015110135	12237	23529	2534	2525	9	0	687	159	80	Other	Other	Illumina
015110155	10933	20959	2460	2450	10	0	768	152	114	Other	Other	Illumina
015110175	9552	18245	2356	2347	8	1	822	198	109	Other	Other	Illumina
015110195	7510	16994	2264	2258	6	0	880	230	143	Other	Other	Illumina
015110215	8313	21385	2490	2481	9	0	710	183	166	Other	Other	Illumina
015110235	9258	18799	2462	2452	10	0	748	173	109	Other	Other	Illumina
015110255	4602	10562	1933	1928	4	1	1086	342	156	Other	Other	Illumina
015110275	9756	18314	2415	2407	8	0	760	204	94	Other	Other	Illumina
015110295	7039	16110	2290	2284	6	0	855	234	175	Other	Other	Illumina
015110315	6349	13436	2197	2194	3	0	931	244	106	Other	Other	Illumina
015110335	8431	17921	2393	2383	10	0	802	183	102	Other	Other	Illumina
015110355	3035	5573	1035	1031	4	0	1438	891	137	Other	Other	Illumina
015110375	9784	19884	2436	2422	13	1	745	201	75	Other	Other	Illumina
015110395	9247	16513	2360	2350	9	1	809	212	76	Other	Other	Illumina
015110415	11755	23555	2505	2495	10	0	720	154	70	Other	Other	Illumina
015110435	7721	17505	2322	2314	8	0	837	210	101	Other	Other	Illumina
015110455	12535	24325	2537	2529	7	1	704	140	69	Other	Other	Illumina
015110475	8933	18804	2399	2388	11	0	760	215	121	Other	Other	Illumina
015110495	9213	19757	2407	2397	10	0	752	220	126	Other	Other	Illumina
015110515	9336	20177	2445	2435	10	0	718	208	119	Other	Other	Illumina
015110535	157464	31799652	3352	3303	13	36	29	9	67	Other	Other	Illumina
015110565	149502	39758681	3356	3307	12	37	28	5	64	Other	Other	Illumina
015110605	160713	35859222	3361	3315	12	34	24	4	56	Other	Other	Illumina
015110675	7013	19467	2393	2384	9	0	800	189	141	Other	Other	Illumina
015110695	9126	19568	2391	2381	9	1	796	192	99	Other	Other	Illumina
015110715	6124	15749	2252	2245	7	0	861	267	191	Other	Other	Illumina
015110735	6277	16062	2263	2257	6	0	853	259	186	Other	Other	Illumina
015110755	8799	19870	2403	2397	6	0	756	222	122	Other	Other	Illumina
015110765	8167	16545	2331	2319	12	0	819	232	107	Other	Other	Illumina
015110795	7615	16863	2341	2330	11	0	818	219	112	Other	Other	Illumina
015110815	5470	9927	1835	1831	4	0	1109	428	117	Other	Other	Illumina
015110835	5931	12370	2091	2082	9	0	987	289	90	Other	Other	Illumina
015110855	7293	17455	2355	2345	10	0	784	239	103	Other	Other	Illumina
015110875	7434	18145	2362	2352	10	0	785	229	130	Other	Other	Illumina
015110895	6947	15280	2210	2202	8	0	886	280	112	Other	Other	Illumina
015110915	8220	19069	2367	2355	11	1	778	231	119	Other	Other	Illumina
015110935	5170	9547	1761	1755	6	0	1154	460	126	Other	Other	Illumina
015110955	6012	18906	2306	2294	12	0	849	221	214	Other	Other	Illumina
015110975	8262	19609	2396	2389	5	2	785	192	126	Other	Other	Illumina
015110995	7617	18010	2347	2338	8	1	820	208	111	Other	Other	Illumina
015111015	10521	25241	2529	2520	9	0	693	161	106	Other	Other	Illumina
015111035	10011	24680	2543	2531	11	1	694	146	125	Other	Other	Illumina
015111055	8470	23343	2499	2489	9	1	702	176	111	Other	Other	Illumina
015111075	9441	24119	2552	2544	8	0	690	144	99	Other	Other	Illumina
015111095	8060	15542	2277	2267	10	0	852	247	78	Other	Other	Illumina
015111115	7426	13626	2162	2155	7	0	950	260	84	Other	Other	Illumina
015111135	7047	12599	2115	2104	11	0	992	271	89	Other	Other	Illumina
015111155	7387	17019	2276	2265	11	0	873	230	114	Other	Other	Illumina
015111175	7442	17227	2346	2336	10	0	803	228	126	Other	Other	Illumina
015111195	8554	19089	2367	2358	8	1	809	201	79	Other	Other	Illumina
015111215	5671	15329	2223	2213	10	0	884	270	185	Other	Other	Illumina
015111235	6735	16737	2305	2296	9	0	837	234	154	Other	Other	Illumina
015111255	7009	16984	2308	2295	13	0	844	226	132	Other	Other	Illumina
015111275	6649	16567	2306	2295	11	0	831	241	136	Other	Other	Illumina
015111295	7486	17871	2285	2277	7	1	876	220	120	Other	Other	Illumina
015111315	6031	18722	2303	2297	6	0	833	242	198	Other	Other	Illumina
015111335	6535	16542	2315	2307	8	0	841	224	158	Other	Other	Illumina
015111355	7185	21298	2420	2412	8	0	756	199	132	Other	Other	Illumina
015111365	5549	14569	2245	2236	9	0	882	251	148	Other	Other	Illumina
015111395	6214	16068	2310	2302	8	0	830	237	133	Other	Other	Illumina
015111415	6075	18261	2356	2346	10	0	825	198	174	Other	Other	Illumina
015111435	8547	18197	2334	2324	10	0	844	202	87	Other	Other	Illumina
015111455	7050	20831	2398	2385	12	1	776	199	171	Other	Other	Illumina
015111475	9083	20210	2399	2393	6	0	782	196	81	Other	Other	Illumina
015111495	9199	21477	2469	2461	8	0	732	180	87	Other	Other	Illumina
015111515	8114	19252	2394	2384	10	0	786	202	108	Other	Other	Illumina
015111535	7649	18769	2296	2288	8	0	865	215	124	Other	Other	Illumina
015111555	5868	11684	2008	2003	3	2	1064	302	115	Other	Other	Illumina
015111575	7626	18519	2303	2297	5	1	862	214	119	Other	Other	Illumina
015111595	6506	13384	2105	2093	8	4	988	283	120	Other	Other	Illumina
015111615	7544	16381	2318	2309	9	0	834	227	90	Other	Other	Illumina
015111635	6646	15211	2254	2247	7	0	863	261	113	Other	Other	Illumina
015111655	7785	18065	2346	2334	12	0	807	223	126	Other	Other	Illumina
015111675	6217	14322	2190	2182	8	0	908	273	117	Other	Other	Illumina
015111695	7461	16348	2313	2303	10	0	822	240	100	Other	Other	Illumina
015111715	6823	14471	2272	2264	7	1	847	257	104	Other	Other	Illumina
015111735	6009	15817	2250	2241	9	0	880	248	181	Other	Other	Illumina
015111745	7315	15022	2294	2286	8	0	843	244	84	Other	Other	Illumina
015111775	8849	18888	2409	2398	11	0	748	219	104	Other	Other	Illumina
015111795	7219	14819	0	0	0	0	0	3390	1	Other	Other	Illumina
015111815	7703	16824	2327	2322	5	0	840	210	122	Other	Other	Illumina
015111835	7668	22297	2443	2436	6	1	734	198	131	Other	Other	Illumina
015111855	6571	15811	2286	2276	9	1	867	226	131	Other	Other	Illumina
015111875	7273	18594	2342	2335	6	1	780	249	153	Other	Other	Illumina
015111895	8303	17786	2393	2384	8	1	779	206	104	Other	Other	Illumina
015111915	8359	17499	2373	2365	7	1	815	194	91	Other	Other	Illumina
015111935	8132	17310	2418	2408	10	0	758	203	86	Other	Other	Illumina
015111955	7682	15101	2236	2230	6	0	877	261	79	Other	Other	Illumina
015111975	8312	17923	2428	2420	8	0	753	194	80	Other	Other	Illumina
015111995	5576	13945	2190	2179	11	0	918	267	118	Other	Other	Illumina
015112015	7013	14943	2230	2223	7	0	875	271	111	Other	Other	Illumina
015112055	7280	14809	2242	2235	7	0	907	227	87	Other	Other	Illumina
015112075	8530	17162	2282	2271	10	1	845	253	76	Other	Other	Illumina
015112095	7755	15826	2298	2288	10	0	847	233	95	Other	Other	Illumina
015112335	156076	32754590	3359	3310	14	35	23	8	58	Other	Other	Illumina
015112355	149332	48550166	3356	3308	13	35	25	8	59	Other	Other	Illumina
015112375	3614	5860	1617	1609	8	0	1224	518	85	Other	Other	Illumina
015112395	7272	16685	2371	2365	6	0	793	219	74	Other	Other	Illumina
015112415	3079	3962	1049	1046	3	0	1531	773	66	Other	Other	Illumina
015112455	6448	19645	2345	2335	10	0	825	206	182	Other	Other	Illumina
015112475	9625	20533	2484	2474	8	2	712	188	89	Other	Other	Illumina
015112495	7078	16542	2301	2292	8	1	827	246	137	Other	Other	Illumina
015112515	10914	24026	2523	2516	7	0	699	157	81	Other	Other	Illumina
015112535	7512	21305	2426	2415	10	1	756	198	154	Other	Other	Illumina
015112555	7694	18014	2358	2346	12	0	780	243	134	Other	Other	Illumina
015112575	6783	16354	2296	2292	4	0	836	242	142	Other	Other	Illumina
015112595	6211	15293	2217	2205	12	0	896	261	164	Other	Other	Illumina
015112615	7777	17297	2347	2335	11	1	811	223	128	Other	Other	Illumina
015112635	7798	17759	2334	2327	6	1	816	229	110	Other	Other	Illumina
015112655	6737	16132	2298	2290	8	0	839	230	187	Other	Other	Illumina
015112675	6954	13978	2202	2194	8	0	908	262	123	Other	Other	Illumina
015112695	6115	18896	2332	2324	8	0	843	208	174	Other	Other	Illumina
015112775	6472	19553	2343	2336	7	0	813	225	154	Other	Other	Illumina
015112875	167946	38407603	3357	3311	11	35	25	8	53	Other	Other	Illumina
015112895	181708	39722987	3359	3302	19	38	25	6	65	Other	Other	Illumina
015112915	163628	35369270	3367	3317	14	36	17	5	61	Other	Other	Illumina
015112995	5687	11777	2033	2021	11	1	1020	319	175	Other	Other	Illumina
015113015	9731	18817	2404	2396	8	0	768	203	87	Other	Other	Illumina
015113035	2961	3529	986	985	1	0	1613	759	55	Other	Other	Illumina
015113055	9968	20539	2417	2406	9	2	761	208	115	Other	Other	Illumina
015113075	5093	10194	2016	2006	9	1	1041	314	70	Other	Other	Illumina
015113095	9827	22037	2470	2457	13	0	740	171	102	Other	Other	Illumina
015113115	6409	14322	2118	2109	9	0	988	264	146	Other	Other	Illumina
015113135	6132	13449	2108	2097	11	0	977	288	153	Other	Other	Illumina
015113155	7573	20442	2412	2404	8	0	784	180	136	Other	Other	Illumina
015113175	9063	16370	2350	2336	13	1	823	206	88	Other	Other	Illumina
015113195	7012	19935	2388	2379	9	0	790	197	152	Other	Other	Illumina
015113215	9021	19653	2423	2416	6	1	776	180	67	Other	Other	Illumina
015113235	6343	15380	2257	2245	12	0	871	245	120	Other	Other	Illumina
015113255	8310	17260	2337	2328	9	0	813	225	87	Other	Other	Illumina
015113275	8519	17208	2305	2294	11	0	847	230	80	Other	Other	Illumina
015113295	6436	19929	2386	2375	11	0	792	198	169	Other	Other	Illumina
015113315	5758	14942	2244	2234	10	0	862	265	171	Other	Other	Illumina
015117975	173788	59231421	3352	3307	8	37	27	10	55	Other	Other	Illumina
015118035	8469	16698	2342	2331	10	1	826	212	122	Other	Other	Illumina
015119075	153376	44262501	3361	3315	11	35	21	6	59	Other	Other	Illumina
015119085	176818	38584252	3359	3306	19	34	21	8	60	Other	Other	Illumina
015119835	181256	40253908	3360	3312	12	36	22	8	63	Other	Other	Illumina
015119855	161435	39155768	3363	3314	14	35	21	5	73	Other	Other	Illumina
015119865	153035	44628372	3354	3304	13	37	28	8	57	Other	Other	Illumina
015120235	166196	39491798	3359	3312	9	38	25	6	53	Other	Other	Illumina
015120605	159936	34931467	3368	3319	13	36	15	7	56	Other	Other	Illumina
015120625	168552	58927053	3358	3310	14	34	24	8	64	Other	Other	Illumina
015120635	159897	36063915	3355	3312	8	35	28	7	62	Other	Other	Illumina
015121425	162494	79651958	3356	3307	14	35	26	7	61	Other	Other	Illumina
015121455	147312	45111125	3364	3315	14	35	19	6	63	Other	Other	Illumina
015121525	159990	50496515	3359	3305	19	35	19	9	68	Other	Other	Illumina
015121585	179242	39374928	3356	3309	10	37	28	6	59	Other	Other	Illumina
015121625	158657	55818604	3358	3306	17	35	25	6	57	Other	Other	Illumina
015121665	174842	30910346	3348	3294	18	36	31	10	59	Other	Other	Illumina
015121685	163827	51091768	3356	3304	15	37	29	3	61	Other	Other	Illumina
015121695	153407	59066358	3355	3309	11	35	30	5	63	Other	Other	Illumina
015121725	169812	33663930	3352	3302	14	36	27	10	58	Other	Other	Illumina
015121825	178989	44824309	3357	3313	8	36	26	7	57	Other	Other	Illumina
015121865	171504	33921932	3358	3303	19	36	21	10	62	Other	Other	Illumina
015121905	182389	36209120	3360	3311	15	34	22	5	56	Other	Other	Illumina
015121925	195249	26456670	3357	3304	14	39	25	7	63	Other	Other	Illumina
015121975	157460	56679351	3348	3297	15	36	35	7	61	Other	Other	Illumina
015124455	183734	24946616	3361	3313	13	35	25	4	59	Other	Other	Illumina
015124505	186007	38122027	3352	3304	11	37	27	10	63	Other	Other	Illumina
015124935	186502	45585257	3362	3310	16	36	19	8	53	Other	Other	Illumina
015125015	99348	31280262	3219	3171	12	36	121	47	94	Other	Other	Illumina
015125335	182626	34570863	3353	3301	15	37	32	4	49	Other	Other	Illumina
015125395	150413	46081011	3355	3281	39	35	26	7	58	Other	Other	Illumina
015125415	173807	34450898	3355	3307	15	33	28	7	62	Other	Other	Illumina
015125435	183473	32574763	3354	3312	6	36	26	9	55	Other	Other	Illumina
015125915	157261	55314708	3354	3302	16	36	27	8	60	Other	Other	Illumina
015126315	190866	20091767	3354	3303	16	35	29	6	58	Other	Other	Illumina
015126335	192287	31317205	3355	3314	9	32	30	5	60	Other	Other	Illumina
015126875	158371	49894688	3362	3317	9	36	21	6	62	Other	Other	Illumina
015126895	190788	30111734	3357	3313	10	34	23	9	74	Other	Other	Illumina
015126935	189547	15820864	3343	3289	18	36	37	10	69	Other	Other	Illumina
015127365	191827	26187400	3355	3304	14	37	26	8	64	Other	Other	Illumina
015128225	170770	45775076	3360	3311	11	38	27	3	54	Other	Other	Illumina
015128265	195614	31215579	3361	3312	16	33	26	3	60	Other	Other	Illumina
015128285	189192	26665891	3349	3296	17	36	29	11	59	Other	Other	Illumina
015128765	139673	43369916	3335	3284	14	37	41	14	61	Other	Other	Illumina
015128785	177309	39700071	3365	3313	15	37	20	5	68	Other	Other	Illumina
015128845	194930	26911446	3355	3309	12	34	32	3	57	Other	Other	Illumina
015128905	167335	41673219	3361	3309	15	37	24	4	76	Other	Other	Illumina
015128925	166933	40933580	3361	3307	17	37	22	7	64	Other	Other	Illumina
015128985	196406	22023103	3361	3315	11	35	19	8	76	Other	Other	Illumina
015129005	180208	28673149	3356	3313	9	34	27	6	61	Other	Other	Illumina
015129065	194417	27119680	3359	3307	18	34	22	7	63	Other	Other	Illumina
015129105	194470	32463204	3357	3304	17	36	26	7	58	Other	Other	Illumina
015129145	182447	37457361	3356	3307	14	35	24	9	51	Other	Other	Illumina
015129205	194877	25631099	3355	3297	20	38	23	10	59	Other	Other	Illumina
015129255	169231	38675725	3359	3313	8	38	26	5	60	Other	Other	Illumina
015129315	181298	39200011	3366	3322	9	35	18	5	65	Other	Other	Illumina
015129335	177102	38242452	3361	3312	13	36	21	7	59	Other	Other	Illumina
015129375	182966	35171365	3363	3315	10	38	22	4	60	Other	Other	Illumina
015129415	181956	34636279	3363	3314	12	37	20	5	63	Other	Other	Illumina
015129455	181749	24987701	3355	3302	17	36	28	6	65	Other	Other	Illumina
015129515	178988	45261138	3359	3314	8	37	22	7	55	Other	Other	Illumina
015129535	179186	36278116	3360	3314	10	36	26	3	58	Other	Other	Illumina
015129575	182052	37951308	3359	3309	14	36	26	4	62	Other	Other	Illumina
015129635	177032	39844699	3361	3313	12	36	21	6	57	Other	Other	Illumina
015129655	181768	39397452	3355	3308	11	36	25	9	63	Other	Other	Illumina
015129715	183573	25127909	3350	3292	23	35	35	5	71	Other	Other	Illumina
015129725	176781	38667500	3358	3308	14	36	20	11	59	Other	Other	Illumina
015129775	175952	38022605	3358	3306	14	38	24	7	62	Other	Other	Illumina
015143175	170258	27174139	3360	3312	14	34	23	7	52	Other	Other	Illumina
015143195	165533	37949955	3359	3312	12	35	23	8	57	Other	Other	Illumina
015143215	164677	48726488	3358	3311	11	36	21	9	61	Other	Other	Illumina
015143235	155572	48577817	3356	3310	12	34	26	7	58	Other	Other	Illumina
015143255	125860	44841351	3330	3280	13	37	47	13	75	Other	Other	Illumina
015143275	181575	44544189	3366	3318	11	37	17	6	60	Other	Other	Illumina
015143305	180369	25834915	3349	3293	19	37	33	7	59	Other	Other	Illumina
015143765	101135	23730519	3351	3300	16	35	28	11	66	Other	Other	Illumina
015143785	97564	25672575	3349	3298	16	35	30	10	72	Other	Other	Illumina
015143805	104284	21003901	3338	3294	13	31	42	8	59	Other	Other	Illumina
015143825	94756	20764399	3344	3298	13	33	34	11	67	Other	Other	Illumina
015143845	101896	27826823	3347	3297	14	36	34	9	61	Other	Other	Illumina
015143865	99946	26451166	3342	3290	16	36	34	14	55	Other	Other	Illumina
015143885	102960	27031677	3355	3307	12	36	30	5	65	Other	Other	Illumina
015143905	106731	26550341	3349	3305	9	35	31	10	64	Other	Other	Illumina
015143925	86958	19347138	3345	3298	13	34	39	6	70	Other	Other	Illumina
015143945	92284	26342535	3337	3284	17	36	44	9	77	Other	Other	Illumina
015143965	91171	17385211	3331	3274	20	37	53	6	71	Other	Other	Illumina
015143985	95574	29315410	3345	3297	11	37	35	8	58	Other	Other	Illumina
015144005	102914	26298439	3345	3294	16	35	35	9	66	Other	Other	Illumina
015144015	99324	30086307	3350	3304	12	34	27	11	65	Other	Other	Illumina
015144045	165987	32907838	3356	3244	78	34	28	5	59	Other	Other	Illumina
015144085	165461	35123699	3357	3273	50	34	25	8	58	Other	Other	Illumina
015144105	138586	38656602	3353	3237	82	34	28	8	55	Other	Other	Illumina
015144125	169057	27503422	3356	3115	207	34	23	9	59	Other	Other	Illumina
015144145	175975	48218006	3357	3155	166	36	26	5	53	Other	Other	Illumina
015144165	19199	36819	1995	1912	56	27	1068	308	233	Other	Other	Illumina
015144185	166170	24508802	3355	3278	42	35	29	6	67	Other	Other	Illumina
015144205	99055	3303603	3285	3219	31	35	83	20	68	Other	Other	Illumina
015144225	175068	45746764	3357	3239	84	34	24	8	60	Other	Other	Illumina
015144245	173199	32669022	3353	3294	23	36	25	10	64	Other	Other	Illumina
015144265	119578	38216895	3339	3116	194	29	40	10	62	Other	Other	Illumina
015144285	168175	36495059	3357	3286	35	36	28	5	57	Other	Other	Illumina
015144305	163349	32570478	3352	3287	31	34	30	7	62	Other	Other	Illumina
015144325	164198	28857084	3350	3280	32	38	30	10	68	Other	Other	Illumina
015144615	104892	24918051	3348	3301	10	37	31	11	63	Other	Other	Illumina
015144665	160993	25280775	3352	3286	32	34	33	5	57	Other	Other	Illumina
015144705	169707	41100896	3353	3286	35	32	29	6	55	Other	Other	Illumina
015145005	101132	25986070	3355	3304	15	36	26	8	60	Other	Other	Illumina
015145025	87955	21530603	3343	3296	12	35	38	8	70	Other	Other	Illumina
015145045	96202	30247411	3352	3307	9	36	28	9	62	Other	Other	Illumina
015145085	90581	25836622	3346	3299	12	35	38	6	65	Other	Other	Illumina
015145125	171766	26503314	3361	3270	55	36	22	5	69	Other	Other	Illumina
015145165	151382	41029320	3351	2759	563	29	32	7	64	Other	Other	Illumina
015145185	90263	5696092	3299	3221	42	36	66	22	62	Other	Other	Illumina
015145205	161293	34605713	3357	3184	139	34	26	7	65	Other	Other	Illumina
015145225	122174	32603445	3351	3124	196	31	30	9	59	Other	Other	Illumina
015145245	110083	56667237	3333	3284	14	35	45	12	60	Other	Other	Illumina
015145265	115867	39465765	3349	2975	344	30	35	5	57	Other	Other	Illumina
015145285	122427	27946775	3345	3130	186	29	35	9	61	Other	Other	Illumina
015145305	112163	38497240	3344	2871	443	30	37	9	59	Other	Other	Illumina
015145325	121960	28594780	3357	2986	338	33	25	6	61	Other	Other	Illumina
015145365	165051	29093226	3360	3233	93	34	28	2	63	Other	Other	Illumina
015145405	166660	32293630	3359	3298	28	33	23	8	60	Other	Other	Illumina
015145705	115672	32613483	3349	3030	283	36	30	9	75	Other	Other	Illumina
015145775	157198	28920439	3361	3111	219	31	25	3	60	Other	Other	Illumina
015145795	123040	39391847	3350	3308	8	34	34	6	64	Other	Other	Illumina
015145815	112030	29682483	3344	3177	130	37	36	10	67	Other	Other	Illumina
015145835	117548	28344418	3344	2993	322	29	33	12	58	Other	Other	Illumina
015145855	113133	48507166	3346	3299	13	34	32	12	64	Other	Other	Illumina
015145875	172368	30255944	3360	3284	39	37	24	6	66	Other	Other	Illumina
015145915	155314	34235992	3353	3239	80	34	30	6	70	Other	Other	Illumina
015145935	69720	3787535	3301	3225	43	33	73	13	65	Other	Other	Illumina
015146015	113453	29384086	3356	3103	218	35	27	7	74	Other	Other	Illumina
015146155	102286	27576689	3342	3293	15	34	40	8	63	Other	Other	Illumina
015146195	157695	22188534	3350	3283	30	37	30	9	57	Other	Other	Illumina
015146235	165648	32219056	3358	3268	56	34	23	9	54	Other	Other	Illumina
015146255	160524	28842458	3357	3177	147	33	26	6	64	Other	Other	Illumina
015146275	164813	36265675	3360	3270	54	36	23	7	55	Other	Other	Illumina
015146295	155620	31229057	3358	3293	29	36	23	9	61	Other	Other	Illumina
015146315	159090	31156039	3352	3251	71	30	36	2	59	Other	Other	Illumina
015146335	109828	39364341	3346	3290	19	37	30	14	60	Other	Other	Illumina
015146355	162418	28937401	3358	3257	68	33	26	5	62	Other	Other	Illumina
015146375	164778	31262321	3353	3145	176	32	29	7	60	Other	Other	Illumina
015146395	169148	39519062	3360	3261	66	33	23	7	56	Other	Other	Illumina
015146415	118467	26570881	3344	3010	307	27	34	11	61	Other	Other	Illumina
015146425	113842	27874571	3353	3173	147	33	29	7	59	Other	Other	Illumina
015146535	164469	33210645	3360	3273	53	34	21	9	63	Other	Other	Illumina
015146765	152553	33914930	3346	3294	15	37	34	10	66	Other	Other	Illumina
015146785	154674	29428029	3351	3306	11	34	30	7	58	Other	Other	Illumina
015146805	102052	29757995	3346	3303	8	35	34	10	73	Other	Other	Illumina
015146845	100901	28884987	3347	3301	11	35	34	9	58	Other	Other	Illumina
015146865	177041	25809758	3354	3309	10	35	28	7	61	Other	Other	Illumina
015146885	162287	37279690	3345	3287	27	31	31	13	72	Other	Other	Illumina
015146905	175904	18877426	3343	3283	26	34	37	9	61	Other	Other	Illumina
015146925	178606	22004305	3354	3302	14	38	31	4	67	Other	Other	Illumina
015146945	175370	26111160	3369	3316	18	35	18	3	57	Other	Other	Illumina
015146965	154185	33222358	3348	3301	10	37	34	7	53	Other	Other	Illumina
015146985	175886	26141764	3361	3313	14	34	22	6	58	Other	Other	Illumina
015147005	150763	33690870	3356	3308	12	36	24	8	77	Other	Other	Illumina
015147025	157345	38239557	3342	3293	15	34	38	9	71	Other	Other	Illumina
015147045	153429	46456364	3345	3294	17	34	33	11	64	Other	Other	Illumina
015147105	146680	34610610	3346	3290	17	39	36	7	75	Other	Other	Illumina
015147135	159848	40612238	3357	3307	16	34	26	7	67	Other	Other	Illumina
015147445	152354	38610402	3354	3311	8	35	28	6	57	Other	Other	Illumina
015147465	156529	38463331	3349	3298	14	37	32	9	62	Other	Other	Illumina
015147485	143825	31282009	3343	3299	8	36	34	12	60	Other	Other	Illumina
015147505	162418	33337002	3353	3308	10	35	28	7	64	Other	Other	Illumina
015147525	156178	34536369	3352	3300	18	34	33	4	56	Other	Other	Illumina
015147545	150993	30130853	3355	3309	13	33	25	9	60	Other	Other	Illumina
015147565	163240	37568238	3358	3311	11	36	23	9	56	Other	Other	Illumina
015147585	162685	37317986	3359	3311	11	37	18	11	59	Other	Other	Illumina
015147605	146577	26294953	3352	3305	12	35	27	11	62	Other	Other	Illumina
015147625	152256	34627648	3358	3312	12	34	24	8	57	Other	Other	Illumina
015147645	153571	39701805	3359	3316	10	33	24	7	53	Other	Other	Illumina
015147705	171463	30560863	3352	3295	23	34	29	8	63	Other	Other	Illumina
015147995	19047	31096	2108	2086	11	11	1009	249	142	Other	Other	Illumina
015148075	170524	33103413	3355	3261	58	36	27	8	57	Other	Other	Illumina
015148115	167941	30171761	3361	3304	23	34	19	10	57	Other	Other	Illumina
015148135	168948	28207856	3355	3294	27	34	27	8	64	Other	Other	Illumina
015148155	172091	38088042	3355	3257	64	34	24	9	53	Other	Other	Illumina
015148185	173933	39176050	3363	3263	64	36	16	8	59	Other	Other	Illumina
015148205	170355	29439434	3359	3286	38	35	26	5	56	Other	Other	Illumina
015148225	164406	40543912	3364	3315	11	38	21	4	52	Other	Other	Illumina
015148245	163051	38165243	3357	3315	9	33	26	7	65	Other	Other	Illumina
015148265	170327	37712348	3346	3281	31	34	32	12	57	Other	Other	Illumina
015148305	162986	36412923	3348	3299	13	36	36	6	58	Other	Other	Illumina
015148325	165346	38331972	3358	3247	74	37	26	6	57	Other	Other	Illumina
015148335	164936	31260518	3364	3272	59	33	21	5	64	Other	Other	Illumina
015149005	167927	31202278	3362	3264	63	35	22	6	64	Other	Other	Illumina
015149035	166925	34242350	3359	3276	49	34	25	6	62	Other	Other	Illumina
015149075	171494	36610803	3353	3234	87	32	28	7	54	Other	Other	Illumina
015149095	172245	33221647	3351	3294	22	35	29	8	58	Other	Other	Illumina
015149115	171883	36311956	3353	3275	44	34	29	8	61	Other	Other	Illumina
015149135	173869	32311508	3358	3296	26	36	26	5	60	Other	Other	Illumina
015149155	170049	31946621	3344	3294	18	32	36	9	58	Other	Other	Illumina
015149175	170761	37288908	3365	3275	52	38	20	4	59	Other	Other	Illumina
015149195	171901	38213724	3357	3281	39	37	25	8	56	Other	Other	Illumina
015149215	166679	30096108	3347	3277	36	34	25	17	59	Other	Other	Illumina
015149255	165426	27956821	3356	3295	24	37	22	11	63	Other	Other	Illumina
015149295	172234	37947238	3354	3262	59	33	27	9	61	Other	Other	Illumina
015149545	182523	31840375	3359	3313	12	34	21	7	57	Other	Other	Illumina
015149685	177148	44963663	3367	3323	9	35	17	5	52	Other	Other	Illumina
015149705	178609	28644368	3343	3285	21	37	38	8	68	Other	Other	Illumina
015149725	179414	33062742	3362	3314	12	36	20	6	61	Other	Other	Illumina
015149745	183759	33112959	3358	3311	13	34	24	7	69	Other	Other	Illumina
015149765	175521	37917574	3353	3296	21	36	25	8	66	Other	Other	Illumina
015149785	181563	31256393	3358	3308	14	36	22	9	54	Other	Other	Illumina
015149805	182708	33320648	3356	3314	7	35	26	8	62	Other	Other	Illumina
015149825	181543	39500940	3365	3313	16	36	23	2	57	Other	Other	Illumina
015149845	179869	32605874	3352	3309	11	32	28	10	63	Other	Other	Illumina
015149875	173586	31260391	3351	3307	9	35	31	8	62	Other	Other	Illumina
015149895	173818	39504936	3353	3304	14	35	29	8	58	Other	Other	Illumina
015149915	175856	33014366	3358	3301	24	33	26	5	60	Other	Other	Illumina
015149935	168325	29635910	3354	3311	8	35	24	11	60	Other	Other	Illumina
015149955	174888	39541615	3352	3298	20	34	32	4	59	Other	Other	Illumina
015149975	174459	39748483	3362	3322	7	33	22	5	57	Other	Other	Illumina
015149995	156116	31286975	3356	3306	14	36	26	8	59	Other	Other	Illumina
015150015	178782	39514261	3361	3318	9	34	23	6	56	Other	Other	Illumina
015150035	177924	32662337	3358	3310	11	37	24	6	55	Other	Other	Illumina
015150055	153419	33469301	3353	3306	12	35	31	5	69	Other	Other	Illumina
015150075	175206	44629954	3354	3308	12	34	29	7	64	Other	Other	Illumina
015150095	161871	34553773	3354	3300	15	39	29	6	63	Other	Other	Illumina
015150115	171127	38636919	3362	3318	7	37	20	7	63	Other	Other	Illumina
015150135	165950	36345747	3357	3311	10	36	25	8	57	Other	Other	Illumina
015150155	161009	33102841	3353	3304	14	35	32	5	65	Other	Other	Illumina
015150175	166712	31980616	3352	3305	10	37	32	4	60	Other	Other	Illumina
015150195	167148	22735485	3350	3306	11	33	30	10	63	Other	Other	Illumina
015150215	171501	46521277	3357	3311	10	36	23	10	60	Other	Other	Illumina
015150235	172959	36365283	3355	3307	13	35	25	10	61	Other	Other	Illumina
015150255	160685	36370310	3352	3301	14	37	29	9	52	Other	Other	Illumina
015150275	167406	26376266	3341	3292	14	35	36	13	64	Other	Other	Illumina
015150295	169848	31972726	3348	3297	14	37	33	9	59	Other	Other	Illumina
015150315	166783	38612108	3358	3307	17	34	27	5	56	Other	Other	Illumina
015150335	171421	37197437	3357	3293	32	32	25	8	54	Other	Other	Illumina
015150355	172597	28034903	3357	3303	19	35	24	8	52	Other	Other	Illumina
015150375	171231	33057997	3352	3251	64	37	30	7	65	Other	Other	Illumina
015150385	168847	38834473	3360	3264	61	35	19	8	60	Other	Other	Illumina
015150415	174544	33012905	3359	3258	65	36	27	4	60	Other	Other	Illumina
015150435	166838	39721343	3357	3276	46	35	28	4	54	Other	Other	Illumina
015150495	173492	44948319	3358	3314	8	36	26	6	60	Other	Other	Illumina
015151895	182753	22826008	3343	3285	22	36	33	11	62	Other	Other	Illumina
015151935	180680	28925991	3354	3304	13	37	24	12	58	Other	Other	Illumina
015151955	169816	46142835	3356	3308	12	36	21	13	63	Other	Other	Illumina
015151995	168006	39677421	3362	3315	11	36	20	8	65	Other	Other	Illumina
015152015	172446	40820422	3357	3306	16	35	24	8	53	Other	Other	Illumina
015152035	177042	38115896	3362	3316	12	34	22	5	65	Other	Other	Illumina
015152055	169015	28830299	3354	3307	12	35	25	11	58	Other	Other	Illumina
015152075	174480	39765596	3355	3308	13	34	28	6	60	Other	Other	Illumina
015152095	178326	38237976	3353	3298	17	38	27	9	57	Other	Other	Illumina
015152115	177278	31897346	3350	3302	13	35	32	7	60	Other	Other	Illumina
015152135	175612	33206526	3350	3296	18	36	29	11	67	Other	Other	Illumina
015152155	179842	45981274	3358	3313	10	35	24	8	55	Other	Other	Illumina
015155735	194567	31004166	3358	3301	23	34	26	6	63	Other	Other	Illumina
015155765	174070	30476419	3350	3300	15	35	32	7	68	Other	Other	Illumina
015156095	193870	25769506	3364	3319	10	35	21	5	59	Other	Other	Illumina
015156235	187522	38486718	3362	3314	11	37	23	5	66	Other	Other	Illumina
015156255	195689	22168344	3361	3311	13	37	23	5	59	Other	Other	Illumina
015156315	151078	39562824	3354	3304	15	35	26	10	62	Other	Other	Illumina
015156355	154824	20686539	3351	3307	11	33	31	8	71	Other	Other	Illumina
015157055	169071	21640495	3360	3317	7	36	18	11	61	Other	Other	Illumina
015157215	164018	18982678	3355	3304	14	37	29	5	70	Other	Other	Illumina
015157255	167429	25016982	3352	3307	9	36	30	6	65	Other	Other	Illumina
015158335	174978	19750943	3361	3308	16	37	23	4	57	Other	Other	Illumina
015158375	182456	31985384	3358	3311	13	34	22	10	68	Other	Other	Illumina
015158395	153631	44185186	3359	3314	10	35	20	11	65	Other	Other	Illumina
015158415	148671	30123679	3365	3318	10	37	17	8	62	Other	Other	Illumina
015158525	183360	31458470	3357	3304	15	38	29	3	65	Other	Other	Illumina
015159215	162999	42528777	3358	3313	10	35	25	7	59	Other	Other	Illumina
015159235	161606	34854040	3355	3310	9	36	27	8	67	Other	Other	Illumina
015159295	157471	44992803	3362	3310	20	32	23	5	63	Other	Other	Illumina
015159335	163787	45824098	3356	3310	10	36	27	7	61	Other	Other	Illumina
015159385	184860	28747561	3353	3304	16	33	27	10	66	Other	Other	Illumina
015159515	185382	44872669	3363	3316	9	38	22	4	56	Other	Other	Illumina
015163975	16602	27753	2327	2319	8	0	880	172	72	Iridian	Other	Illumina
015163995	11424	25984154	3319	3214	101	4	45	26	95	Iridian	Other	Illumina
015164015	10294	25260205	3297	3198	95	4	58	35	106	Iridian	Other	Illumina
015227605	1328716	59462841	3334	3327	7	0	26	30	219	Other	Other	CLR
015227895	826960	43947546	3193	3009	183	1	68	129	255	Other	Other	PacBio
015244755	2624235	2624235	3348	2874	471	3	21	21	272	Other	Other	CLR
015252025	839654	81790585	3371	3294	17	60	6	13	73	Other	Other	Illumina
015343265	3269158	15808960	3304	3261	42	1	37	49	99	Other	Other	Other
015343275	97575	4748626	3225	3200	25	0	119	46	75	Other	Other	Illumina
015443085	46208332	102383509	3389	3322	9	58	0	1	181	Other	Other	PacBio
015471245	38278	39959644	3240	3231	8	1	72	78	81	Other	Other	Illumina
015472805	120632	37187087	3376	3369	7	0	7	7	95	Other	Other	Illumina
015472975	40477	32720144	3378	3373	5	0	5	7	63	Other	Other	Illumina
015476345	5679408	76269206	3371	3344	25	2	8	11	171	Other	Other	CLR
015476415	8228494	8228494	3371	3309	26	36	12	7	65	Other	Other	PacBio
015476435	5215207	141840420	3338	3273	31	34	42	10	77	Other	Other	PacBio
015532645	66810	69727445	3259	3254	4	1	76	55	82	Other	Other	Illumina
015598185	25012	38566698	2392	2386	4	2	467	531	358	Other	Other	Illumina
015708405	15058	40148	2795	2788	6	1	479	114	102	Other	Other	Illumina
015708455	6703	25365	2506	2498	8	0	683	186	249	Other	Other	Illumina
015708495	9100	27401	2591	2581	10	0	614	177	180	Other	Other	Illumina
015708515	8450	30184	2635	2628	7	0	597	151	209	Other	Other	Illumina
015708565	8858	27798	2601	2598	2	1	626	154	191	Other	Other	Illumina
015708585	10360	34697	2702	2696	6	0	563	117	172	Other	Other	Illumina
015708855	20854	3555714	3336	3330	4	2	40	14	90	Other	Other	Illumina
015708975	12040	1449398	3209	3199	3	7	137	44	131	Other	Other	Illumina
015710095	13110246	13110246	3389	2969	420	0	1	0	122	Other	Other	PacBio
015711505	58367	110456461	3245	3166	25	54	102	42	116	DNAZoo	Other	Illumina
015741225	78808	71052467	3302	3281	13	8	61	27	89	DNAZoo	Other	Illumina
015776825	4265198	137575542	3373	3365	4	4	8	9	386	Other	Other	CLR
015832195	8515530	72386170	3333	3315	18	0	12	45	66	Other	Other	HiFi
015832495	69919	76655859	3370	3308	9	53	16	4	68	Other	Other	Illumina
015846415	9273388	23627495	3296	3234	62	0	11	83	110	Other	Other	CLR
015883425	150307	72276715	3332	3325	5	2	31	27	69	Other	Other	Illumina
016077235	1362150	1362150	3352	3343	8	1	17	21	84	Other	Other	CLR
016077325	25073460	98589534	3379	3350	12	17	5	6	138	Other	Other	PacBio
016128335	15904022	82725153	3380	3370	10	0	3	7	63	Other	Other	CLR
016161935	33352699	130473029	3387	3361	19	7	1	2	47	Other	Other	ONT
016432855	1804090	44976251	3254	1748	1501	5	74	62	76	Other	Other	CLR
016432865	51843704	636717922	3329	3279	12	38	7	54	74	Other	Other	PacBio
016433145	73170	683521856	3260	3169	17	74	88	41	94	Other	Other	BGI
016509475	82622880	148587958	3388	3366	7	15	1	1	82	Other	Other	PacBio
016509815	83875697	147603332	3388	3375	7	6	1	1	85	Other	Other	PacBio
016545565	18748	29419	2394	2391	3	0	841	146	60	Iridian	Other	Illumina
016545835	2106662	2106662	3315	3279	32	4	18	56	62	Other	Other	PacBio
016586285	17030	134966	3220	3211	8	1	112	57	104	Other	Other	Illumina
016617825	4707	27267	1524	1519	5	0	1051	807	229	Other	Other	ONT
016617885	58312	12863819	3296	3286	10	0	74	20	85	Other	Other	Illumina
016625535	2259908	43135741	3381	3245	135	1	6	3	158	Other	Other	ONT
016630915	2201294	26698546	3295	3284	9	2	35	60	251	Other	Other	ONT
016647715	161314	2028964	3349	3337	12	0	29	11	61	Other	Other	BGI
016695395	12076592	150534096	3380	3330	14	36	3	7	86	Other	Other	CLR
016696395	77883	72733491	3347	3281	27	39	25	18	108	Other	Other	Illumina
016699345	4857773	87238321	3383	3275	20	88	2	5	95	Other	Other	PacBio
016735935	701221	42457289	3271	3251	17	3	56	63	970	Other	Other	PacBio
016745375	295770	11952773	3310	3208	100	2	48	32	87	Other	Other	CLR
016785225	2454095	2454095	3355	3347	8	0	17	18	212	Other	Other	ONT
016785235	538669	2687910	3365	3355	4	6	14	11	88	Other	Other	Illumina
016785265	37510	178074	3204	3190	10	4	117	68	106	Other	Other	Illumina
016785285	352130	5477449	3347	3336	6	5	28	15	69	Other	Other	Illumina
016785305	141808	739841	3361	3351	8	2	20	9	80	Other	Other	Illumina
016785325	14706	66028	2754	2749	5	0	467	161	93	Other	Other	Illumina
016785345	103915	373139	3349	3337	9	3	30	11	65	Other	Other	Illumina
016801045	3478581	29528124	3305	3274	30	1	14	71	130	Other	Other	ONT
016801065	91782	269060969	3304	3261	37	6	46	39	48	Other	Other	Illumina
016801105	30390	35161	2693	2665	26	2	548	144	74	Other	Other	Illumina
016801125	17942	27972	2633	2610	21	2	585	163	95	Other	Other	Illumina
016801145	7736	8815	2002	1976	24	2	999	366	43	Other	Other	Illumina
016801175	19568	33559	2696	2662	33	1	533	150	92	Other	Other	Illumina
016801195	5062	5078	2183	2163	17	3	861	331	55	Other	Other	Illumina
016801255	22589	32599	2644	2616	28	0	588	148	76	Other	Other	Illumina
016801275	29439	2980431	3347	3327	7	13	28	15	97	Other	Other	Illumina
016801295	7447	14162	1794	1781	7	6	1165	402	146	Other	Other	Illumina
016801355	32916	2085423	3317	3307	5	5	55	17	95	Other	Other	Illumina
016801415	90701	267474498	3328	3290	35	3	26	36	53	Other	Other	Illumina
016801845	18418211	22256062	3306	3297	9	0	7	77	147	Other	Other	ONT
016801885	8430381	23928265	3207	3190	17	0	12	171	100	Other	Other	ONT
016801935	33203	25101570	3342	3331	11	0	29	18	106	Other	Other	Illumina
016806645	1538303	1747413	3296	3285	11	0	48	46	65	Other	Other	ONT
016859285	5252707	29220096	3361	3356	4	1	23	6	82	Other	Other	ONT
016859345	11851605	26283175	3312	3305	7	0	5	73	85	Other	Other	ONT
016859755	2301	7215	1497	1486	9	2	1290	585	301	Other	Other	Illumina
016861445	3021417	3021417	3353	3311	42	0	18	19	173	Other	Other	PacBio
016881025	44127	193221680	3314	3279	10	25	54	22	110	Other	Other	Illumina
016906955	10602503	141887063	3386	3374	7	5	3	1	91	Other	Other	CLR
016920845	485752	20445003	3328	3269	59	0	27	35	181	Other	Other	PacBio
016984155	13005	1909966	3304	3293	11	0	62	24	162	Other	Other	Illumina
016984175	21205	1355703	3323	3316	7	0	47	20	124	Other	Other	Illumina
016984195	11051	240484	0	0	0	0	0	3390	1	Other	Other	Illumina
017165655	24330489	45206398	3369	3357	12	0	2	19	63	Other	Other	PacBio
017165825	476524	25843955	3303	3246	57	0	60	27	114	Other	Other	BGI
017165875	87741	103912	2923	2916	6	1	364	95	70	Other	Other	Illumina
017309765	42841	7345465	3135	3122	13	0	112	143	169	Other	Other	Illumina
017309775	36290	11028499	3142	3126	16	0	97	151	165	Other	Other	Illumina
017309825	183402	1025078	3184	3106	78	0	175	31	58	Other	Other	Illumina
017310255	222988	222988	3220	3198	22	0	149	21	59	Other	Other	Illumina
017311145	522833	1959535	3261	2232	1028	1	18	111	76	Other	Other	Illumina
017311185	1258344	1308801	3235	3203	8	24	90	63	88	Other	Other	ONT
017311245	2918	3050	1446	1437	9	0	1302	598	51	Other	Other	Illumina
017311325	206653	72237886	3384	3372	5	7	2	4	73	Other	Other	ONT
017311355	9646	9646	1720	1694	7	19	1255	395	175	Other	Other	Illumina
017311385	3092	3092	877	839	28	10	1514	960	305	Other	Other	Illumina
017311455	718012	728073	3236	3174	15	47	117	35	83	Other	Other	ONT
017315185	196832	19757310	3341	3328	12	1	39	10	68	Other	Other	Illumina
017355495	1753068	1769953	3363	1981	1374	8	19	8	429	Other	Other	ONT
017524585	74601179	105184753	3388	3288	10	90	1	1	61	Other	Other	PacBio
017589495	1188980	35353468	3213	3172	38	3	33	144	221	Other	Other	ONT
017589585	3796120	3796120	3368	3271	90	7	7	15	159	Other	Other	PacBio
017590055	867338	9074114	3362	3358	1	3	20	8	75	Other	Other	Illumina
017590115	466425	10057884	3363	3356	4	3	18	9	76	Other	Other	Illumina
017590135	660259	9601729	3349	3339	5	5	26	15	70	Other	Other	Illumina
017591415	21103	41163702	3328	3325	3	0	36	26	75	Other	Other	Illumina
017591425	29562832	33876933	3375	3133	223	19	3	12	69	Other	Other	PacBio
017591445	11323477	158234173	3379	3237	80	62	6	5	228	Other	Other	ONT
017612475	38076	9685185	3063	3035	24	4	191	133	81	Other	Other	Illumina
017639235	211131	17891236	3286	3189	96	1	29	75	70	Other	Other	Illumina
017639245	22647286	75716676	3383	3361	22	0	2	5	257	Other	Other	CLR
017639285	16035322	76279691	3368	3332	35	1	8	14	369	Other	Other	CLR
017639305	8556976	76919215	3373	3338	34	1	8	9	374	Other	Other	CLR
017639355	26168	89048441	3271	3263	8	0	77	42	126	Other	Other	Illumina
017639785	9471653	85184847	3377	3334	8	35	5	8	85	Other	Other	ONT
017654505	3441286	48906729	3336	1835	1500	1	43	11	76	Other	Other	Illumina
017654675	22451507	155250555	3346	1831	1508	7	14	30	58	Other	Other	CLR
017656035	7005	7375	1242	1238	2	2	1448	666	48	Other	Other	Illumina
017657215	31140	455492	2753	2557	195	1	206	430	117	Other	Other	Illumina
017957985	51011532	138968154	3388	3375	7	6	1	1	219	Other	Other	CLR
018093825	58649	147513233	3285	2818	465	2	44	61	89	Other	Other	Illumina
018104995	315520	77345420	3309	3275	34	0	43	38	75	Other	Other	Illumina
018119265	33715	3068410	3328	3315	6	7	53	9	105	Other	Other	Illumina
018119505	16819	996683	3195	3185	6	4	161	34	196	Other	Other	Illumina
018127105	66287	66287	3036	3032	4	0	304	49	72	Other	Other	Illumina
018136845	4571806	32427226	3349	3213	134	2	20	21	65	Other	Other	ONT
018139145	17075888	85355094	3314	3306	8	0	17	59	102	Other	Other	CLR
018148995	28587	1361887	3344	1398	1936	10	30	16	132	Other	Other	Illumina
018155175	279196	310307	3312	1892	1411	9	40	38	385	Other	Other	PacBio
018167655	34833828	34833828	3377	2934	374	69	4	9	68	Other	Other	HiFi
018282235	228443	27504022	3369	3293	16	60	15	6	77	Other	Other	Illumina
018282365	68474646	87753233	3345	3272	7	66	2	43	115	Other	Other	ONT
018296145	2884253	2884253	3362	1945	1410	7	22	6	165	Other	Other	PacBio
018320785	16477222	51466935	3334	3320	13	1	14	42	55	Other	Other	ONT
018320845	13160103	55981566	3368	3179	186	3	9	13	692	Other	Other	ONT
018340385	1558716	29545497	3355	1390	1962	3	18	17	217	Other	Other	PacBio
018340635	162550	164310	2889	2670	96	123	306	191	450	Other	Other	CLR
018345385	33460300	131537142	3385	3297	16	72	3	2	93	Other	Other	PacBio
018346875	2124	2124	1686	1610	71	5	745	956	144	Other	Other	CLR
018350155	104474415	152606360	3388	3373	8	7	1	1	61	Other	Other	PacBio
018350175	90731473	148491486	3388	3376	8	4	1	1	67	Other	Other	PacBio
018350195	74391967	146942463	3388	3371	4	13	1	1	71	Other	Other	PacBio
018350215	77781637	147402474	3340	3318	6	16	5	45	76	Other	Other	PacBio
018398535	47717	1410599	3335	3310	21	4	43	12	93	Other	Other	PacBio
018398635	71034	30093578	3003	2969	34	0	280	105	326	Other	Other	ONT
018398675	5728271	57494107	3363	1830	1520	13	12	15	384	Other	Other	ONT
018398805	1092820	1152470	3360	3203	157	0	14	16	597	Other	Other	PacBio
018398825	23521	21115316	3191	3186	5	0	112	87	123	Other	Other	ONT
018400075	1203134	54124915	3230	3207	23	0	68	92	154	Other	Other	Illumina
018402905	11002	747629	3005	2971	17	17	247	136	161	Other	Other	Illumina
018403395	42983	73010	2917	2912	5	0	395	74	60	Other	Other	Illumina
018403415	27846	102082	2644	2634	3	7	639	100	88	Other	Other	Illumina
018403435	663630	663630	3231	3215	6	10	137	21	83	Other	Other	ONT
018403475	20893	1540223	3346	3338	7	1	28	16	82	Other	Other	Illumina
018403495	21828	1207037	3335	3326	5	4	38	16	80	Other	Other	Illumina
018403515	15647	1164211	3335	3330	5	0	36	19	84	Other	Other	Illumina
018446365	338034	338034	3160	3139	20	1	144	86	55	Other	Other	PacBio
018466805	8410403	21766359	3311	3288	20	3	24	55	281	Other	Other	PacBio
018466835	112912087	133600428	3389	3326	26	37	0	1	47	Other	Other	HiFi
018466855	117283867	147886747	3389	3329	25	35	0	1	48	Other	Other	HiFi
018467005	102882194	135843703	3346	3291	27	28	4	40	59	Other	Other	HiFi
018467155	111402458	128175991	3389	3327	25	37	0	1	47	Other	Other	HiFi
018469405	119353117	133185412	3389	3325	27	37	0	1	50	Other	Other	HiFi
018469415	111551517	134294824	3388	3324	27	37	1	1	41	Other	Other	HiFi
018469665	126989935	140089099	3389	3326	26	37	0	1	45	Other	Other	HiFi
018469685	132508536	146264433	3387	3324	26	37	0	3	48	Other	Other	HiFi
018469865	106560555	136686401	3384	3322	26	36	1	5	47	Other	Other	HiFi
018469875	101903330	131913761	3389	3327	27	35	0	1	46	Other	Other	HiFi
018469935	135844052	136054812	3389	3326	26	37	0	1	45	Other	Other	HiFi
018469945	96042229	137141014	3389	3323	29	37	0	1	50	Other	Other	HiFi
018470435	111191427	134682376	3343	3288	26	29	4	43	58	Other	Other	HiFi
018470455	91967322	140096138	3389	3326	26	37	0	1	46	Other	Other	HiFi
018471065	133490652	136393325	3389	3324	28	37	0	1	47	Other	Other	HiFi
018471075	106746823	134521685	3346	3287	32	27	4	40	61	Other	Other	HiFi
018471095	109510415	140079229	3389	3325	27	37	0	1	43	Other	Other	HiFi
018471515	111880916	146844925	3389	3328	25	36	0	1	48	Other	Other	HiFi
018471525	126956616	134172392	3389	3325	27	37	0	1	49	Other	Other	HiFi
018471545	112193775	136727744	3389	3326	27	36	0	1	43	Other	Other	HiFi
018472565	98753216	145910189	3376	3312	29	35	1	13	48	Other	Other	HiFi
018472575	136121883	137559864	3345	3291	28	26	5	40	60	Other	Other	HiFi
018472685	103013677	146779742	3389	3325	27	37	0	1	48	Other	Other	HiFi
018472695	134785557	155602998	3389	3326	28	35	0	1	46	Other	Other	HiFi
018472765	100805894	128532055	3389	3327	25	37	0	1	48	Other	Other	HiFi
018472825	132560287	134971037	3389	3327	25	37	0	1	49	Other	Other	HiFi
018472845	133960273	137222114	3389	3324	28	37	0	1	47	Other	Other	HiFi
018472855	91431363	134922011	3388	3327	26	35	0	2	46	Other	Other	HiFi
018473295	102389682	133807500	3389	3326	27	36	0	1	48	Other	Other	HiFi
018491645	5333633	36586440	3120	3093	27	0	23	247	133	Other	Other	PacBio
018503245	106244626	138279518	3389	3324	29	36	0	1	45	Other	Other	HiFi
018503255	97046940	133348541	3389	3312	41	36	0	1	48	Other	Other	HiFi
018503265	98523824	135069098	3389	3328	26	35	0	1	50	Other	Other	HiFi
018503575	89367286	133707953	3389	3328	26	35	0	1	47	Other	Other	HiFi
018504045	107341909	133218714	3345	3292	26	27	5	40	61	Other	Other	HiFi
018504055	123187761	135253577	3389	3323	30	36	0	1	47	Other	Other	HiFi
018504065	110993309	138300147	3389	3321	34	34	0	1	44	Other	Other	HiFi
018504365	105491724	133120182	3389	3326	27	36	0	1	51	Other	Other	HiFi
018504625	92194898	134544231	3389	3326	27	36	0	1	52	Other	Other	HiFi
018504655	97398880	135195836	3389	3331	23	35	0	1	47	Other	Other	HiFi
018505825	106726885	138680953	3389	3328	25	36	0	1	53	Other	Other	HiFi
018505835	108176534	134959787	3346	3294	25	27	4	40	60	Other	Other	HiFi
018505855	97268550	133650875	3346	3289	28	29	4	40	62	Other	Other	HiFi
018506155	97914071	134316203	3346	3292	25	29	4	40	60	Other	Other	HiFi
018506945	107334447	135360093	3346	3295	25	26	4	40	58	Other	Other	HiFi
018506955	116107301	133285220	3389	3324	29	36	0	1	47	Other	Other	HiFi
018555375	5074093	56672075	3369	3172	193	4	9	12	93	Other	Other	PacBio
018555405	24612887	24612887	3376	3363	7	6	10	4	74	Other	Other	HiFi
018691265	17955177	36032128	3387	3351	36	0	1	2	69	Other	Other	CLR
018691325	3177434	3177434	3361	3323	38	0	13	16	294	Other	Other	ONT
018697195	143071	64356598	3315	3290	25	0	44	31	104	Other	Other	PacBio
018703735	101659	37614318	3337	3321	14	2	35	18	83	Other	Other	Illumina
018749465	1965784	38753313	3328	3169	159	0	37	25	89	Other	Other	ONT
018812025	2576066	42265598	3355	3312	42	1	20	15	152	Other	Other	CLR
018831695	1423374	25085836	3365	3195	170	0	9	16	202	Other	Other	ONT
018835635	101548	132426530	3370	3318	8	44	15	5	87	Other	Other	Illumina
018852585	133325902	136921572	3389	3325	28	36	0	1	46	Other	Other	HiFi
018852605	146786823	146786823	3346	3292	26	28	4	40	56	Other	Other	Other
018859375	843367	5589128	3292	3187	89	16	53	45	142	Other	Other	PacBio
018881555	695827	5791924	3369	3362	5	2	14	7	57	Other	Other	Illumina
018904545	98155	5483466	3213	3210	3	0	108	69	94	Other	Other	Illumina
018985215	1208045	4519237	3269	2961	308	0	18	103	443	Other	Other	CLR
018994145	821125	412424790	3041	3004	17	20	102	247	161	Other	Other	PacBio
018997905	13290021	28029688	3307	3295	11	1	25	58	81	Other	Other	ONT
019022865	139644	27289007	3370	3358	5	7	14	6	63	Other	Other	Illumina
019023105	7273401	67281049	3340	3314	23	3	14	36	216	Other	Other	PacBio
019054845	9612466	9612466	3367	3311	11	45	9	14	69	Other	Other	HiFi
019059645	1469537	1469537	3372	3047	323	2	8	10	524	Other	Other	PacBio
019097595	21700000	26010843	3334	3313	21	0	8	48	52	Other	Other	CLR
019097615	14069	28018175	3333	3325	8	0	42	15	72	Other	Other	Illumina
019141135	195311	24868770	3372	3297	21	54	12	6	69	Other	Other	Illumina
019142605	2482587	43987100	3364	3293	70	1	11	15	225	Other	Other	PacBio
019145175	73326320	101973538	3389	3267	16	106	0	1	60	Other	Other	ONT
019155185	5533578	17950327	3347	3316	31	0	9	34	210	Other	Other	ONT
019175285	75501	275632209	3298	3256	36	6	58	34	170	Other	Other	PacBio
019176425	17756893	39402000	3363	3069	290	4	2	25	163	Other	Other	ONT
019176455	1188264	26091242	3355	3277	76	2	19	16	70	Other	Other	ONT
019186645	31525663	39158280	3383	3373	2	8	3	4	62	Other	Other	ONT
019202745	1150608	37994265	3332	3260	67	5	28	30	188	Other	Other	HiFi
019206885	14581	59085254	2924	2764	145	15	270	196	298	Iridian	Other	Illumina
019207145	10154	10154	2035	2012	22	1	1062	277	60	Other	Other	Illumina
019232035	156610	38071269	3279	3267	12	0	35	76	69	Other	Other	Illumina
019232065	177390	34618776	3332	3321	11	0	32	26	70	Other	Other	Illumina
019238085	214153	36287040	3355	3340	15	0	23	12	58	Other	Other	Illumina
019290145	223518	30528819	3354	3326	18	10	28	7	68	Other	Other	Illumina
019320065	914577	77654944	3354	3203	26	125	12	24	91	Other	Other	CLR
019331625	212097	13754762	3118	3109	5	4	191	79	93	Other	Other	Illumina
019345075	97167	11577318	3230	3225	5	0	130	30	63	Other	Other	Illumina
019348595	102497	21297815	3352	3331	8	13	22	16	76	Other	Other	Illumina
019425535	58312	12863819	3296	3286	10	0	74	20	85	Other	Other	Illumina
019425775	30963999	131976892	3382	3366	15	1	3	5	216	Other	Other	ONT
019447015	783846	293320900	3174	3114	57	3	128	88	192	Other	Other	PacBio
019453435	1569660	41510926	3297	3284	13	0	28	65	104	Other	Other	ONT
019455525	9715001	25171794	3381	3371	10	0	6	3	51	Other	Other	PacBio
019455555	64544	8503682	3360	3329	8	23	20	10	75	Other	Other	Illumina
019457695	1484	1564	370	368	2	0	1405	1576	59	Other	Other	Illumina
019472885	9704100	266229956	3315	3249	64	2	18	57	302	Other	Other	CLR
019473425	18985681	264245889	3319	3256	62	1	17	54	260	Other	Other	CLR
019512145	305357	172109237	2820	2741	79	0	324	243	198	Other	Other	PacBio
019593525	17026	20757513	3248	3214	11	23	108	33	121	Other	Other	Illumina
019593555	157489	3632751	3368	3366	2	0	14	8	58	Other	Other	Illumina
019594935	576039	32909307	3288	3185	102	1	31	71	253	Other	Other	PacBio
019650415	6215	7189	896	896	0	0	1620	843	45	Other	Other	Illumina
019677565	7987	198106452	2390	2378	9	3	594	403	290	Other	Other	Illumina
019703515	35119607	47849308	3375	1423	1944	8	6	9	71	Other	Other	ONT
019720715	3878405	29195226	3363	1506	1854	3	10	17	103	Other	Other	PacBio
019721115	14827381	52029803	3375	3338	35	2	8	7	52	Other	Other	HiFi
019740295	10116	13436	2194	2157	36	1	935	244	47	Other	Other	Illumina
019740435	12906370	29761488	3360	3326	34	0	11	19	96	Other	Other	ONT
019775895	9869	24732256	3319	3220	98	1	45	26	86	Iridian	Other	Illumina
019775915	11271	25590949	3308	3214	93	1	48	34	79	Iridian	Other	Illumina
019775955	8888	26003243	3297	3214	83	0	57	36	83	Iridian	Other	Illumina
019776025	66195	12187484	3294	3274	18	2	53	43	135	Other	Other	Illumina
019788955	3575230	7972964	3368	3016	352	0	12	10	42	Other	Other	PacBio
019802435	43875	1083835	3040	3018	21	1	145	204	151	Other	Other	Illumina
019802505	1559451	1559451	3244	3226	16	2	54	92	207	Other	Other	PacBio
019802525	15061137	30856171	3304	3292	8	4	23	63	176	Other	Other	CLR
019802545	12818866	30975377	3316	3305	8	3	24	50	189	Other	Other	CLR
019802575	20993631	20993631	3306	3293	10	3	25	59	208	Other	Other	CLR
019802595	18018000	31867959	3292	3280	10	2	29	69	124	Other	Other	CLR
019843795	11395	16557	1808	1692	67	49	1188	366	207	Other	Other	Illumina
019843815	13907	22327	1943	1858	29	56	1074	349	204	Other	Other	Illumina
019843835	5404	5810	952	901	33	18	1512	893	265	Other	Other	Illumina
019843855	4202	4568	878	851	17	10	1465	1016	257	Other	Other	Illumina
019843895	1709526	28761865	3365	1518	1840	7	10	15	97	Other	Other	PacBio
019843965	79773	7860034	3219	3182	28	9	32	139	90	Other	Other	Illumina
019844195	27270	2320431	3133	3080	39	14	86	168	96	Other	Other	Illumina
019857665	10856	109467076	2925	2915	7	3	299	164	183	Other	Other	Illumina
019903745	168825	54364837	3325	3155	41	129	47	18	125	Other	Other	CLR
019923935	9586610	116997125	3370	3318	6	46	8	12	61	Other	Other	CLR
019924925	19319444	35662356	3347	3242	104	1	8	35	104	Other	Other	CLR
019924945	91188488	148552997	3388	3370	5	13	1	1	56	Other	Other	PacBio
019925145	23572016	33747976	3354	3330	23	1	7	29	2333	Other	Other	ONT
019925165	5160563	43784314	3382	3357	24	1	6	2	107	Other	Other	HiFi
019969365	270765	156272796	3374	3057	246	71	12	4	82	Other	Other	Illumina
019972215	113526	4315844	3311	3272	38	1	41	38	160	Other	Other	CLR
019973915	84203	29176745	3285	3266	19	0	66	38	102	Other	Other	Illumina
020004445	33020	1023051	3358	3282	17	59	26	6	76	Other	Other	Illumina
020004485	44730	4292612	3303	3189	46	68	65	22	109	Other	Other	Illumina
020064045	3106778	3106778	3290	3260	27	3	24	76	148	Other	Other	ONT
020080195	13476833	29922296	3387	3264	122	1	2	1	62	Other	Other	CLR
020085105	20478450	30013189	3359	3350	9	0	2	29	62	Other	Other	ONT
020086605	143569	23147665	3173	2989	183	1	145	69	110	Other	Other	BGI
020091685	2781023	40645435	3358	3350	8	0	21	11	88	Other	Other	BGI
020113195	2596	2601	468	376	90	2	1267	1633	58	Other	Other	Illumina
020137895	202860	4504408	3351	3345	5	1	19	20	70	Other	Other	Illumina
020142125	12043	273212747	3156	3153	1	2	148	84	126	Other	Other	Illumina
020171115	220349319	220349319	3387	3322	23	42	1	2	50	Other	Other	HiFi
020184715	21088021	57786111	3328	3284	42	2	12	50	57	Other	Other	ONT
020226025	24226309	24473636	3270	3194	13	63	22	98	111	Other	Other	ONT
020226045	18600000	113316579	3383	3311	16	56	5	2	79	Other	Other	ONT
020226055	3936592	632083897	3383	3303	7	73	3	4	85	Other	Other	CLR
020226075	131414	74967728	3368	3279	11	78	18	4	110	Other	Other	Illumina
020276665	25225000	646574120	3378	3301	7	70	9	3	86	Other	Other	ONT
020311275	285064	42537617	3378	3340	10	28	10	2	71	Other	Other	Illumina
020368025	5180106	5414873	3333	3318	15	0	17	40	168	Other	Other	ONT
020387435	38579	2298463	3145	2962	103	80	192	51	92	Other	Other	Illumina
020392405	2896	2716299	2618	2597	10	11	493	278	414	Other	Other	Illumina
020395145	49854	1704448	3301	3257	12	32	72	16	99	Other	Other	Illumina
020466265	2340513	51162488	3377	3103	272	2	9	4	91	Other	Other	HiFi
020466415	68851	68240656	2988	2984	3	1	146	254	109	Other	Other	Illumina
020496755	21727292	28367461	3369	3361	8	0	2	19	102	Other	Other	ONT
020497085	20046962	150051441	3382	3331	17	34	7	1	50	Other	Other	HiFi
020497115	24698710	141933136	3388	3337	15	36	1	1	47	Other	Other	HiFi
020497125	15010728	135065811	3385	3338	37	10	3	2	44	Other	Other	CLR
020567905	26066865	139032656	3387	3374	6	7	2	1	53	Other	Other	PacBio
020615455	2177185	52021072	3362	1717	1632	13	23	5	173	Other	Other	ONT
020662805	75533	452493	3221	3142	25	54	139	30	79	Other	Other	Illumina
020698575	28280916	39188678	3318	3294	23	1	17	55	190	Other	Other	CLR
020711275	1066	1066	196	196	0	0	1164	1999	29	Other	Other	Illumina
020740815	182340	183784	3004	2886	33	85	298	85	138	Other	Other	PacBio
020854095	13753271	628486596	3378	3344	8	26	2	10	58	Other	Other	HiFi
020892015	10234	29987	1999	1995	4	0	937	439	148	Other	Other	Illumina
020892055	82194	13304504	3373	3370	3	0	10	7	43	Other	Other	Illumina
020917445	43283	13690488	2843	2838	5	0	357	186	100	Other	Other	Illumina
020975775	13882922	13882922	3378	3368	4	6	7	5	92	Other	Other	PacBio
020976825	28570879	72140960	3337	3193	16	128	2	51	146	Other	Other	PacBio
021018645	81552	1463792	3337	3144	64	129	43	10	108	Other	Other	Illumina
021018665	32707	3039716	3177	3117	11	49	140	73	248	Other	Other	Illumina
021018685	95165	3620116	3334	3289	20	25	45	11	117	Other	Other	Illumina
021018805	7918915	63498583	3361	3311	50	0	5	24	66	Other	Other	HiFi
021018895	17994190	28520646	3367	3357	10	0	6	17	61	Other	Other	PacBio
021028975	9459502	133801376	3177	3166	8	3	103	110	154	Other	Other	Illumina
021039105	3315783	4190967	3286	3261	23	2	55	49	100	Other	Other	HiFi
021130775	5367377	44727000	3383	3324	58	1	5	2	85	Other	Other	CLR
021130815	4405323	145476184	3382	3367	3	12	5	3	60	Other	Other	PacBio
021131075	2141595	147295397	3263	3244	8	11	90	37	128	Other	Other	ONT
021164005	132574	11614700	3204	3186	18	0	127	59	77	Other	Other	Illumina
021184085	1451475	85609528	3367	1938	1424	5	15	8	264	Other	Other	ONT
021186565	890282	23702771	3313	3254	59	0	29	48	93	Other	Other	PacBio
021188215	72158	2128367	3328	3270	10	48	49	12	94	Other	Other	Illumina
021218885	10671126	11523559	3380	3255	22	103	7	3	64	Other	Other	PacBio
021234165	31477943	31477943	3383	3352	13	18	3	4	60	Other	Other	ONT
021234435	22092642	22092642	3375	3361	2	12	8	7	53	Other	Other	ONT
021234545	12577710	69970292	3387	3326	26	35	1	2	60	Other	Other	PacBio
021234555	50551513	104068235	3390	3321	8	61	0	0	68	Other	Other	PacBio
021288785	76189	139676048	3314	3239	41	34	63	13	87	DNAZoo	Other	Illumina
021292215	6360312	6955689	3368	3366	2	0	7	14	392	Other	Other	PacBio
021292245	46775	34173225	3287	3275	12	0	87	16	61	Other	Other	Illumina
021346845	5710868	18096870	3370	3357	12	1	9	11	265	Other	Other	PacBio
021347895	5524274	41709588	3377	3337	40	0	4	9	166	Other	Other	CLR
021347905	8737306	100964413	3390	3318	10	62	0	0	73	Other	Other	CLR
021397915	35833	44264	2974	1692	1277	5	301	112	121	Other	Other	ONT
021398385	3972749	3972749	3350	3348	2	0	18	22	116	Other	Other	CLR
021399835	4207077	16202286	3375	1695	1676	4	10	5	96	Other	Other	CLR
021432705	7719230	46304415	3386	3359	27	0	1	3	220	Other	Other	PacBio
021437185	38559	1604676	3211	3208	3	0	114	65	108	Other	Other	Illumina
021437205	28060	982944	3167	3161	6	0	151	72	171	Other	Other	Illumina
021442165	16022912	65935509	3373	3337	18	18	9	8	69	Other	Other	ONT
021461705	112257	112257	2103	2066	21	16	568	709	1704	Other	Other	ONT
021462335	843055	46819416	3367	3279	30	58	16	7	79	Other	Other	Illumina
021464545	72646	15398518	3346	3293	11	42	36	8	104	Other	Other	Illumina
021464565	12790461	42584803	3367	3321	45	1	7	16	82	Other	Other	PacBio
021464625	7924916	39007679	3323	3309	11	3	14	53	88	Other	Other	HiFi
021464655	3305918	55293470	3343	3262	79	2	19	28	57	Other	Other	CLR
021498455	15612012	145964134	3355	3237	16	102	19	16	179	Other	Other	ONT
021498465	17385161	131825309	3327	3269	11	47	8	54	87	Other	Other	ONT
021498475	10987047	143273090	3337	3164	30	143	22	31	224	Other	Other	ONT
021513735	6188159	11421185	3366	3356	9	1	9	15	231	Other	Other	CLR
021534815	6141892	21448883	3362	3285	76	1	11	17	302	Other	Other	CLR
021554675	6028738	42071081	3339	3301	37	1	13	38	68	Other	Other	HiFi
021556685	50481003	138881597	3379	3279	39	61	3	8	57	Other	Other	PacBio
021601225	5152937	13258780	3377	3338	39	0	6	7	200	Other	Other	PacBio
021613375	5013076	45034219	3344	3311	31	2	21	25	49	Other	Other	CLR
021613505	427941	122556673	3367	3240	108	19	17	5	61	Other	Other	Illumina
021653895	1121141	1121141	3320	3238	13	69	42	28	964	Other	Other	CLR
021656055	157950	28284541	3375	3348	21	6	12	3	68	Other	Other	Illumina
021733505	77595	5463819	2966	2920	45	1	220	202	147	Other	Other	Illumina
021733525	89229	2225444	2947	2912	34	1	195	247	206	Other	Other	Illumina
021869855	69058	22398342	3219	3206	12	1	100	70	154	Other	Other	Illumina
021869885	27699	17016601	3135	3120	14	1	169	85	129	Other	Other	Illumina
021869965	48454	70796938	2850	2838	11	1	406	131	120	Other	Other	Illumina
021870715	347532	12200365	3103	2835	268	0	49	238	96	Other	Other	PacBio
021901965	1968	1968	337	335	1	1	1321	1710	36	Other	Other	Illumina
021917145	412669	14850352	3144	3114	28	2	52	194	119	Other	Other	PacBio
021963965	8253817	17082054	3368	3361	4	3	5	17	65	Other	Other	HiFi
022059245	3708147	61105648	3350	3327	18	5	16	24	92	Other	Other	PacBio
022079265	66217191	142134035	3388	3363	7	18	1	1	63	Other	Other	HiFi
022086475	75081387	146229595	3333	3295	31	7	5	52	45	Other	Other	HiFi
022114975	2460786	2460786	3343	3286	53	4	21	26	55	Other	Other	HiFi
022120495	7225	27083786	2986	2945	24	17	205	199	277	Other	Other	Illumina
022244695	61833573	95576019	3350	3227	26	97	3	37	75	Other	Other	PacBio
022316685	3084734	6129949	3174	3088	85	1	36	180	269	Other	Other	CLR
022316705	56707	76588082	3292	3286	5	1	45	53	68	Other	Other	Illumina
022355385	148763	145433501	3372	3296	30	46	10	7	59	Other	Other	Illumina
022376915	15241556	102413370	3346	3235	21	90	17	27	108	Other	Other	Illumina
022376925	29645945	224309082	3306	3219	42	45	26	58	196	Other	Other	Illumina
022379055	1591	1985	504	501	1	2	1566	1269	53	Other	Other	Illumina
022379125	25762658	25762658	3377	3367	10	0	5	8	72	Other	Other	PacBio
022410635	71375	1528078	3305	3296	4	5	50	35	66	Other	Other	Illumina
022412395	35273	5507198	3189	3182	5	2	131	70	137	Other	Other	Illumina
022414735	9814	114459	3013	2987	23	3	273	97	62	Other	Other	Illumina
022416685	74976097	95532774	3389	3265	19	105	0	1	95	Other	Other	HiFi
022416695	17870341	95602264	3382	3267	24	91	4	4	191	Other	Other	HiFi
022416725	64464110	96686824	3388	3269	16	103	0	2	122	Other	Other	HiFi
022416745	65130578	95064122	3388	3271	21	96	0	2	119	Other	Other	HiFi
022416755	75674662	97145438	3389	3278	14	97	0	1	113	Other	Other	HiFi
022416775	47602023	95337541	3387	3280	17	90	2	1	117	Other	Other	HiFi
022416785	71930095	96205310	3389	3272	19	98	0	1	83	Other	Other	HiFi
022416915	92422466	96526831	3389	3276	18	95	0	1	94	Other	Other	HiFi
022432825	59951985	95447334	3388	3271	16	101	1	1	133	Other	Other	HiFi
022432835	80315026	95518434	3387	3269	18	100	1	2	100	Other	Other	HiFi
022432845	73369510	96196361	3389	3276	16	97	0	1	96	Other	Other	HiFi
022435785	15296922	35769121	3387	3369	18	0	1	2	69	Other	Other	PacBio
022441285	102588	3600977	3223	3204	18	1	69	98	292	Other	Other	Illumina
022457185	128565	986392	3262	3109	49	104	110	18	126	Other	Other	Illumina
022457235	11645	169555	2286	2233	35	18	811	283	383	Other	Other	Illumina
022458985	20153794	28326520	3349	3338	11	0	5	36	86	Other	Other	PacBio
022533635	38369	13200690	3365	3326	12	27	20	5	116	Other	Other	Illumina
022538005	68301688	95262849	3388	3275	21	92	1	1	142	Other	Other	HiFi
022539315	12206373	72083177	3358	3349	6	3	11	21	68	Other	Other	PacBio
022539355	4638087	27288303	3379	3366	11	2	4	7	86	Other	Other	ONT
022539395	12993567	63679618	3372	3369	2	1	6	12	130	Other	Other	ONT
022539595	812338	36880113	3363	3333	29	1	10	17	65	Other	Other	CLR
022576025	12787	5372808	3149	3142	6	1	157	84	239	Other	Other	Illumina
022577435	6500778	15510158	3382	3373	8	1	5	3	118	Other	Other	HiFi
022577445	5981027	18220233	3376	3367	6	3	8	6	83	Other	Other	HiFi
022577455	54101938	105945816	3331	3316	14	1	15	44	59	Other	Other	HiFi
022605575	7445194	21403927	3366	3358	8	0	4	20	72	Other	Other	HiFi
022605955	11906378	25302669	3364	3358	6	0	6	20	62	Other	Other	HiFi
022655615	3329536	27158553	3338	3304	33	1	8	44	57	Other	Other	CLR
022657655	1468	1468	211	211	0	0	1206	1933	30	Other	Other	Illumina
022702415	2769000	115311279	3348	3100	243	5	17	25	64	Other	Other	Illumina
022702505	62864296	62864296	3215	3103	12	100	10	165	93	Other	Other	HiFi
022702515	3455548	121130272	3350	3080	266	4	16	24	58	Other	Other	Illumina
022709315	26488240	28467530	3388	3362	26	0	2	0	60	Other	Other	CLR
022749685	31948211	32091781	3387	3376	11	0	1	2	55	Other	Other	HiFi
022749695	8311625	25784215	3360	3349	8	3	8	22	89	Other	Other	HiFi
022758105	40537	25954102	3304	3281	22	1	37	49	99	Other	Other	Illumina
022817975	21629	10827232	3296	3265	31	0	56	37	186	Other	Other	Illumina
022818055	3607765	73992973	3373	3363	8	2	5	12	121	Other	Other	HiFi
022828995	7031647	40102238	3338	3302	35	1	15	37	67	Other	Other	HiFi
022829025	15051122	39496901	3315	3273	41	1	10	65	71	Other	Other	HiFi
022829085	10167936	42463096	3346	3293	50	3	14	30	62	Other	Other	HiFi
022829145	17514905	39075509	3338	3101	237	0	4	48	299	Other	Other	ONT
022833125	608771	31321926	3359	3310	9	40	24	6	60	Other	Other	Other
022837055	68766634	144906162	3388	3369	5	14	1	1	58	Other	Other	HiFi
022956915	2203	2221	502	497	4	1	1554	1289	56	Iridian	Other	Illumina
022985145	28811	24952887	3249	3229	20	0	80	61	114	Other	Other	Illumina
022985175	1265157	37901974	3369	3339	29	1	7	14	118	Other	Other	ONT
023029165	11968494	42384560	3320	3242	78	0	22	48	242	Other	Other	ONT
023053685	8013852	83654930	3288	3262	17	9	20	82	73	Other	Other	HiFi
023055335	9145431	21001540	3356	3321	35	0	8	26	72	Other	Other	HiFi
023055355	22601135	47739980	3378	3371	5	2	2	10	74	Other	Other	HiFi
023055505	5506990	19408658	3366	3364	2	0	5	19	77	Other	Other	HiFi
023065535	1097	2810	1272	1260	12	0	1384	710	271	Other	Other	Illumina
023065575	1291	3082	1303	1293	9	1	1408	652	261	Other	Other	Illumina
023065765	20244513	142594368	3365	3195	27	143	3	22	77	Other	Other	PacBio
023065835	49478000	141669128	3355	3210	20	125	30	5	91	Other	Other	ONT
023065955	35674000	71981430	3354	3328	15	11	6	30	66	Other	Other	HiFi
023065965	9308657	10245511	3371	3364	4	3	11	8	2046	Other	Other	ONT
023079485	12033856	46260142	3381	3369	12	0	3	6	62	Other	Other	ONT
023091745	68053581	109747698	3389	3293	41	55	0	1	58	Other	Other	HiFi
023101725	422115	422115	3294	3230	64	0	71	24	188	Other	Other	ONT
023101885	1971523	4558085	3356	3161	86	109	15	18	227	Other	Other	PacBio
023159085	16718385	16718385	3382	3348	7	27	7	1	109	Other	Other	PacBio
023159225	7389774	72679016	3350	3257	36	57	12	28	138	Other	Other	PacBio
023170095	44460	62923	2853	2843	10	0	465	66	58	Other	Other	Illumina
023170115	39174	111912	2756	2705	13	38	549	79	109	Other	Other	Illumina
023213145	25307617	26783296	3378	3342	8	28	4	8	624	Other	Other	PacBio
023238725	4248160	28580765	3378	3334	43	1	9	3	299	Other	Other	ONT
023333565	2082814	2125936	3326	3320	6	0	45	18	75	Other	Other	ONT
023333645	18989278	98418489	3383	1962	1404	17	3	4	56	Other	Other	HiFi
023338255	146061	24939677	3327	3244	16	67	53	10	92	Other	Other	Illumina
023349555	1006396	16359613	3182	3142	40	0	30	178	97	Other	Other	HiFi
023362775	37334273	97015800	3344	3329	10	5	7	39	46	Other	Other	HiFi
023373465	2022835	2025324	3355	1983	1368	4	29	6	163	Other	Other	ONT
023373845	9638600	26221791	3389	3349	40	0	1	0	63	Other	Other	HiFi
023375685	16772172	30432001	3301	3264	36	1	12	77	60	Other	Other	CLR
023375835	26106996	51036050	3377	3331	46	0	5	8	58	Other	Other	HiFi
023375845	11530375	47699602	3369	3346	22	1	13	8	51	Other	Other	HiFi
023375905	73971	3016563	3133	3129	4	0	156	101	129	Other	Other	Illumina
023376015	148638	72244370	3348	3338	10	0	24	18	75	Other	Other	ONT
023376895	611818	42708391	3263	2325	936	2	24	103	165	Other	Other	PacBio
023515785	24520032	140697154	3380	3296	23	61	2	8	53	Other	Other	PacBio
023515805	27772074	139493494	3380	3263	58	59	2	8	66	Other	Other	PacBio
023548195	1995330	6939976	3369	3306	26	37	10	11	55	Other	Other	PacBio
023553655	37786	222760	2930	2750	130	50	341	115	93	Other	Other	Illumina
023558415	3086	11647	1907	1881	23	3	1064	393	53	Other	Other	Illumina
023566125	10133874	37573842	3370	3358	12	0	10	10	49	Other	Other	HiFi
023566175	20803974	31425792	3373	656	2710	7	5	12	97	Other	Other	HiFi
023566225	12526464	55298942	3296	3258	36	2	20	74	63	Other	Other	HiFi
023566465	10505243	28016991	3377	3364	13	0	5	8	74	Other	Other	HiFi
023630585	19474971	22156985	3348	3321	27	0	7	35	50	Other	Other	CLR
023631565	10943015	38241521	3362	3343	19	0	5	23	66	Other	Other	HiFi
023634145	2277286	36425599	3356	1908	1444	4	14	20	91	Other	Other	HiFi
023634205	93983910	140349533	3385	3371	8	6	3	2	43	Other	Other	HiFi
023634345	7340773	29536427	3343	3215	127	1	8	39	153	Other	Other	PacBio
023634425	2884124	29809544	3357	3218	137	2	9	24	258	Other	Other	PacBio
023638525	3125135	27039445	3335	3295	40	0	11	44	59	Other	Other	CLR
023644505	165784	7733337	3301	3289	12	0	52	35	75	Other	Other	Illumina
023646645	1316942	71461993	3305	3030	274	1	22	63	85	Other	Other	PacBio
023653725	5437538	135406522	3296	3269	27	0	17	77	101	Other	Other	PacBio
023653735	50391373	67555069	3385	3350	14	21	2	3	60	Other	Other	HiFi
023653815	18214114	130956235	3357	3351	5	1	3	30	57	Other	Other	ONT
023658055	928839	17687494	3327	3296	31	0	26	37	364	Other	Other	PacBio
023699985	21769372	66396233	3343	3197	19	127	1	46	120	Other	Other	PacBio
023701675	77913213	101515600	3389	3265	17	107	0	1	60	Other	Other	HiFi
023701845	8585408	28244497	3320	3281	38	1	23	47	64	Other	Other	HiFi
023703495	10332	2036090	3020	2984	32	4	205	164	259	Other	Other	Illumina
023718385	7645391	38144777	3385	3338	47	0	3	2	57	Other	Other	CLR
023718395	6550053	47578067	3311	3282	28	1	11	68	80	Other	Other	HiFi
023721935	179517	112063229	3342	3281	43	18	35	13	72	Other	Other	Illumina
023724105	5134100	30677984	3359	1480	1875	4	10	21	84	Other	Other	HiFi
023748175	22338800	22338800	3321	3276	7	38	30	38	361	Other	Other	ONT
023759835	10570352	93279816	3362	3306	18	38	8	20	102	Other	Other	ONT
023761135	13408629	13408629	3368	3296	26	46	15	7	473	Other	Other	CLR
023762245	14781066	14781066	3322	3251	8	63	28	40	427	Other	Other	CLR
023762875	12583278	12583278	3351	3252	18	81	26	13	167	Other	Other	ONT
023764695	14260291	14260291	3326	3239	10	77	19	44	398	Other	Other	CLR
023764705	16766498	16766498	3313	3234	11	68	29	48	296	Other	Other	ONT
023767775	15810633	15810633	3345	3302	6	37	18	27	159	Other	Other	CLR
023779675	10867430	10867430	3379	3286	23	70	7	4	582	Other	Other	ONT
023781915	24989958	24989958	3357	3275	13	69	12	21	154	Other	Other	ONT
023783065	8523852	19995890	3341	3295	6	40	20	29	126	Other	Other	ONT
023783085	20999372	20999372	3339	3285	8	46	12	39	261	Other	Other	ONT
023783095	27348716	27348716	3359	3286	10	63	11	20	206	Other	Other	CLR
023783135	7727436	7727436	3370	3254	17	99	12	7	171	Other	Other	CLR
023783235	6802059	6802059	3361	3291	6	64	20	8	153	Other	Other	CLR
023783435	583552	583552	3211	3100	19	92	146	31	205	Other	Other	CLR
023783455	18747272	18747272	3355	3287	10	58	11	24	169	Other	Other	ONT
023783475	27954151	27954151	3375	3351	7	17	8	7	94	Other	Other	CLR
023783495	149093	27319382	3359	3284	28	47	23	8	61	Other	Other	Illumina
023783515	9639656	9639656	3358	3283	9	66	12	19	102	Other	Other	CLR
023783535	13914891	13914891	3344	3256	13	75	15	31	148	Other	Other	CLR
023783555	29212752	29212752	3369	3282	16	71	13	8	221	Other	Other	CLR
023783575	18502463	18502463	3348	3255	16	77	17	25	173	Other	Other	ONT
023807365	25691658	25691658	3367	3301	4	62	11	12	61	Other	Other	ONT
023846285	27024	49226030	3190	3162	22	6	103	96	140	Other	Other	Illumina
023856345	22205002	28346774	3383	3374	9	0	5	2	66	Other	Other	PacBio
023856365	4190077	27298164	3366	3203	162	1	6	18	107	Other	Other	HiFi
023856395	53079	165747135	3306	3292	5	9	51	33	81	Other	Other	Illumina
023898255	19794679	128767214	3355	3187	31	137	15	20	430	Other	Other	CLR
023969325	1405576	34747934	3355	3189	164	2	12	23	190	Other	Other	CLR
023970735	126	396	0	0	0	0	11	3379	5	Other	Other	Illumina
023970755	1596756	1596756	3277	3238	39	0	53	60	63	Other	Other	PacBio
023972475	109837	26676204	3317	3298	18	1	29	43	91	Other	Other	Illumina
023974075	1500626	33456537	3113	3020	93	0	90	187	523	Other	Other	CLR
024034525	153958	145225440	3369	3328	28	13	15	6	65	Other	Other	Illumina
024036415	348313	348313	3248	3197	51	0	99	41	67	Other	Other	CLR
024082105	4404018	43543958	3012	2881	131	0	41	337	90	Other	Other	PacBio
024137785	55429	40366410	3109	3097	11	1	118	163	92	Other	Other	Illumina
024206055	91364047	91364047	3383	3377	6	0	0	7	61	Other	Other	HiFi
024217435	15551623	17337441	3300	3282	17	1	27	63	129	Other	Other	HiFi
024222105	5194	35883487	3209	3207	2	0	145	35	243	Iridian	Other	Illumina
024222175	31753839	94576226	3389	3280	23	86	0	1	75	Other	Other	HiFi
024222265	73625792	93095555	3389	3272	19	98	0	1	80	Other	Other	HiFi
024244205	13973343	13973343	3362	3317	9	36	4	24	69	Other	Other	ONT
024262425	26543	26543	1940	1883	30	27	1187	252	178	Other	Other	Illumina
024262445	1710	1710	22	22	0	0	93	3275	13	Other	Other	Illumina
024291935	61700678	102048473	3373	3338	2	33	9	8	189	Other	Other	PacBio
024320895	16610	26733	2254	2252	2	0	952	176	76	Iridian	Other	Illumina
024320935	10230	22017	2121	2115	6	0	1033	215	92	Iridian	Other	Illumina
024323085	18188	17937952	3342	3244	28	70	30	18	132	Other	Other	Illumina
024331605	21801	31393	2448	2444	3	1	795	137	64	Iridian	Other	Illumina
024331625	19150	29563	2239	2236	3	0	951	190	81	Iridian	Other	Illumina
024331645	6213	20341	1895	1893	2	0	1164	306	131	Iridian	Other	Illumina
024331665	4664	17050	1631	1630	1	0	1372	358	219	Iridian	Other	Illumina
024331685	4340	18713203	3274	3112	161	1	68	48	76	Iridian	Other	Illumina
024336845	26502	36276	2518	2517	1	0	731	130	54	Iridian	Other	Illumina
024336885	26755	10995457	3220	3220	0	0	142	28	117	Iridian	Other	Illumina
024337085	20970	31393	2435	2433	2	0	808	140	63	Iridian	Other	Illumina
024337125	3882	19156	1277	1276	1	0	1538	546	275	Iridian	Other	Illumina
024349245	1344149	1344149	3258	3142	116	0	38	94	165	Other	Other	ONT
024361725	3366	17655	1598	1595	3	0	1371	403	247	Iridian	Other	Illumina
024361745	16237	28354	2396	2393	3	0	833	147	75	Iridian	Other	Illumina
024361765	19079	28268	2431	2427	4	0	790	155	73	Iridian	Other	Illumina
024362625	59217	5109875	3280	3252	26	2	60	49	95	Other	Other	Illumina
024362835	31219	2297518	2937	2876	61	0	150	302	102	Other	Other	Illumina
024362865	25050590	158060271	3385	3360	8	17	3	2	94	Other	Other	HiFi
024362935	6807045	21188473	3333	3311	22	0	10	47	80	Other	Other	HiFi
024362965	22236240	126810544	3387	3364	6	17	2	1	113	Other	Other	HiFi
024363025	8911	22529	1848	1845	3	0	1225	303	173	Iridian	Other	Illumina
024363045	23732	32771	2451	2448	3	0	790	140	58	Iridian	Other	Illumina
024363065	24716	33759	2510	2508	2	0	744	127	54	Iridian	Other	Illumina
024363085	13006	25275	2053	2051	2	0	1101	224	99	Iridian	Other	Illumina
024363105	55734	132887	2803	2726	26	51	480	100	121	Other	Other	Illumina
024363135	2756	8169911	2611	2598	13	0	546	232	348	Iridian	Other	Illumina
024363155	28788	47036150	3342	3342	0	0	39	9	52	Iridian	Other	Illumina
024363185	10998	36339272	3304	3303	1	0	77	8	109	Iridian	Other	Illumina
024363575	11606741	74284026	3352	3011	291	50	8	30	83	Other	Other	HiFi
024363595	21213	143989302	3027	2306	715	6	217	146	181	Other	Other	Illumina
024372805	100922	2754015	3322	3277	44	1	30	38	114	Other	Other	Illumina
024416835	4646325	33774371	3351	3302	47	2	22	17	345	Other	Other	ONT
024430995	107537	10701775	3069	3060	9	0	62	259	65	Other	Other	Illumina
024431005	133150	40625515	3203	3198	5	0	30	157	59	Other	Other	Illumina
024431035	155173	17118353	3297	3284	13	0	22	71	59	Other	Other	Illumina
024431075	158903	20598797	3294	3275	19	0	29	67	76	Other	Other	Illumina
024431555	148508	29000899	3285	3274	11	0	23	82	56	Other	Other	Illumina
024432065	135349	25885359	3273	3252	21	0	26	91	61	Other	Other	Illumina
024432695	127856	26062782	3224	3220	4	0	32	134	64	Other	Other	Illumina
024433245	138651	28947013	3266	3236	30	0	22	102	60	Other	Other	Illumina
024447675	96802	96802	2953	2932	21	0	289	147	456	Other	Other	ONT
024449315	27427	1108672	3075	2966	106	3	203	110	118	Other	Other	Illumina
024453875	5525349	43047924	3331	3290	40	1	13	46	87	Other	Other	HiFi
024489055	23286394	42399299	3364	3320	41	3	7	19	60	Other	Other	ONT
024496005	20509	30258	2442	2438	4	0	799	140	52	Iridian	Other	Illumina
024498535	49117	3939878	3195	3123	62	10	139	56	108	Other	Other	Illumina
024499975	26796	63048	2874	2872	1	1	424	87	70	Iridian	Other	Illumina
024499995	19503	29427	2433	2423	10	0	806	140	53	Iridian	Other	Illumina
024500225	14675983	21837136	3289	3209	80	0	28	73	121	Other	Other	HiFi
024500275	16851628	30018624	3318	3307	7	4	22	50	176	Other	Other	PacBio
024500385	9935855	31005324	3316	3304	8	4	23	51	141	Other	Other	PacBio
024500445	27441776	27441776	3379	3359	19	1	3	8	210	Other	Other	ONT
024500485	52909674	133960477	3389	3309	17	63	0	1	74	Other	Other	ONT
024509115	10371895	110762666	3170	3153	16	1	17	203	55	Other	Other	HiFi
024509145	7488902	61801348	3365	3357	8	0	5	20	73	Other	Other	CLR
024510155	36583552	143980113	3388	3370	3	15	1	1	43	Other	Other	PacBio
024529925	1004506	1004506	3355	3273	79	3	16	19	282	Other	Other	CLR
024542745	48622411	150623419	3380	3305	12	63	7	3	69	Other	Other	PacBio
024542945	2863522	26740681	3365	230	3130	5	7	18	193	Other	Other	CLR
024542955	6381	110880623	3376	3324	24	28	11	3	111	Other	Other	Illumina
024582635	28140	60961	2857	2855	2	0	446	85	67	Iridian	Other	Illumina
024605025	24088	61611	2671	2668	3	0	598	111	72	Iridian	Other	Illumina
024605085	15813259	15813259	3356	3330	11	15	10	24	60	Other	Other	Illumina
024605115	3816	3830	1038	1033	5	0	1327	1008	65	Other	Other	Illumina
024605255	1033	1481	979	976	3	0	1464	906	153	Other	Other	Illumina
024606505	35336	54099077	3334	2635	694	5	39	17	86	Iridian	Other	Illumina
024611155	14199	47285	2548	2546	2	0	671	162	105	Iridian	Other	Illumina
024611175	25780	65212	2767	2764	3	0	509	112	58	Iridian	Other	Illumina
024611195	22257	50684	2704	2699	5	0	537	144	85	Iridian	Other	Illumina
024633595	1391952	36129979	3382	3357	25	0	7	1	230	Other	Other	ONT
024635365	77396	78198423	3369	3366	3	0	15	6	62	Other	Other	Illumina
024652985	218587	90570627	3379	3377	2	0	1	10	84	Other	Other	PacBio
024652995	246868	90557900	3369	3366	3	0	3	18	89	Other	Other	PacBio
024653025	290226	90290900	3377	3372	5	0	1	12	119	Other	Other	PacBio
024653035	257189	90425439	3371	3369	2	0	3	16	132	Other	Other	PacBio
024653045	246386	90469443	3379	3377	2	0	1	10	95	Other	Other	PacBio
024666655	1014029	34909338	3351	3292	57	2	18	21	60	Other	Other	ONT
024678265	1667	17794	921	919	1	1	1568	875	435	Iridian	Other	Illumina
024678985	4077672	19630546	3367	3330	37	0	8	15	183	Other	Other	CLR
024679065	3966553	95338043	3334	3320	9	5	15	41	39	Other	Other	PacBio
024679245	4648668	47421265	3348	3310	36	2	15	27	76	Other	Other	HiFi
024679325	141635	6640123	3298	3275	22	1	76	15	134	Other	Other	Illumina
024679355	101869	6094122	3334	3319	15	0	42	14	135	Other	Other	Illumina
024679375	83772	7151093	3347	3333	13	1	27	16	130	Other	Other	Illumina
024679395	93189	8382694	3312	3281	31	0	56	22	125	Other	Other	Illumina
024679415	131374	4909281	3282	3275	7	0	86	22	154	Other	Other	Illumina
024679765	142964	7946736	3338	3322	16	0	31	21	108	Other	Other	Illumina
024679905	138399	7159698	3346	3333	13	0	25	17	112	Other	Other	Illumina
024686275	5891282	5891282	3356	3340	16	0	14	20	61	Other	Other	PacBio
024686285	259870	16721900	3376	3372	4	0	1	13	133	Other	Other	PacBio
024686295	112548	7838176	3342	3331	11	0	34	13	143	Other	Other	Illumina
024686315	109090	6130233	3227	3206	21	0	132	30	166	Other	Other	Illumina
024686355	318264	11844793	3380	3373	7	0	1	9	165	Other	Other	PacBio
024686465	274425	16413472	3377	3375	2	0	2	11	141	Other	Other	PacBio
024687005	134577	7865617	3341	3318	23	0	35	14	133	Other	Other	Illumina
024711535	7443915	13535215	3367	2751	588	28	9	14	53	Other	Other	HiFi
024713975	24354382	26045262	3379	3371	7	1	6	5	52	Other	Other	HiFi
024718415	8942329	140684285	3379	3361	11	7	7	4	69	Other	Other	ONT
024733675	24771	34696	2570	2566	4	0	690	121	79	Iridian	Other	Illumina
024733695	17040	27596	2203	2201	2	0	992	183	74	Iridian	Other	Illumina
024734035	25740	62162779	3244	3239	5	0	112	33	104	Iridian	Other	Illumina
024734555	115278	2732127	3142	3103	36	3	167	80	97	Other	Other	BGI
024760905	36883020	60385206	3329	3308	20	1	13	48	58	Other	Other	PacBio
024762115	1043	1043	839	778	59	2	1712	801	52	Other	Other	BGI
024803745	14543669	23603529	3281	3229	22	30	9	100	81	Other	Other	HiFi
024865655	16287717	28938815	3334	3330	1	3	14	42	227	Other	Other	ONT
024868665	377582	24840772	3322	3283	39	0	29	39	63	Other	Other	CLR
025084515	163508	247923	2983	2968	14	1	231	172	288	Other	Other	PacBio
025134845	52341	10847872	3306	3166	66	74	58	26	88	Other	Other	Illumina
025169545	21484275	58706456	3355	3149	204	2	11	24	470	Other	Other	ONT
025177845	446819	446819	3218	3131	86	1	54	118	2469	Other	Other	ONT
025212315	1940	60139729	2880	2867	12	1	322	187	404	Iridian	Other	Illumina
025212355	2066	59202485	3030	3012	17	1	246	113	305	Iridian	Other	Illumina
025308975	29871	36527978	3325	3324	1	0	52	13	73	Iridian	Other	Illumina
025308995	6342	38160143	3232	3230	2	0	133	25	174	Iridian	Other	Illumina
025309315	7316	38326085	3014	3008	5	1	291	85	266	Iridian	Other	Illumina
025309335	15268	37748185	3074	3070	4	0	260	52	183	Iridian	Other	Illumina
025309795	32890	36038145	3343	3341	1	1	44	3	61	Iridian	Other	Illumina
025310135	41170	36168614	3349	3343	6	0	33	8	59	Iridian	Other	Illumina
025310495	37210	36473192	3350	3345	5	0	31	9	67	Iridian	Other	Illumina
025310515	29903	36343856	3328	3326	2	0	47	15	62	Iridian	Other	Illumina
025310935	10074	37031727	3306	3303	3	0	73	11	115	Iridian	Other	Illumina
025311575	18505	36661330	3236	3236	0	0	133	20	100	Iridian	Other	Illumina
025311615	1227	34879618	523	522	1	0	1036	1829	532	Iridian	Other	Illumina
025331215	29802	65513	2747	2744	3	0	525	116	82	Iridian	Other	Illumina
025331565	5708022	5708022	3375	3369	6	0	3	12	109	Other	Other	ONT
025345505	148777	17505536	3338	3281	57	0	40	11	59	Other	Other	Illumina
025370635	333100	90285403	3368	3362	6	0	2	20	129	Other	Other	PacBio
025379985	78483	78483	2100	2087	8	5	744	537	491	Other	Other	PacBio
025388735	21589146	81861053	3386	3221	165	0	1	3	126	Other	Other	PacBio
025389015	9341019	16755566	3296	3282	12	2	10	84	88	Other	Other	CLR
025389145	4846064	41826286	3316	2932	384	0	13	61	72	Other	Other	CLR
025399855	10487	13306	2089	2081	8	0	950	334	76	Iridian	Other	Illumina
025399935	9726	11889	2044	2041	2	1	967	362	84	Iridian	Other	Illumina
025399955	2348	49888165	2904	2897	6	1	309	177	393	Iridian	Other	Illumina
025399975	1657	60397186	2839	2824	12	3	325	226	463	Iridian	Other	Illumina
025400055	2663	56331846	3034	3019	12	3	221	134	319	Iridian	Other	Illumina
025403505	2136	63763483	2883	2866	16	1	323	183	410	Iridian	Other	Illumina
025434085	22513697	26043804	3305	3239	65	1	26	59	114	Other	Other	HiFi
025434125	2664	2914	996	994	2	0	1559	806	59	Iridian	Other	Illumina
025434525	65639	2593059	3329	3326	3	0	41	20	65	Other	Other	Illumina
025435035	33226	36493104	3345	3341	4	0	41	4	71	Iridian	Other	Illumina
025435075	42301	33451961	3333	3323	10	0	45	11	65	Iridian	Other	Illumina
025435535	78131	3412031	3373	3366	7	0	13	4	48	Other	Other	Illumina
025447755	18736	55943	2707	2704	3	0	562	115	72	Iridian	Other	Illumina
025447775	12525	48913	2628	2627	1	0	626	130	90	Iridian	Other	Illumina
025447795	7265	8231	1799	1797	2	0	1141	432	75	Iridian	Other	Illumina
025447815	14050	20066	2427	2420	6	1	716	233	82	Iridian	Other	Illumina
025447855	2970	56556802	3031	3019	12	0	225	134	277	Iridian	Other	Illumina
025447875	2479	56313969	3027	3006	18	3	226	137	318	Iridian	Other	Illumina
025447895	3539	35144932	2849	2844	5	0	403	138	419	Iridian	Other	Illumina
025447915	21771	32766	2507	2503	4	0	762	117	73	Iridian	Other	Illumina
025447935	4802	19184	1832	1826	6	0	1225	309	187	Iridian	Other	Illumina
025447955	23515	33769	2587	2585	2	0	682	113	77	Iridian	Other	Illumina
025448015	13775	26471	2245	2244	1	0	945	194	101	Iridian	Other	Illumina
025448035	32365	41748	2631	2622	8	1	647	109	62	Iridian	Other	Illumina
025448055	11699	24027	2017	2013	4	0	1126	233	106	Iridian	Other	Illumina
025448075	10196	100565930	3272	3266	6	0	88	27	143	Iridian	Other	Illumina
025448095	13535	26297	2345	2341	3	1	863	173	79	Iridian	Other	Illumina
025448115	24717	34722062	3255	3253	2	0	116	19	83	Iridian	Other	Illumina
025448135	2356	35885275	2581	2579	2	0	562	246	642	Iridian	Other	Illumina
025448155	36413	44752	2673	2669	3	1	607	105	59	Iridian	Other	Illumina
025448235	5480	5556	1004	1002	2	0	1716	636	69	Iridian	Other	Illumina
025504685	124542	71959584	3317	3308	6	3	38	35	57	Other	Other	HiFi
025504725	33504	36337325	3296	3296	0	0	83	11	71	Iridian	Other	Illumina
025504755	43468	36474558	3340	3336	4	0	39	11	54	Iridian	Other	Illumina
025504875	1315	37962615	1353	1351	2	0	1208	828	902	Iridian	Other	Illumina
025505445	15043	17101	2433	2406	27	0	741	209	55	Other	Other	Illumina
025505465	6610	6719	2391	2379	12	0	770	211	62	Other	Other	Illumina
025505485	2756	2757	1729	1689	39	1	1099	536	40	Other	Other	Illumina
025505535	1648	1649	1892	1876	13	3	1030	447	62	Other	Other	Illumina
025558135	1809	1809	934	929	5	0	1625	784	36	Other	Other	Illumina
025558465	10668178	52392071	3354	1771	1579	4	5	31	82	Other	Other	PacBio
025582565	25089	38605	2345	2326	16	3	790	249	56	Other	Other	Illumina
025582595	13515	16512	1999	1915	83	1	1034	347	50	Other	Other	Illumina
025583725	5739385	65774817	3382	3376	6	0	3	5	217	Other	Other	PacBio
025583905	62415887	105833403	3377	3327	5	45	5	8	203	Other	Other	PacBio
025583915	208754	253587442	3333	3297	26	10	25	32	62	Other	Other	Illumina
025584935	34173	37876	2455	2404	10	41	760	167	108	Other	Other	Illumina
025584955	21488	61217455	3316	3316	0	0	53	21	88	Iridian	Other	Illumina
025592945	15991245	15991245	3374	3370	4	0	5	11	57	Other	Other	HiFi
025594165	9422552	172614981	3312	3258	12	42	18	59	394	Other	Other	CLR
025617405	3162456	36400992	3362	3351	11	0	19	9	163	Other	Other	ONT
025629765	2114	20815831	2854	2846	8	0	319	216	445	Iridian	Other	Illumina
025629865	11117	23079	2134	2129	5	0	1045	195	96	Iridian	Other	Illumina
025629885	16182	27886	2255	2252	3	0	954	177	75	Iridian	Other	Illumina
025629905	13341	25335	2133	2128	4	1	1047	200	97	Iridian	Other	Illumina
025629925	15927	31555	2457	2457	0	0	782	141	65	Iridian	Other	Illumina
025629965	17849	32132	2481	2474	7	0	773	131	77	Iridian	Other	Illumina
025629985	29728	61643226	3275	3271	3	1	91	23	101	Iridian	Other	Illumina
025630005	33832	91035173	3305	3302	3	0	72	13	82	Iridian	Other	Illumina
025630025	3241	67977983	2972	2969	3	0	327	91	336	Iridian	Other	Illumina
025674515	304	20115095	16	16	0	0	352	3022	114	Iridian	Other	Illumina
025674545	3561	17936206	2604	2584	20	0	550	234	315	Iridian	Other	Illumina
025674565	5167	20840118	3003	2986	16	1	264	123	191	Iridian	Other	Illumina
025727615	11457	25053596	3295	3193	99	3	59	36	100	Iridian	Other	Illumina
025727635	36867	36120247	3312	3307	5	0	66	12	63	Iridian	Other	Illumina
025727655	15775	26285765	3304	3205	99	0	55	31	80	Iridian	Other	Illumina
025727675	41139	85704854	3357	3353	4	0	29	4	52	Iridian	Other	Illumina
025727695	18740	84579148	3256	3256	0	0	113	21	107	Iridian	Other	Illumina
025727715	32587	36588978	3324	3318	6	0	58	8	55	Iridian	Other	Illumina
025727735	2384	63796583	2957	2943	13	1	271	162	401	Iridian	Other	Illumina
025727755	30453	36160942	3302	3299	3	0	77	11	82	Iridian	Other	Illumina
025727775	32073	36680773	3316	3313	3	0	68	6	66	Iridian	Other	Illumina
025727795	27383	36502156	3179	3178	1	0	174	37	112	Iridian	Other	Illumina
025727815	31269	36009240	3300	3295	5	0	75	15	91	Iridian	Other	Illumina
025727835	40312	36240079	3344	3344	0	0	34	12	60	Iridian	Other	Illumina
025727875	2376	38829354	2351	2348	3	0	692	347	668	Iridian	Other	Illumina
025727895	2374	39048327	2464	2464	0	0	672	250	668	Iridian	Other	Illumina
025727915	14262	37279510	3154	3150	3	1	182	54	173	Iridian	Other	Illumina
025727955	34929	90928354	3321	3319	2	0	61	8	78	Iridian	Other	Illumina
025727975	39028	36546257	3323	3318	5	0	59	8	65	Iridian	Other	Illumina
025728005	41409	36177343	3325	3324	1	0	55	10	66	Iridian	Other	Illumina
025728025	4249	38333288	2936	2934	2	0	355	97	396	Iridian	Other	Illumina
025728055	3434	23468662	3112	3108	4	0	154	123	275	Iridian	Other	Illumina
025728075	15517	77818824	3357	3357	0	0	23	10	96	Iridian	Other	Illumina
025728095	4857	27156169	3171	3127	19	25	131	87	183	Iridian	Other	Illumina
025740775	31650	36561209	3258	3255	3	0	115	16	80	Iridian	Other	Illumina
025762485	11143	23741282	3085	3080	5	0	218	84	124	Iridian	Other	Illumina
025762695	21654	56230	2676	2675	1	0	588	119	67	Iridian	Other	Illumina
025762715	3951	8515	1492	1481	10	1	1288	584	365	Iridian	Other	Illumina
025762755	8830	23759878	3052	3045	7	0	245	90	148	Iridian	Other	Illumina
025769955	43238	71109694	3218	3215	3	0	122	50	79	Iridian	Other	Illumina
025769975	48211	77653574	3361	3361	0	0	23	6	52	Iridian	Other	Illumina
025769995	4768	6882	2014	1714	292	8	1034	332	279	Iridian	Other	Illumina
025770055	18901	20742455	3292	3283	8	1	41	57	101	Iridian	Other	Illumina
025770515	2530495	3549996	3368	3273	95	0	10	12	98	Other	Other	PacBio
025773905	19667	39028	2835	2764	66	5	435	116	78	Iridian	Other	Illumina
025773925	15501	25488992	3317	3208	105	4	46	26	84	Iridian	Other	Illumina
025774025	22265	80336233	3217	3211	6	0	141	32	106	Iridian	Other	Illumina
025774045	2653	63877763	2972	2950	19	3	268	150	389	Iridian	Other	Illumina
025775025	7784	24504187	3306	3204	100	2	50	34	106	Iridian	Other	Illumina
025775045	9107	22986	2722	2617	104	1	523	135	106	Iridian	Other	Illumina
025775065	12019	20608	2697	2580	117	0	552	132	87	Iridian	Other	Illumina
025802035	8694	23714674	3061	3057	4	0	243	82	136	Iridian	Other	Illumina
025802055	44319	73415481	3316	3313	1	2	53	21	46	Iridian	Other	Illumina
025802075	11784	18506042	3229	3212	17	0	121	40	122	Iridian	Other	Illumina
025802095	14905	20566510	3268	3256	9	3	56	66	122	Iridian	Other	Illumina
025802295	4604	69323547	2708	2704	4	0	385	295	317	Iridian	Other	Illumina
025802315	33879	34060800	3317	3313	4	0	62	11	68	Iridian	Other	Illumina
025802355	13438	48023	2503	2500	3	0	721	157	119	Iridian	Other	Illumina
025802415	280	26968675	22	21	1	0	414	2952	122	Iridian	Other	Illumina
025802475	282	2341456	10	10	0	0	272	3107	59	Iridian	Other	Illumina
025860055	5095822	43767000	3367	1742	1618	7	11	12	131	Other	Other	ONT
025920805	79653	14147017	3112	3090	22	0	192	86	203	Other	Other	Illumina
025960845	58357	15594027	3296	3273	16	7	56	38	72	Other	Other	Illumina
026109245	8180	37538868	3158	3156	2	0	196	36	175	Iridian	Other	Illumina
026119655	1228	22384048	3341	3199	140	2	13	36	109	Other	Other	ONT
026119805	19124196	45339891	3371	3367	4	0	5	14	61	Other	Other	CLR
026122135	2156	58718713	2912	2898	14	0	283	193	387	Iridian	Other	Illumina
026122225	1358783	1358783	3268	3217	49	2	47	75	48	Other	Other	PacBio
026122265	3578647	31318865	3283	3252	30	1	21	86	865	Other	Other	CLR
026122425	52203	2625934	2685	2636	33	16	162	542	146	Other	Other	Illumina
026122505	58656949	148569599	3387	3377	9	1	1	2	56	Other	Other	HiFi
026122565	17066353	17066353	3384	3377	4	3	4	2	47	Other	Other	ONT
026122665	25428	77540074	3333	3332	1	0	47	9	72	Iridian	Other	Illumina
026122685	10872	77546472	3331	3330	1	0	46	12	133	Iridian	Other	Illumina
026153235	11998	36903182	3279	3279	0	0	96	15	115	Iridian	Other	Illumina
026153275	2466	56919501	3277	3252	24	1	63	49	71	Iridian	Other	Illumina
026167865	3086	55914322	2985	2966	19	0	267	137	297	Iridian	Other	Illumina
026167965	7854909	25842608	3374	3365	6	3	3	12	58	Other	Other	HiFi
026167975	62272472	352551559	3052	3034	11	7	18	320	38	Other	Other	HiFi
026170545	1471937	12675290	3173	3152	21	0	29	188	82	Other	Other	HiFi
026170595	127798174	231322181	3372	3359	10	3	7	11	42	Other	Other	HiFi
026212715	30028	35952584	3352	3350	1	1	30	8	68	Iridian	Other	Illumina
026212835	6370	37415151	3191	3188	3	0	147	52	227	Iridian	Other	Illumina
026212995	45635	36513881	3337	3336	1	0	47	6	57	Iridian	Other	Illumina
026213055	3322	30029271	1948	1947	1	0	964	476	712	Iridian	Other	Illumina
026213075	27129	36543446	3251	3249	2	0	123	16	103	Iridian	Other	Illumina
026213295	358862	27035343	3222	3082	139	1	50	118	162	Other	Other	CLR
026225835	2555495	32152602	3323	3314	8	1	38	29	414	Other	Other	ONT
026225855	84691504	122398165	3384	3345	13	26	1	5	59	Other	Other	HiFi
026225935	835000	40739614	3275	3252	19	4	66	49	199	Other	Other	CLR
026225945	12847143	12847143	3379	3074	303	2	3	8	133	Other	Other	PacBio
026230005	13138541	50480577	3357	3325	30	2	11	22	69	Other	Other	HiFi
026259375	22761669	24817500	3379	3215	162	2	4	7	286	Other	Other	PacBio
026259535	44323	36416403	3328	3327	1	0	51	11	68	Iridian	Other	Illumina
026259555	1472	71442492	1994	1990	4	0	821	572	700	Iridian	Other	Illumina
026259575	22747468	77798581	3380	3376	3	1	3	7	177	Other	Other	ONT
026260075	4630	6657973	2094	2079	14	1	899	394	201	Iridian	Other	Illumina
026260215	723	724	4	4	0	0	6	3380	1	Iridian	Other	Illumina
026260255	5863	17862	2214	2202	12	0	805	358	143	Iridian	Other	Illumina
026260435	127514	612444	3215	3194	19	2	117	57	76	Other	Other	PacBio
026261665	11943	36196323	3361	3357	4	0	15	13	66	Other	Other	Illumina
026261675	18090544	18090544	3276	3158	117	1	28	86	332	Other	Other	CLR
026261805	7285248	22263878	3260	3233	26	1	29	101	177	Other	Other	CLR
026261815	18573903	20161131	3378	3373	5	0	6	6	61	Other	Other	PacBio
026283615	17550	29404	2356	2354	2	0	878	147	66	Iridian	Other	Illumina
026283635	1832	17571	752	750	1	1	1655	959	416	Iridian	Other	Illumina
026283665	10015	22742	1979	1978	1	0	1138	260	101	Iridian	Other	Illumina
026283685	14159	24987	2319	2316	3	0	893	168	69	Iridian	Other	Illumina
026283705	16872	27189	2315	2312	3	0	893	173	86	Iridian	Other	Illumina
026283725	17364	27157	2377	2375	2	0	855	148	75	Iridian	Other	Illumina
026283745	6789	19310	1943	1939	4	0	1160	267	125	Iridian	Other	Illumina
026283765	17398	28834	2304	2299	5	0	909	171	71	Iridian	Other	Illumina
026283785	16954	28510	2175	2171	4	0	995	210	107	Iridian	Other	Illumina
026283805	18409	28687	2350	2347	3	0	857	171	80	Iridian	Other	Illumina
026283825	9276	22148	2159	2156	2	1	1018	198	73	Iridian	Other	Illumina
026283845	7525	20300	1836	1834	2	0	1255	284	122	Iridian	Other	Illumina
026283865	5545	19460	1602	1601	1	0	1357	402	194	Iridian	Other	Illumina
026283885	26006	35815	2620	2617	3	0	653	115	55	Iridian	Other	Illumina
026283905	6813	20244	1857	1855	2	0	1235	278	152	Iridian	Other	Illumina
026284445	15689	25812	2322	2318	4	0	882	172	64	Iridian	Other	Illumina
026284485	20684	36695	2605	2597	8	0	658	124	74	Iridian	Other	Illumina
026284505	20159	30076	2426	2419	6	1	813	149	59	Iridian	Other	Illumina
026284525	21017	30090	2438	2437	1	0	797	141	62	Iridian	Other	Illumina
026284545	16508	27053	2207	2207	0	0	999	170	68	Iridian	Other	Illumina
026284565	20713	30681	2448	2444	4	0	786	140	61	Iridian	Other	Illumina
026284585	19408	29691	2281	2279	2	0	913	186	66	Iridian	Other	Illumina
026284605	22880	32817	2454	2452	2	0	782	138	56	Iridian	Other	Illumina
026284625	19857	29342	2378	2376	2	0	854	145	64	Iridian	Other	Illumina
026284665	14437	25533	2227	2224	2	1	970	183	76	Iridian	Other	Illumina
026284685	19308	29227	2394	2391	2	1	826	163	58	Iridian	Other	Illumina
026284705	20209	30181	2421	2419	2	0	804	150	64	Iridian	Other	Illumina
026284725	12819	23460	2158	2158	0	0	1034	183	77	Iridian	Other	Illumina
026284745	16924	26108	2416	2411	5	0	814	147	68	Iridian	Other	Illumina
026284765	17915	28824	2393	2388	5	0	835	156	65	Iridian	Other	Illumina
026284785	23282	32428	2476	2468	8	0	769	135	66	Iridian	Other	Illumina
026284805	17108	27407	2338	2336	2	0	883	158	73	Iridian	Other	Illumina
026284825	19408	29691	2281	2279	2	0	913	186	66	Iridian	Other	Illumina
026284845	8287	21161	1953	1950	3	0	1165	257	104	Iridian	Other	Illumina
026284865	1457	13079	894	894	0	0	1525	951	321	Iridian	Other	Illumina
026401145	116066	52811311	3030	3012	18	0	73	286	97	Other	Other	Illumina
026413205	20916	31058	2283	2279	3	1	917	179	71	Iridian	Other	Illumina
026413225	40962436	82831862	3389	3388	1	0	1	0	59	Other	Other	ONT
026413345	3050	56391098	2992	2974	18	0	263	135	321	Iridian	Other	Illumina
026413425	15233	79619486	3340	3339	1	0	44	5	81	Iridian	Other	Illumina
026413445	4029	14939722	2590	2577	11	2	570	225	282	Iridian	Other	Illumina
026413485	3467	8865367	372	367	5	0	723	2295	188	Iridian	Other	Illumina
026413525	1245	16663	1193	1192	1	0	1421	749	404	Iridian	Other	Illumina
026413545	33211	62015104	3269	3265	3	1	88	33	91	Iridian	Other	Illumina
026413565	29098202	85749954	3386	3381	3	2	3	1	53	Other	Other	ONT
026437365	1988651	38890901	3319	3267	44	8	35	36	103	Other	Other	HiFi
026541955	823	143246	1778	1775	1	2	973	633	754	Iridian	Other	Illumina
026545065	5451	71139741	3236	3201	6	29	104	49	160	Other	Other	PacBio
026545855	213698	57617296	3199	3186	10	3	64	127	73	Other	Other	PacBio
026546585	27186	62278525	3270	3269	0	1	87	33	97	Iridian	Other	Illumina
026546715	45806	78076589	3354	3354	0	0	30	6	49	Iridian	Other	Illumina
026546735	11033	14101	2133	2126	7	0	926	317	78	Iridian	Other	Illumina
026546755	2042	59485779	3262	3239	22	1	69	59	94	Iridian	Other	Illumina
026546895	28787	62090701	3228	3225	2	1	124	38	126	Iridian	Other	Illumina
026652205	42595358	101253643	3386	3315	8	63	3	1	80	Other	Other	PacBio
026686955	5850290	41979993	3372	3335	36	1	8	10	287	Other	Other	PacBio
026745465	1615666	2146850	3341	3320	21	0	17	32	139	Other	Other	PacBio
026770005	36206	33125957	3289	3289	0	0	92	9	78	Iridian	Other	Illumina
026770055	14568	63798199	3091	3088	3	0	230	68	147	Iridian	Other	Illumina
026770115	7430	36397138	3152	3147	5	0	184	54	222	Iridian	Other	Illumina
026770195	32448	33845453	3304	3302	2	0	72	14	88	Iridian	Other	Illumina
026770275	19475	36490134	3194	3190	4	0	160	36	96	Iridian	Other	Illumina
026770345	22497	63119817	3282	3281	1	0	82	26	91	Iridian	Other	Illumina
026770365	2394	37477071	2823	2816	7	0	403	164	506	Iridian	Other	Illumina
026770385	5564	35750675	2922	2920	2	0	356	112	360	Iridian	Other	Illumina
026770705	4177150	146914598	3344	3315	26	3	19	27	57	Other	Other	HiFi
026770725	7764	25163258	3302	3202	97	3	58	29	110	Iridian	Other	Illumina
026770805	14144	25477320	3305	3194	108	3	56	29	82	Iridian	Other	Illumina
026770825	11946	25865133	3306	3206	97	3	47	37	87	Iridian	Other	Illumina
026770845	10917	25121727	3308	3201	105	2	53	29	101	Iridian	Other	Illumina
026774385	8387	24969488	3304	3203	99	2	54	32	104	Iridian	Other	Illumina
026774405	4778	22491685	3095	3018	75	2	206	89	243	Iridian	Other	Illumina
026774425	9024	23439854	3257	3161	96	0	89	44	139	Iridian	Other	Illumina
026776665	12594	24897608	3316	3212	100	4	50	24	98	Iridian	Other	Illumina
026776725	13381	24943675	3305	3201	101	3	61	24	114	Iridian	Other	Illumina
026776745	11722	25165373	3295	3207	85	3	58	35	100	Iridian	Other	Illumina
026776945	11092	25403056	3312	3206	105	1	49	28	82	Iridian	Other	Illumina
026777045	12228	25464968	3315	3213	100	2	50	24	117	Iridian	Other	Illumina
026777485	11887	25178001	3313	3212	99	2	50	27	105	Iridian	Other	Illumina
026777505	12064	25384571	3298	3187	109	2	58	33	105	Iridian	Other	Illumina
026777985	16751	25786443	3317	3212	103	2	53	20	93	Iridian	Other	Illumina
026778905	13718	25638951	3297	3195	101	1	65	28	99	Iridian	Other	Illumina
026779145	7259	25213000	3276	3174	100	2	80	34	136	Iridian	Other	Illumina
026779585	12078	25851764	3314	3208	104	2	46	30	92	Iridian	Other	Illumina
026779605	12152	25932272	3297	3194	99	4	61	32	90	Iridian	Other	Illumina
026780185	18076	25443471	3307	3195	110	2	53	30	94	Iridian	Other	Illumina
026780345	18909	25508218	3328	3215	112	1	39	23	75	Iridian	Other	Illumina
026780765	11042	22941161	3268	3167	98	3	73	49	126	Iridian	Other	Illumina
026780785	12230	25588927	3288	3194	93	1	68	33	89	Iridian	Other	Illumina
026780845	11712	23647827	3252	3148	103	1	97	41	116	Iridian	Other	Illumina
026781065	13969	25696302	3303	3200	101	2	60	26	74	Iridian	Other	Illumina
026781145	13411	25271851	3306	3198	107	1	59	25	84	Iridian	Other	Illumina
026781215	6781	25113271	3294	3194	98	2	60	36	115	Iridian	Other	Illumina
026784285	9369	24803833	3304	3206	96	2	56	30	107	Iridian	Other	Illumina
026826555	129379	12561802	3347	3047	41	259	29	14	125	Other	Other	Illumina
026873725	37081	36361711	3334	3330	4	0	49	7	63	Iridian	Other	Illumina
026898505	556002	556002	3327	3304	23	0	51	11	59	Other	Other	ONT
026901105	201917	202949	3202	3178	24	0	133	54	84	Other	Other	Illumina
026929865	31308663	33676134	3332	3311	19	2	9	49	83	Other	Other	ONT
026930665	33824	36520423	3305	3305	0	0	77	8	79	Iridian	Other	Illumina
026930705	6546	37650049	3130	3130	0	0	205	55	210	Iridian	Other	Illumina
026930785	837	25974011	56	56	0	0	653	2679	323	Iridian	Other	Illumina
026930845	4895	37413395	3228	3222	6	0	131	31	246	Iridian	Other	Illumina
026930925	3501	40052610	2207	2207	0	0	825	356	670	Iridian	Other	Illumina
026931265	3400	3479	565	562	2	1	1583	1193	37	Iridian	Other	Illumina
026936385	21886250	81933988	3379	3334	17	28	7	4	67	Other	Other	PacBio
026936395	33249682	38019379	3384	3377	7	0	4	2	58	Other	Other	ONT
026937345	36790	36185665	3313	3311	2	0	65	12	60	Iridian	Other	Illumina
026937365	9480	38728798	2969	2968	1	0	327	92	235	Iridian	Other	Illumina
026937515	23637	36649426	3295	3292	3	0	84	10	78	Iridian	Other	Illumina
026937815	2285889	30810032	3330	3304	25	1	14	46	447	Other	Other	ONT
026939265	5584306	5584306	3329	3275	53	1	13	47	87	Other	Other	Illumina
026956025	7139826	152979943	3380	3316	11	53	4	6	62	Other	Other	ONT
027122255	28642	90881800	3275	3274	1	0	97	18	107	Iridian	Other	Illumina
027122295	42059	91029382	3322	3319	3	0	57	11	64	Iridian	Other	Illumina
027122455	3016	20572751	2758	2754	4	0	364	268	379	Iridian	Other	Illumina
027122555	2299	12552015	2113	2106	7	0	856	416	530	Iridian	Other	Illumina
027122575	3412	11846886	2123	2119	4	0	824	438	351	Iridian	Other	Illumina
027122695	4343	12654737	2330	2318	12	0	721	335	287	Iridian	Other	Illumina
027122715	3779	20854992	2709	2703	6	0	373	306	403	Iridian	Other	Illumina
027122755	2431	11869982	2039	2036	3	0	918	426	401	Iridian	Other	Illumina
027122795	2536	11386511	2216	2210	6	0	775	386	401	Iridian	Other	Illumina
027122915	32593	91027059	3324	3323	1	0	55	11	74	Iridian	Other	Illumina
027122955	42174	91058192	3341	3339	2	0	43	6	70	Iridian	Other	Illumina
027123015	1703	11092243	1820	1813	7	0	1018	543	521	Iridian	Other	Illumina
027123055	1848	7602289	1689	1682	7	0	1120	573	457	Iridian	Other	Illumina
027123135	3230	12702846	2283	2277	6	0	746	356	428	Iridian	Other	Illumina
027123175	3045	13558947	2549	2536	12	1	575	260	370	Iridian	Other	Illumina
027123235	4003	12610890	2311	2304	6	1	708	363	290	Iridian	Other	Illumina
027123335	1159304	36694648	3382	3369	13	0	4	4	73	Other	Other	CLR
027123545	3455	20524175	2695	2691	4	0	375	320	405	Iridian	Other	Illumina
027123565	2329	13566767	2385	2378	7	0	674	328	429	Iridian	Other	Illumina
027123655	32997	61618902	3281	3280	1	0	76	32	103	Iridian	Other	Illumina
027123675	4871	20738524	3057	3052	5	0	231	100	239	Iridian	Other	Illumina
027123695	7413	63207255	3232	3228	2	2	122	36	169	Iridian	Other	Illumina
027123715	2798	10749147	2220	2216	3	1	789	378	427	Iridian	Other	Illumina
027123975	2621	55613161	2970	2948	20	2	269	150	388	Iridian	Other	Illumina
027244095	160691000	359646233	3373	3345	24	4	6	11	34	Other	Other	HiFi
027257055	5252243	5252243	3310	3277	14	19	42	36	149	Other	Other	PacBio
027361055	2850	28434641	3210	3190	20	0	120	59	201	Iridian	Other	Illumina
027382335	11546956	11546956	3345	3322	22	1	15	30	92	Other	Other	HiFi
027406505	14417828	29199366	3369	1101	2266	2	9	12	180	Other	Other	PacBio
027408225	8326736	87475253	3380	3375	5	0	1	9	55	Other	Other	HiFi
027422405	528209	27726705	3072	3004	68	0	47	271	261	Other	Other	PacBio
027422415	2343183	36061986	3337	3211	123	3	11	42	152	Other	Other	PacBio
027422435	2575971	36056370	3152	3095	57	0	55	183	234	Other	Other	PacBio
027422475	49020	1386763	3328	3301	4	23	49	12	70	Other	Other	Illumina
027422525	76652	1367838	3328	3286	10	32	56	6	63	Other	Other	Illumina
027474105	7689806	8077358	3327	3130	197	0	6	57	181	Other	Other	PacBio
027474115	1898558	36493036	3280	3086	193	1	20	90	219	Other	Other	PacBio
027475355	26648257	35417180	3290	3247	40	3	22	78	132	Other	Other	HiFi
027475425	6313	38644641	3093	3089	4	0	223	72	271	Iridian	Other	Illumina
027475465	34851	36635095	3306	3303	3	0	75	9	92	Iridian	Other	Illumina
027475485	39943	32928445	3338	3336	2	0	48	4	75	Iridian	Other	Illumina
027475505	20053	36402184	3246	3245	1	0	126	18	125	Iridian	Other	Illumina
027475565	96827784	144444042	3388	3375	5	8	1	1	50	Other	Other	PacBio
027479025	10779	33942039	3230	3224	6	0	131	26	132	Iridian	Other	Illumina
027479145	24108	35758010	3332	3332	0	0	46	12	70	Iridian	Other	Illumina
027479285	21023	33452253	3270	3268	2	0	97	23	88	Iridian	Other	Illumina
027481765	17052863	17052863	3351	3317	30	4	14	25	53	Other	Other	ONT
027495735	15631	20750	2500	2457	43	0	742	137	64	Other	Other	PacBio
027497455	153432	31118760	3252	3037	213	2	57	81	127	Other	Other	ONT
027497675	5329	28478858	2928	2915	12	1	336	122	322	Iridian	Other	Illumina
027497695	27461	36192315	3332	3331	1	0	46	12	61	Iridian	Other	Illumina
027497715	26046	35949950	3273	3272	1	0	98	19	89	Iridian	Other	Illumina
027497735	3726	27913647	3231	3211	19	1	107	51	169	Iridian	Other	Illumina
027497755	993	36917355	1635	1635	0	0	1116	639	862	Iridian	Other	Illumina
027497775	17712854	35025567	3386	3382	4	0	0	4	47	Iridian	Other	Illumina
027497815	11066	49659068	3063	3059	4	0	267	58	217	Iridian	Other	Illumina
027497835	12968	36182379	3341	3341	0	0	41	7	66	Iridian	Other	Illumina
027497855	6981	32994373	3313	3308	5	0	66	10	112	Iridian	Other	Illumina
027557775	5465831	91555271	3380	3374	6	0	1	9	67	Other	Other	HiFi
027559625	10471	205778	2932	2930	1	1	347	109	147	Iridian	Other	Illumina
027559655	36561	36337749	3339	3333	6	0	42	9	50	Iridian	Other	Illumina
027559835	13278	48117	2697	2695	2	0	560	127	96	Iridian	Other	Illumina
027560015	27367	60666	2742	2740	2	0	516	126	85	Iridian	Other	Illumina
027560035	16820	49189	2695	2694	1	0	557	131	91	Iridian	Other	Illumina
027560095	18154	54193	2696	2694	2	0	575	115	101	Iridian	Other	Illumina
027560215	40489	73174	2905	2903	2	0	391	94	59	Iridian	Other	Illumina
027560235	25802	58613	2775	2771	4	0	497	115	102	Iridian	Other	Illumina
027560335	28559	62682	2704	2701	3	0	547	136	90	Iridian	Other	Illumina
027560355	19347	57284	2764	2759	5	0	515	108	80	Iridian	Other	Illumina
027560375	2902	52356	2162	2158	4	0	716	508	366	Iridian	Other	Illumina
027560395	3950	62558	2200	2197	2	1	700	488	317	Iridian	Other	Illumina
027563805	34107	39137307	3323	3322	1	0	51	16	75	Iridian	Other	Illumina
027564015	5018	81304857	3296	3295	1	0	73	21	153	Iridian	Other	Illumina
027564035	6412	77961257	3312	3312	0	0	61	16	169	Iridian	Other	Illumina
027564115	24334	60694	2732	2729	3	0	552	101	72	Iridian	Other	Illumina
027564155	2001950	37113662	3274	3077	196	1	48	68	484	Other	Other	ONT
027564165	25638	77599595	3357	3357	0	0	26	7	69	Iridian	Other	Illumina
027564185	2329	59684684	2983	2973	9	1	260	146	364	Iridian	Other	Illumina
027564205	39527	90981074	3322	3319	3	0	57	11	84	Iridian	Other	Illumina
027564225	26492	78092686	3236	3236	0	0	126	26	120	Iridian	Other	Illumina
027564255	12740	49458	2667	2663	4	0	583	134	89	Iridian	Other	Illumina
027564435	10828	92537993	3251	3249	2	0	115	24	158	Iridian	Other	Illumina
027564455	37972	91057712	3331	3328	3	0	51	7	63	Iridian	Other	Illumina
027564495	15131	78624065	3336	3335	1	0	43	11	68	Iridian	Other	Illumina
027564535	1645	35960193	2005	2002	3	0	766	619	624	Iridian	Other	Illumina
027564555	3836	37049087	3296	3294	2	0	76	18	175	Iridian	Other	Illumina
027564575	1368	37768748	980	979	0	1	1266	1143	800	Iridian	Other	Illumina
027564635	11024	13669	2148	2140	7	1	907	325	82	Iridian	Other	Illumina
027564655	35040	36438466	3343	3340	3	0	40	7	67	Iridian	Other	Illumina
027564675	6773	39224879	2908	2904	3	1	391	89	330	Iridian	Other	Illumina
027564695	31086	36136030	3362	3358	4	0	21	7	70	Iridian	Other	Illumina
027564715	34893	36382398	3334	3332	2	0	47	9	75	Iridian	Other	Illumina
027564735	24775	36552554	3326	3322	4	0	51	12	68	Iridian	Other	Illumina
027564755	10076	12102	2007	2000	7	0	1010	356	87	Iridian	Other	Illumina
027564775	9698	11527	2014	2009	5	0	980	380	74	Iridian	Other	Illumina
027564795	7562	10609	1896	1889	6	1	1109	366	91	Iridian	Other	Illumina
027564835	10284	13334	2108	2103	4	1	934	336	81	Iridian	Other	Illumina
027574745	2161	57515776	2883	2866	15	2	321	186	399	Iridian	Other	Illumina
027574805	31371	84601090	3358	3358	0	0	28	4	58	Iridian	Other	Illumina
027574825	20137	84571636	3330	3329	1	0	51	9	80	Iridian	Other	Illumina
027575045	37150	36699592	3322	3321	1	0	62	6	68	Iridian	Other	Illumina
027575065	38462	36468907	3315	3311	4	0	64	10	57	Iridian	Other	Illumina
027575085	29619	36287424	3237	3233	4	0	132	21	86	Iridian	Other	Illumina
027575105	2627	37499110	2809	2802	7	0	370	211	482	Iridian	Other	Illumina
027575145	2184	36507032	505	505	0	0	1390	1493	680	Iridian	Other	Illumina
027575165	27633	36497993	3304	3302	2	0	72	14	95	Iridian	Other	Illumina
027575585	10557	13143	2208	2201	6	1	897	271	81	Iridian	Other	Illumina
027575605	2341	53749354	2798	2786	12	0	392	199	487	Iridian	Other	Illumina
027575645	15141	62380019	3220	3217	3	0	133	36	125	Iridian	Other	Illumina
027575895	2191	63944787	2975	2960	14	1	266	148	399	Iridian	Other	Illumina
027575915	2645	58843288	3029	3016	13	0	218	143	338	Iridian	Other	Illumina
027575935	2433	62888858	2964	2948	15	1	265	161	402	Iridian	Other	Illumina
027575955	2394	59348180	2995	2977	18	0	255	140	351	Iridian	Other	Illumina
027575975	2020	59125954	2910	2895	14	1	295	184	400	Iridian	Other	Illumina
027575995	2335	63858964	41	41	0	0	11	3338	5	Iridian	Other	Illumina
027576015	2576	59591328	2943	2924	18	1	295	152	384	Iridian	Other	Illumina
027576035	2172	63936587	2948	2931	14	3	264	176	419	Iridian	Other	Illumina
027576055	2584	63907610	2980	2958	21	1	261	148	385	Iridian	Other	Illumina
027576075	2052	58841666	2923	2904	18	1	283	184	374	Iridian	Other	Illumina
027576095	2028	58857062	2843	2830	13	0	353	192	460	Iridian	Other	Illumina
027576115	2951	56397652	2953	2941	10	2	283	153	330	Iridian	Other	Illumina
027576135	23080	62185255	3285	3282	3	0	86	19	106	Iridian	Other	Illumina
027576175	2721	56299849	3015	3000	15	0	257	118	316	Iridian	Other	Illumina
027576195	19509	62254629	3311	3308	2	1	62	17	85	Iridian	Other	Illumina
027576215	369	61178117	311	310	1	0	1357	1722	656	Iridian	Other	Illumina
027576235	2121	63891876	2901	2889	10	2	299	189	453	Iridian	Other	Illumina
027576255	2283	63307472	2945	2919	23	3	284	161	414	Iridian	Other	Illumina
027576275	2443	59176157	2960	2945	13	2	283	147	394	Iridian	Other	Illumina
027576295	26407	62136990	3245	3242	3	0	110	35	88	Iridian	Other	Illumina
027576325	1812	57242435	2858	2844	14	0	300	229	447	Iridian	Other	Illumina
027576375	2280	56778049	2909	2892	16	1	312	167	415	Iridian	Other	Illumina
027576395	2631	64302036	2958	2937	17	4	274	157	371	Iridian	Other	Illumina
027576415	2497	63631225	2980	2961	17	2	261	149	394	Iridian	Other	Illumina
027576435	2928	56747414	3021	3005	16	0	231	138	302	Iridian	Other	Illumina
027576475	2545	63623812	2969	2951	16	2	281	140	397	Iridian	Other	Illumina
027576495	2274	63735278	2924	2905	18	1	289	177	391	Iridian	Other	Illumina
027576535	2617	64088733	2983	2965	15	3	258	149	358	Iridian	Other	Illumina
027576555	2295	59670264	2931	2911	17	3	278	181	418	Iridian	Other	Illumina
027576575	2781	58718353	2985	2967	16	2	269	135	322	Iridian	Other	Illumina
027576595	2081	64566064	2908	2896	10	2	298	183	450	Iridian	Other	Illumina
027576615	2396	63320601	2967	2947	19	1	265	155	392	Iridian	Other	Illumina
027576635	2450	64442929	2969	2954	13	2	271	149	382	Iridian	Other	Illumina
027576675	2119	59139592	2875	2860	14	1	323	191	432	Iridian	Other	Illumina
027576695	45840	63031348	3302	3302	0	0	64	24	66	Iridian	Other	Illumina
027576735	2379	55967399	2942	2922	17	3	294	154	398	Iridian	Other	Illumina
027576755	2636	64078424	2997	2991	4	2	260	131	361	Iridian	Other	Illumina
027576815	9328	58307819	3315	3313	2	0	55	20	85	Iridian	Other	Illumina
027576835	2376	66071832	2935	2911	22	2	297	158	391	Iridian	Other	Illumina
027576855	2140	64420667	2934	2914	18	2	287	169	431	Iridian	Other	Illumina
027576875	13798	25324497	3317	3215	100	2	46	27	85	Iridian	Other	Illumina
027576895	2202	64081638	2937	2920	15	2	290	163	408	Iridian	Other	Illumina
027579975	14209	84694584	3325	3325	0	0	50	14	98	Iridian	Other	Illumina
027579995	22161	84239905	3349	3349	0	0	36	4	69	Iridian	Other	Illumina
027580015	10773	37982198	3061	3057	3	1	259	69	215	Iridian	Other	Illumina
027580075	36669	36349134	3317	3315	2	0	66	7	67	Iridian	Other	Illumina
027580095	36350	36252255	3326	3326	0	0	53	11	66	Iridian	Other	Illumina
027580115	21983	36647746	3248	3245	3	0	121	20	114	Iridian	Other	Illumina
027580135	21201	36940761	3247	3244	3	0	110	32	111	Iridian	Other	Illumina
027580155	21551097	29956575	3351	3340	11	0	1	38	100	Other	Other	ONT
027580175	16036871	30486584	3380	3370	10	0	5	5	136	Other	Other	ONT
027580195	38284421	103902138	3386	3328	3	55	2	2	129	Other	Other	ONT
027580225	41472457	41472457	3339	3221	114	4	11	40	76	Other	Other	CLR
027580245	44905690	104024683	3363	3308	4	51	5	22	143	Other	Other	ONT
027596085	2569385	26734982	3378	3341	36	1	8	4	197	Other	Other	ONT
027704905	636888	30072179	3339	3291	46	2	15	36	173	Other	Other	PacBio
027744805	26519775	32514960	3353	3333	18	2	10	27	92	Other	Other	HiFi
027744825	26259131	26259131	3321	3245	74	2	16	53	129	Other	Other	HiFi
027789165	707518	42375988	3224	3193	30	1	46	120	85	Other	Other	HiFi
027791375	8710530	38137700	3323	3316	7	0	15	52	50	Other	Other	CLR
027886175	28093532	28093532	3375	3352	21	2	3	12	56	Other	Other	HiFi
027924125	260285	357000	3195	2873	321	1	80	115	243	Other	Other	CLR
027925045	20705417	101781984	3384	3379	5	0	0	6	282	Other	Other	ONT
027943205	11610120	28076099	3389	3361	28	0	1	0	82	Other	Other	HiFi
027943515	52400	10966626	3375	3350	7	18	6	9	62	Other	Other	Illumina
028031935	63146	29801667	3211	3185	25	1	64	115	174	Other	Other	Illumina
028128575	5024	123810	2540	2516	22	2	528	318	455	Other	Other	Illumina
028476615	1152803	1172915	3332	3270	61	1	31	27	718	Other	Other	PacBio
028533065	60077	124458213	3114	3097	7	10	205	70	139	DNAZoo	Other	Illumina
028533075	49679	120619367	3173	3101	19	53	163	53	171	DNAZoo	Other	Illumina
028533085	40155	128811464	3045	2973	13	59	270	74	171	DNAZoo	Other	Illumina
028533165	55757	121128971	3221	3139	18	64	127	41	146	DNAZoo	Other	Illumina
028533205	57452	401333761	3229	3144	25	60	116	44	116	DNAZoo	Other	Illumina
028533215	52664	112896847	3083	3063	17	3	245	60	154	DNAZoo	Other	Illumina
028533245	73706	59704986	3280	3271	6	3	88	22	84	DNAZoo	Other	Illumina
028533255	46059	47139982	3107	3100	7	0	216	66	137	DNAZoo	Other	Illumina
028533295	50736	139656774	3260	3248	6	6	98	32	116	DNAZoo	Other	Illumina
028533335	91425	60785871	3343	3294	9	40	34	13	83	DNAZoo	Other	Illumina
028533375	87018	59591286	3297	3276	11	10	71	21	92	DNAZoo	Other	Illumina
028533385	51083	132627732	3228	3214	4	10	135	27	130	DNAZoo	Other	Illumina
028533395	63903	85834856	3044	3041	2	1	234	104	140	DNAZoo	Other	Illumina
028533765	213999	110476781	3297	3288	8	1	61	32	71	DNAZoo	Other	Illumina
028533875	60614	128516143	3150	3108	18	24	179	57	139	DNAZoo	Other	Illumina
028533885	64559	119764535	3142	3113	10	19	188	58	124	DNAZoo	Other	Illumina
028534055	38022	82429097	2999	2944	18	37	295	95	189	DNAZoo	Other	Illumina
028534125	93318	57409894	3247	3160	78	9	110	32	97	DNAZoo	Other	Illumina
028534135	65113	121721779	3177	3155	9	13	169	41	101	DNAZoo	Other	Illumina
028534165	32746	42412415	3027	2994	18	15	278	83	169	DNAZoo	Other	Illumina
028534605	58256415	73427893	3383	3368	15	0	1	6	143	Other	Other	PacBio
028536675	11534525	66144195	3373	3362	10	1	4	13	57	Other	Other	HiFi
028537955	49752295	83674487	3375	3233	61	81	5	10	54	Other	Other	HiFi
028538775	28025655	99144700	3335	3228	38	69	8	47	117	Other	Other	HiFi
028551375	117282	104741234	3341	3323	12	6	40	9	67	DNAZoo	Other	Illumina
028551405	49660	99048585	3295	3237	19	39	69	26	107	DNAZoo	Other	Illumina
028551425	45920	132313483	3202	3176	14	12	146	41	146	DNAZoo	Other	Illumina
028551445	76031	99916881	3289	3223	9	57	77	23	85	DNAZoo	Other	Illumina
028551515	53327	103980617	3169	3096	23	50	173	45	161	DNAZoo	Other	Illumina
028551555	22266903	22266903	3369	3352	13	4	10	11	62	Other	Other	HiFi
028554395	3815874	3815874	3368	3352	16	0	14	8	70	Other	Other	Illumina
028554615	60848	82867589	3135	3126	9	0	151	102	95	Other	Other	Illumina
028555095	22796	5983314	3197	3174	7	16	95	98	183	Other	Other	Illumina
028564705	1625559	1678775	3310	3294	11	5	38	42	73	Other	Other	PacBio
028564725	118180270	151944179	3388	3355	5	28	1	1	125	Other	Other	ONT
028564865	14430	11651686	2748	2740	8	0	478	158	98	Iridian	Other	Illumina
028564905	3267	16998478	2570	2557	12	1	564	255	305	Iridian	Other	Illumina
028564925	2498674	611110003	3127	3066	49	12	117	145	74	Other	Other	CLR
028564935	9756	18169250	2831	2816	12	3	388	168	158	Iridian	Other	Illumina
028564955	6877	24019472	3267	3260	6	1	97	26	187	Iridian	Other	Illumina
028564975	21923	85725473	3202	3201	1	0	159	29	129	Iridian	Other	Illumina
028564985	28481	93497347	3194	3192	2	0	161	34	111	Iridian	Other	Illumina
028565035	38566	72774246	3326	3321	2	3	49	14	69	Iridian	Other	Illumina
028565055	21039	18627729	2539	2536	2	1	675	166	121	Iridian	Other	Illumina
028565255	17586	55958	2662	2661	1	0	606	119	75	Iridian	Other	Illumina
028565275	8880	18332047	3006	2978	26	2	270	112	125	Iridian	Other	Illumina
028565295	3345	6436	1719	1711	7	1	1137	530	320	Iridian	Other	Illumina
028565315	38489	77306008	3195	3193	2	0	162	31	100	Iridian	Other	Illumina
028565335	23624	80129524	3352	3352	0	0	32	6	55	Iridian	Other	Illumina
028565595	8293	20064885	2926	2909	16	1	332	129	166	Iridian	Other	Illumina
028565615	274	274	17	17	0	0	89	3281	3	Iridian	Other	Illumina
028565655	1656	1755	291	290	1	0	1413	1661	75	Iridian	Other	Illumina
028565675	4882	9637	2071	2062	5	4	937	374	416	Iridian	Other	Illumina
028565755	5705	17176502	2769	2752	16	1	435	185	206	Iridian	Other	Illumina
028565775	15894	19157053	3248	3233	14	1	109	32	97	Iridian	Other	Illumina
028565825	8181	14554035	2353	2344	9	0	756	274	195	Iridian	Other	Illumina
028565875	5299	6083	1464	1461	3	0	1311	589	81	Iridian	Other	Illumina
028565915	36015	73373	2725	2723	2	0	544	116	80	Iridian	Other	Illumina
028565975	16093	26911286	3326	3318	8	0	50	14	74	Iridian	Other	Illumina
028566035	17500	26756405	3316	3309	7	0	55	19	80	Iridian	Other	Illumina
028566055	16708	24156648	3188	3183	5	0	157	44	98	Iridian	Other	Illumina
028566095	6763	27337586	3300	3290	10	0	69	20	116	Iridian	Other	Illumina
028566105	8212	23882540	3041	3037	4	0	259	86	134	Iridian	Other	Illumina
028566275	9386	23765999	3040	3035	4	1	264	83	121	Iridian	Other	Illumina
028566295	4744	10858133	2363	2351	12	0	723	295	260	Iridian	Other	Illumina
028566355	3304	19548071	2791	2777	14	0	412	185	311	Iridian	Other	Illumina
028566375	3108	17005198	2602	2588	14	0	550	237	326	Iridian	Other	Illumina
028566415	8307	23810142	3063	3059	4	0	250	73	159	Iridian	Other	Illumina
028566435	4658	19543527	2860	2846	14	0	375	153	242	Iridian	Other	Illumina
028566535	5023	80054137	2225	2223	2	0	705	458	481	Iridian	Other	Illumina
028566575	7570	81376674	3165	3164	1	0	173	52	225	Iridian	Other	Illumina
028566615	3168	60089602	3004	3000	4	0	291	95	331	Iridian	Other	Illumina
028566695	5413	19799886	3010	2993	16	1	259	121	226	Iridian	Other	Illumina
028566735	2630	3061	1487	1466	19	2	1313	570	87	Iridian	Other	Illumina
028567035	4445	34996001	2792	2784	8	0	459	139	304	Iridian	Other	Illumina
028567055	9053	29615717	3115	3110	5	0	189	84	141	Iridian	Other	Illumina
028567075	27068	69042297	3210	3208	2	0	151	28	95	Iridian	Other	Illumina
028567095	35114	36629791	3334	3333	1	0	50	6	75	Iridian	Other	Illumina
028570925	936	1339	254	252	2	0	1349	1765	205	Iridian	Other	Illumina
028570945	4949	24105726	3159	3146	13	0	155	76	160	Iridian	Other	Illumina
028570965	6188	19140640	3107	2580	523	4	195	86	183	Iridian	Other	Illumina
028570985	7308	12008	2919	2492	398	29	377	91	173	Iridian	Other	Illumina
028571045	43570	75716563	3358	3357	1	0	27	5	55	Iridian	Other	Illumina
028571105	16512	45914079	2854	2850	4	0	437	96	84	Iridian	Other	Illumina
028571125	28599	81770679	3299	3298	1	0	78	13	94	Iridian	Other	Illumina
028571185	1967	4126	1581	1575	6	0	1231	559	233	Iridian	Other	Illumina
028583065	32973	90113662	3170	3170	0	0	71	149	65	Iridian	Other	Illumina
028583085	1825	67480094	2843	2825	16	2	334	212	474	Iridian	Other	Illumina
028583105	30299	341276260	3043	3004	11	28	263	79	173	DNAZoo	Other	Illumina
028583405	962244	41761029	3284	3141	143	0	45	61	93	Other	Other	CLR
028583565	74870268	102356453	3389	3277	15	97	0	1	77	Other	Other	CLR
028583685	69635	28187009	3342	3138	116	88	27	21	71	Other	Other	Illumina
028626985	74778	576111283	3228	3197	20	11	116	45	96	DNAZoo	Other	Illumina
028627135	27966	425237964	2962	2876	21	65	340	86	197	DNAZoo	Other	Illumina
028627145	109255	101563129	3085	3069	14	2	206	97	126	DNAZoo	Other	Illumina
028627215	41690	392871110	3197	3141	12	44	142	51	109	DNAZoo	Other	Illumina
028627265	28335	51119100	2838	2787	9	42	399	145	216	DNAZoo	Other	Illumina
028640845	23873608	231952326	3238	3226	9	3	25	127	60	Other	Other	ONT
028641065	5310386	57189699	3297	3269	25	3	28	65	135	Other	Other	PacBio
028641955	4776643	25603171	3371	3342	29	0	15	4	79	Other	Other	ONT
028642525	32309	87438310	2876	2819	23	34	383	125	203	DNAZoo	Other	Illumina
028643795	16665	37295854	2813	2755	19	39	429	140	233	DNAZoo	Other	Illumina
028643805	42318	531475703	3079	3048	14	17	246	63	103	DNAZoo	Other	Illumina
028644305	58140	127260801	3225	3164	19	42	121	43	111	DNAZoo	Other	Illumina
028645565	44968	116598389	3050	2966	26	58	265	75	215	DNAZoo	Other	Illumina
028646355	61084	127156334	3309	3196	18	95	66	14	123	DNAZoo	Other	Illumina
028646385	59977	94897118	3306	3256	13	37	64	20	124	DNAZoo	Other	Illumina
028646425	62041	93180659	3263	3205	21	37	104	22	139	DNAZoo	Other	Illumina
028646445	65051	141103905	3295	3273	7	15	76	19	114	DNAZoo	Other	Illumina
028646465	105810	56870999	3276	3074	193	9	99	15	84	DNAZoo	Other	Illumina
028646485	124286	107277967	3319	3271	10	38	58	13	91	DNAZoo	Other	Illumina
028646515	26949	209248263	2831	2679	106	46	424	132	197	DNAZoo	Other	Illumina
028646535	34230	114539748	2898	2859	11	28	374	112	171	DNAZoo	Other	Illumina
028646575	24464	213462136	2816	2684	40	92	437	133	215	DNAZoo	Other	Illumina
028646595	28067	353051754	3018	2932	21	65	294	77	225	DNAZoo	Other	Illumina
028654425	7787539	35840696	3380	3348	32	0	3	7	426	Other	Other	CLR
028658305	47672	70283636	3280	3220	20	40	67	43	97	DNAZoo	Other	Illumina
028658325	46323	557804701	3081	2759	285	37	234	73	139	DNAZoo	Other	Illumina
028749965	65828543	149508014	3336	3321	6	9	5	49	56	Other	Other	HiFi
028769735	14729340	71969017	3372	3367	2	3	6	12	58	Other	Other	PacBio
028877395	1906	58376247	2910	2895	13	2	277	201	400	Iridian	Other	Illumina
028877415	2085	56939537	2929	2912	15	2	305	155	389	Iridian	Other	Illumina
028877435	1730	57098493	2756	2742	12	2	391	242	470	Iridian	Other	Illumina
028877455	2206	57915386	3252	3225	25	2	80	58	92	Iridian	Other	Illumina
028973685	64712170	89243566	3388	3319	10	59	0	2	79	Other	Other	HiFi
028975605	14262	151453396	3250	3212	8	30	100	39	151	Other	Other	Illumina
029030835	2589815	2589815	3365	3360	5	0	11	14	105	Other	Other	ONT
029042245	32460729	85439399	3383	3375	6	2	2	5	56	Other	Other	ONT
029204185	35012	11085295	3249	3151	95	3	103	37	126	Other	Other	Illumina
029206835	4644276	938497014	3264	2998	248	18	43	83	91	Other	Other	PacBio
029207655	14321763	83410609	3325	3307	12	6	15	50	52	Other	Other	HiFi
029207755	4583527	73256386	3356	3344	10	2	11	23	54	Other	Other	HiFi
029215605	58074836	154172358	3385	3328	13	44	1	4	61	Other	Other	HiFi
029215685	26555075	216834086	3110	3094	14	2	22	258	58	Other	Other	HiFi
029215755	14335781	120842655	3312	3290	21	1	22	56	54	Other	Other	HiFi
029220125	4219354	25738204	3260	3233	27	0	39	91	136	Other	Other	ONT
029224185	1950773	24527224	3331	3317	13	1	25	34	163	Other	Other	HiFi
029224305	19492	112264	2411	2333	23	55	772	198	310	Other	Other	Illumina
029233225	64972995	119873534	3370	3344	22	4	5	15	50	Other	Other	HiFi
029233295	9740499	10812475	3380	3271	15	94	3	7	80	Other	Other	PacBio
029233695	5760096	6177278	3374	3257	11	106	9	7	89	Other	Other	PacBio
029233705	10116480	10391910	3377	3268	13	96	6	7	83	Other	Other	PacBio
029233825	3358110	3464130	3370	3254	8	108	13	7	119	Other	Other	PacBio
029234005	3311896	3603105	3367	3262	11	94	15	8	74	Other	Other	PacBio
029234015	7261839	7420520	3369	3264	13	92	9	12	94	Other	Other	PacBio
029234035	3612783	3745907	3368	3257	13	98	16	6	111	Other	Other	PacBio
029234525	3752475	3919291	3373	3267	13	93	8	9	154	Other	Other	PacBio
029236065	4625727	4797539	3377	3271	12	94	7	6	111	Other	Other	PacBio
029237185	5812529	5930757	3371	3252	18	101	11	8	159	Other	Other	PacBio
029237205	4859543	5108570	3379	3267	10	102	2	9	136	Other	Other	PacBio
029237225	4448364	4571595	3374	3269	14	91	6	10	192	Other	Other	PacBio
029237265	14352593	15401787	3382	3277	16	89	2	6	68	Other	Other	PacBio
029237405	3588498	3785442	3380	3270	18	92	3	7	82	Other	Other	PacBio
029237415	3804523	3972165	3372	3264	12	96	10	8	97	Other	Other	PacBio
029237445	6398502	7136543	3379	3262	20	97	4	6	76	Other	Other	PacBio
029237465	7195722	7964058	3374	3262	16	96	8	8	74	Other	Other	PacBio
029237485	7095212	7413313	3380	3263	18	99	4	6	69	Other	Other	PacBio
029255665	6200189	6321869	3376	3266	15	95	7	7	75	Other	Other	PacBio
029255695	6532276	7006831	3377	3272	9	96	5	8	91	Other	Other	PacBio
029282475	50948978	133255571	3326	3311	5	10	11	53	212	Other	Other	Illumina
029286575	15748	829488	3175	3166	9	0	146	69	113	Other	Other	Illumina
029286905	19858	1139183	3147	3137	9	1	175	66	136	Other	Other	Illumina
029375565	10858724	190862615	3374	3347	19	8	4	12	110	Other	Other	ONT
029378745	42080189	104596815	3389	3327	8	54	1	0	64	Other	Other	PacBio
029407905	91172394	121846921	3389	3331	7	51	1	0	56	Other	Other	HiFi
029410595	68603938	143113826	3387	3365	6	16	2	1	45	Other	Other	ONT
029448635	23352486	26279568	3375	3366	9	0	7	8	122	Other	Other	PacBio
029448725	1231776	50983633	3353	1854	1490	9	28	9	77	Other	Other	PacBio
029465975	814405	20276067	3216	3185	29	2	24	150	78	Other	Other	ONT
029490765	11935974	33806689	3380	3294	86	0	4	6	73	Other	Other	Illumina
029531705	3031475	63228677	3281	3169	112	0	28	81	85	Other	Other	PacBio
029532125	98462	46990746	3263	3154	23	86	86	40	95	Other	Other	Illumina
029532605	176676	176676	3260	3245	13	2	96	34	98	Other	Other	ONT
029574335	1704296	547819331	3215	3085	91	39	64	110	81	Other	Other	PacBio
029582295	1293	1297	807	804	2	1	1671	879	40	Other	Other	Illumina
029593785	7208	7440	1811	1671	81	59	1137	422	458	Other	Other	Illumina
029619115	47528	548271	2278	2243	34	1	756	350	81	Other	Other	Illumina
029620185	106788	2003583	3295	3251	43	1	80	14	80	Other	Other	Illumina
029620275	2432960	31165788	3302	3010	290	2	23	65	243	Other	Other	CLR
029692045	1398550	55204474	3225	3081	144	0	29	136	295	Other	Other	ONT
029692085	24488841	133528002	3329	3229	98	2	15	46	199	Other	Other	ONT
029706075	2000165	3835462	3262	3027	233	2	19	109	410	Other	Other	ONT
029718625	519789	76846976	3295	3104	188	3	44	51	349	Other	Other	HiFi
029721435	53379876	112885341	3346	3250	91	5	11	33	53	Other	Other	CLR
029721515	12009665	27113652	3351	3337	14	0	5	34	59	Other	Other	ONT
029783605	1992	62432569	2741	2722	18	1	395	253	520	Iridian	Other	Illumina
029783625	5166	26000844	2876	2866	9	1	384	124	266	Iridian	Other	Illumina
029783645	12045	24196645	3178	3172	6	0	166	45	137	Iridian	Other	Illumina
029783665	10796	26907042	3013	3003	9	1	300	74	145	Iridian	Other	Illumina
029783685	3773	28936508	2827	2823	4	0	401	162	425	Iridian	Other	Illumina
029783705	7523	31851513	2978	2969	9	0	334	76	208	Iridian	Other	Illumina
029783725	8917	23998621	3116	3107	9	0	205	65	155	Iridian	Other	Illumina
029783805	6481	23481848	3066	3058	8	0	232	90	299	Iridian	Other	Illumina
029783875	113164	46351422	3289	3238	34	17	72	28	120	DNAZoo	Other	Illumina
029783895	12651899	24251541	3328	3277	50	1	11	51	74	Other	Other	HiFi
029784025	93346	7298794	3357	3350	2	5	26	7	82	Other	Other	Illumina
029784085	23112719	23112719	3385	3365	12	8	4	1	219	Other	Other	ONT
029784105	27028739	27028739	3383	3360	12	11	6	1	245	Other	Other	ONT
029814055	27168309	27168309	3385	3363	12	10	4	1	278	Other	Other	ONT
029814075	27145712	27145712	3384	3361	10	13	5	1	350	Other	Other	ONT
029814095	26074410	26074410	3382	3361	12	9	7	1	684	Other	Other	ONT
029814115	25255910	25255910	3386	3366	10	10	3	1	515	Other	Other	ONT
029814465	5389	34084005	3098	3094	4	0	215	76	148	Iridian	Other	Illumina
029814485	4771	40688424	2352	2346	6	0	743	289	533	Iridian	Other	Illumina
029814505	2882	37518861	2608	2603	3	2	478	300	361	Iridian	Other	Illumina
029814525	5084	38000181	2421	2416	4	1	657	309	305	Iridian	Other	Illumina
029814545	1917	32798963	2744	2741	3	0	435	209	279	Iridian	Other	Illumina
029814565	24479	33723	2472	2468	4	0	763	143	75	Iridian	Other	Illumina
029814585	3876	21669972	2227	2220	7	0	697	452	203	Iridian	Other	Illumina
029814605	2157	63216450	2793	2779	14	0	385	212	498	Iridian	Other	Illumina
029814625	25729	36628	2580	2575	5	0	695	111	65	Iridian	Other	Illumina
029814645	3540	35218611	2551	2545	6	0	550	282	281	Iridian	Other	Illumina
029814665	28744	24554306	3212	3206	6	0	146	31	95	Iridian	Other	Illumina
029814675	2710	22657895	2520	2517	3	0	634	230	406	Iridian	Other	Illumina
029814705	1230	17485734	554	554	0	0	1351	1474	567	Iridian	Other	Illumina
029814725	2566	22563471	2305	2297	8	0	788	293	450	Iridian	Other	Illumina
029814745	3023	24920965	2738	2735	3	0	488	162	417	Iridian	Other	Illumina
029814765	41786	15294572	3230	3225	5	0	121	38	94	Iridian	Other	Illumina
029818875	25205516	25205516	3384	3362	11	11	5	1	698	Other	Other	ONT
029822895	8016	32977	2304	2296	7	1	789	280	130	Iridian	Other	Illumina
029822935	3223	24725345	2716	2706	9	1	486	185	389	Iridian	Other	Illumina
029822955	2939	34746156	2885	2877	8	0	338	164	202	Iridian	Other	Illumina
029823135	2195	5908	3037	2930	101	6	286	66	242	Iridian	Other	Illumina
029823295	6114	6287	1347	1340	6	1	1437	585	52	Iridian	Other	Illumina
029834395	42400022	42400022	3364	3323	21	20	12	14	84	Other	Other	HiFi
029834435	12246881	50753730	3379	1749	1624	6	3	8	89	Other	Other	PacBio
029834665	4565825	7888681	3370	3332	37	1	9	11	90	Other	Other	ONT
029853015	13767766	28108104	3375	3364	11	0	2	13	187	Other	Other	PacBio
029874045	4561	5055	1458	1452	6	0	1468	442	54	Other	Other	Illumina
029874105	1835	1915	886	881	3	2	1573	882	43	Other	Other	Illumina
029874195	2839	3067	1153	1145	5	3	1520	688	48	Other	Other	Illumina
029874215	2169	2325	1000	997	3	0	1536	826	44	Other	Other	Illumina
029874245	4822	5193	1564	1555	9	0	1312	480	58	Other	Other	Illumina
029874265	4649	4930	1509	1504	4	1	1430	424	56	Other	Other	Illumina
029874285	1818	1832	748	747	1	0	1668	938	37	Other	Other	Illumina
029874325	1388	1434	471	392	78	1	1636	1223	29	Other	Other	Illumina
029874365	1691	1711	714	712	2	0	1669	963	38	Other	Other	Illumina
029874405	1383	1387	551	547	3	1	1662	1138	31	Other	Other	Illumina
029874485	5639	26102609	2884	2874	9	1	398	105	246	Iridian	Other	Illumina
029874555	1549	1559	620	620	0	0	1704	1022	33	Other	Other	Illumina
029874575	1760	1787	727	724	3	0	1727	889	36	Other	Other	Illumina
029874595	2090	2181	924	921	3	0	1646	784	40	Other	Other	Illumina
029874615	1531	1545	727	724	3	0	1679	946	37	Other	Other	Illumina
029874695	1584	1591	555	552	1	2	1724	1058	26	Other	Other	Illumina
029874735	1338	1340	679	676	3	0	1714	952	33	Other	Other	Illumina
029874815	1284	1297	529	457	70	2	1694	1122	36	Other	Other	Illumina
029874835	9073	27478316	3013	3003	9	1	285	90	165	Iridian	Other	Illumina
029874875	3536	23522670	2710	2699	10	1	495	182	341	Iridian	Other	Illumina
029874915	4608	4769	1792	1789	3	0	1231	346	57	Other	Other	Illumina
029874935	2873	3046	1261	1255	5	1	1444	653	59	Other	Other	Illumina
029874975	4891	5480	1502	1491	10	1	1361	502	49	Other	Other	Illumina
029874995	1359	1417	830	822	8	0	1568	944	39	Other	Other	Illumina
029875015	14805	15992	2420	2418	2	0	795	163	52	Other	Other	Illumina
029875035	1850	1864	1242	1240	2	0	1272	856	63	Other	Other	Illumina
029875055	1033	1033	353	351	0	2	1613	1369	17	Other	Other	Illumina
029875075	2514	2575	941	935	4	2	1615	805	46	Other	Other	Illumina
029875095	1775	1803	840	837	2	1	1593	912	39	Other	Other	Illumina
029875115	1535	1552	709	706	2	1	1665	981	35	Other	Other	Illumina
029875135	2043	2084	1177	1169	6	2	1409	774	49	Other	Other	Illumina
029890015	3501	40052610	2207	2207	0	0	825	356	670	Iridian	Other	Illumina
029890035	10562330	14870472	3363	3226	66	71	5	22	81	Other	Other	PacBio
029890125	2916613	2916613	3195	3169	23	3	35	160	68	Other	Other	CLR
029890205	55022522	128545730	3378	3336	16	26	4	8	62	Other	Other	ONT
029890215	82240	7828145	3311	3303	5	3	59	18	95	Other	Other	Illumina
029890225	92285	5362448	3342	3325	14	3	41	7	89	Other	Other	Illumina
029890345	4622328	4622328	3321	3266	52	3	15	54	126	Other	Other	PacBio
029891615	1528028	1579101	3276	3246	25	5	60	52	100	Other	Other	PacBio
029910985	42712	1289699	3208	3185	22	1	143	39	95	Other	Other	Illumina
029911005	33767	2699703	3168	3145	22	1	148	74	125	Other	Other	Illumina
029931835	825597	30196034	3308	3293	13	2	68	14	113	Other	Other	ONT
029941395	597131	83769834	3107	3047	29	31	117	166	192	Other	Other	PacBio
029941415	291510	88022474	3275	3232	14	29	66	49	203	Other	Other	PacBio
029941435	524669	87682339	3267	3218	20	29	45	78	185	Other	Other	PacBio
029941455	608471	87682727	3266	3201	33	32	57	66	162	Other	Other	PacBio
029959045	19050754	34184133	3351	3340	11	0	18	21	77	Other	Other	CLR
029959095	10885064	44510230	3365	3330	35	0	8	17	77	Other	Other	HiFi
029963865	28556066	134169173	3388	3357	20	11	1	1	183	Other	Other	CLR
030012505	82034986	137212766	3387	3376	8	3	1	2	35	Other	Other	HiFi
030014155	13298322	27553930	3345	3319	23	3	8	37	51	Other	Other	PacBio
030014195	10515	35182741	3223	3200	18	5	97	70	131	Iridian	Other	Illumina
030014215	7767	27844657	3299	3280	18	1	40	51	111	Iridian	Other	Illumina
030014235	9577	29867262	3323	3300	23	0	25	42	89	Iridian	Other	Illumina
030014255	12400	22072458	2898	2875	23	0	348	140	173	Iridian	Other	Illumina
030014275	7131	28684424	3190	3170	20	0	120	80	151	Iridian	Other	Illumina
030014305	12522	28586613	3288	3269	17	2	47	55	91	Iridian	Other	Illumina
030014325	12922	21967954	3009	2987	21	1	270	108	132	Iridian	Other	Illumina
030014345	4414	28082931	3283	3262	20	1	51	56	123	Iridian	Other	Illumina
030014365	8466	27827984	3296	3277	18	1	45	48	92	Iridian	Other	Illumina
030014875	88808	88808	3180	3173	7	0	175	33	65	Other	Other	PacBio
030014935	27841	70464410	3361	3360	0	1	21	8	73	Other	Other	Illumina
030015415	84235024	145152962	3370	3354	16	0	7	13	61	Other	Other	ONT
030015615	11710588	11710588	3375	3344	30	1	4	11	64	Other	Other	HiFi
030028575	55491	1605486	3271	3257	13	1	67	52	74	Other	Other	Illumina
030052795	153617	21817759	3210	3181	28	1	105	73	79	Other	Other	Illumina
030060385	3249550	3249550	3358	3353	4	1	12	20	203	Other	Other	ONT
030062865	54231611	108933991	3384	3332	19	33	3	3	73	Other	Other	CLR
030068025	11271	21597315	2985	2965	18	2	294	109	151	Iridian	Other	Illumina
030068045	7260	28588932	3295	3276	19	0	50	45	90	Iridian	Other	Illumina
030068075	12856992	111806299	3389	3328	38	23	0	1	172	Other	Other	CLR
030068125	286	288	53	52	1	0	205	3131	14	Iridian	Other	Illumina
030068215	5029	27661372	3019	3000	19	0	250	121	237	Iridian	Other	Illumina
030068235	13405	21497383	3033	3013	18	2	252	103	133	Iridian	Other	Illumina
030068255	5739	27954060	3302	3281	20	1	46	42	111	Iridian	Other	Illumina
030068275	8696	28376537	3316	3295	21	0	36	38	83	Iridian	Other	Illumina
030068295	3593	34521721	2950	2937	13	0	281	157	313	Iridian	Other	Illumina
030068315	4783	15811586	2369	2349	20	0	728	290	281	Iridian	Other	Illumina
030068335	5215	16418891	2395	2383	12	0	723	269	300	Iridian	Other	Illumina
030068355	9913	20234310	2977	2955	21	1	294	115	148	Iridian	Other	Illumina
030068375	6061	36171211	2970	2966	4	0	297	121	149	Iridian	Other	Illumina
030068395	14642	120034057	3050	3044	6	0	189	151	99	Other	Other	Illumina
030077915	170305	24875807	3360	3345	8	7	25	5	54	Other	Other	Illumina
030077925	138941	30735605	3351	3336	8	7	24	14	58	Other	Other	Illumina
030077935	87016	22936605	3338	3314	18	6	38	14	62	Other	Other	Illumina
030077955	97596	23499115	3329	3305	16	8	51	10	67	Other	Other	Illumina
030077965	83910	22444268	3325	3288	29	8	45	20	71	Other	Other	Illumina
030077985	112603	21973917	3347	3311	29	7	35	8	64	Other	Other	Illumina
030077995	252430	102334419	3364	3313	44	7	17	9	51	Other	Other	Illumina
030078015	163200	31975467	3365	3315	43	7	20	5	53	Other	Other	Illumina
030078065	136464	30307267	3357	3338	14	5	28	5	66	Other	Other	Illumina
030128845	46908382	46908382	3378	3303	29	46	2	10	48	Other	Other	HiFi
030142145	106998	85846784	3300	3291	9	0	52	38	81	Other	Other	Illumina
030142675	114675	13384554	3366	3298	16	52	18	6	99	Other	Other	Illumina
030162315	16874643	47473283	3381	3379	2	0	6	3	65	Other	Other	ONT
030170345	58393155	58393155	3385	3320	29	36	1	4	55	Other	Other	HiFi
030174155	37872036	37872036	3384	3306	39	39	2	4	66	Other	Other	HiFi
030178435	48800306	48800306	3383	3357	8	18	2	5	272	Other	Other	ONT
030180145	801	811	185	181	4	0	530	2670	74	Iridian	Other	Illumina
030220025	9018	11203	2243	2230	13	0	914	221	61	Other	Other	Illumina
030220045	10119	12230	2343	2336	6	1	844	189	51	Other	Other	Illumina
030220085	2697	2869	1299	1286	11	2	1417	643	52	Other	Other	Illumina
030221875	50451699	50451699	3381	3312	25	44	1	8	52	Other	Other	HiFi
030221915	44672148	44672148	3369	3306	24	39	3	18	54	Other	Other	HiFi
030222085	19013935	19013935	3383	3316	12	55	5	2	83	Other	Other	HiFi
030222135	55915596	55915596	3386	3255	47	84	1	3	62	Other	Other	HiFi
030222145	103968124	103968124	3387	3256	35	96	1	2	56	Other	Other	HiFi
030247015	5617987	144326000	3375	3255	30	90	5	9	85	Other	Other	CLR
030247035	10508240	141450091	3337	3165	29	143	21	32	225	Other	Other	ONT
030247045	15612012	149281349	3350	3232	16	102	22	18	178	Other	Other	ONT
030254825	50173090	122584302	3373	3328	22	23	6	11	73	Other	Other	HiFi
030254855	67011352	96133175	3390	3315	9	66	0	0	80	Other	Other	HiFi
030264315	5018	14877911	2388	2365	19	4	685	307	256	Iridian	Other	Illumina
030264335	3444	18648	1176	1173	3	0	1488	698	278	Iridian	Other	Illumina
030264355	1407	31529	500	496	4	0	1351	1518	310	Iridian	Other	Illumina
030264375	5282	93500205	3058	3051	7	0	185	147	256	Iridian	Other	Illumina
030264415	1695	4083	1487	1479	7	1	1215	678	478	Iridian	Other	Illumina
030264435	829	832	72	71	1	0	291	3026	48	Iridian	Other	Illumina
030264455	824	836	222	219	3	0	506	2660	80	Iridian	Other	Illumina
030264475	847	861	107	107	0	0	445	2832	85	Iridian	Other	Illumina
030264495	838	844	85	83	1	1	351	2951	65	Iridian	Other	Illumina
030264635	858	882	137	137	0	0	581	2660	102	Iridian	Other	Illumina
030264875	817	824	138	137	1	0	379	2868	53	Iridian	Other	Illumina
030264895	810	822	72	72	0	0	322	2994	55	Iridian	Other	Illumina
030264915	831	835	90	90	0	0	356	2943	52	Iridian	Other	Illumina
030264935	818	837	131	131	0	0	470	2783	80	Iridian	Other	Illumina
030264955	847	860	108	108	0	0	470	2810	82	Iridian	Other	Illumina
030264975	821	829	243	242	1	0	491	2655	70	Iridian	Other	Illumina
030264995	835	846	104	104	0	0	420	2858	65	Iridian	Other	Illumina
030265015	833	836	95	95	0	0	396	2895	55	Iridian	Other	Illumina
030265035	838	845	80	80	0	0	451	2854	82	Iridian	Other	Illumina
030265055	18835985	21699758	3348	3258	89	1	15	27	111	Other	Other	HiFi
030265065	56274649	59287289	3309	3239	68	2	30	51	95	Other	Other	HiFi
030265165	1682	17804	1099	1099	0	0	1485	788	414	Iridian	Other	Illumina
030265185	22645	32419	2462	2459	3	0	787	133	65	Iridian	Other	Illumina
030265285	33449	98557242	3341	3335	6	0	38	9	72	Iridian	Other	Illumina
030265375	534	12567	94	94	0	0	1020	2265	280	Iridian	Other	Illumina
030265395	4392	85651741	3065	3054	10	1	192	133	241	Iridian	Other	Illumina
030265425	40804356	144428894	3383	3269	18	96	1	6	74	Other	Other	HiFi
030267345	18384278	105125530	3390	3308	22	60	0	0	154	Other	Other	HiFi
030267355	34607769	104146655	3385	3320	11	54	4	1	165	Other	Other	HiFi
030267375	67516753	104107382	3389	3318	10	61	1	0	124	Other	Other	HiFi
030267925	17115	115985	2626	2518	84	24	619	132	244	Other	Other	Illumina
030269505	84256642	103471585	3390	3322	11	57	0	0	106	Other	Other	HiFi
030269815	54840363	104997781	3388	3312	13	63	0	2	115	Other	Other	HiFi
030270685	11023646	103350382	3334	3275	8	51	19	37	132	Other	Other	HiFi
030270715	12809418	104006159	3315	3251	8	56	17	58	113	Other	Other	HiFi
030270825	5943769	103198692	3293	3227	13	53	18	79	131	Other	Other	HiFi
030271805	38655588	105316646	3390	3318	8	64	0	0	140	Other	Other	HiFi
030272135	67616653	104319491	3390	3324	11	55	0	0	124	Other	Other	HiFi
030272975	69163	80676	3146	3133	12	1	215	25	45	Other	Other	BGI
030273125	9508883	39023748	3382	3372	8	2	1	7	76	Other	Other	HiFi
030322865	918	1270	147	146	1	0	1280	1927	34	Iridian	Other	Illumina
030322885	1147	17571	496	496	0	0	1517	1365	501	Iridian	Other	Illumina
030323895	12183	24969006	3309	3207	100	2	54	27	84	Iridian	Other	Illumina
030323915	23471	36338	2494	2491	3	0	763	129	65	Iridian	Other	Illumina
030323985	21161	23583197	3379	3352	26	1	6	5	54	Iridian	Other	Illumina
030324005	3446	92870326	3020	3009	8	3	204	164	292	Iridian	Other	Illumina
030324115	39490	105017	2443	2349	54	40	499	442	131	Other	Other	Illumina
030324275	148756955	148756955	3387	3344	6	37	2	1	58	Other	Other	ONT
030340625	168117	168117	2608	2474	133	1	196	586	212	Other	Other	PacBio
030340665	13786812	15609449	3256	3204	50	2	46	88	138	Other	Other	HiFi
030340685	527449	14524669	3108	3032	74	2	56	226	160	Other	Other	HiFi
030347295	1427689	32420182	3197	3124	71	2	24	169	127	Other	Other	CLR
030347415	13623203	32347610	3378	3364	14	0	10	2	95	Other	Other	ONT
030347435	8386172	35683429	3334	3297	36	1	13	43	81	Other	Other	PacBio
030378365	360298	364871	3164	3116	47	1	118	108	1972	Other	Other	ONT
030378385	247644	251424	3093	3050	40	3	206	89	1607	Other	Other	ONT
030390025	1715360	124086705	3238	3218	18	2	80	71	110	Other	Other	PacBio
030407345	2892464	3165062	3369	3327	42	0	10	11	88	Other	Other	BGI
030408155	11027439	61385513	3378	3371	6	1	4	8	52	Other	Other	HiFi
030412455	2451	2791	5	3	2	0	6	3379	3	Other	Other	Illumina
030412475	26095	46359	5	5	0	0	4	3381	3	Other	Other	Illumina
030418925	892	21036	172	96	76	0	1159	2047	389	Iridian	Other	Illumina
030435575	4864296	5775568	3370	3332	37	1	9	11	96	Other	Other	ONT
030435695	25569929	50153284	3368	2035	1328	5	10	12	426	Other	Other	ONT
030449065	195584	8693377	3378	3372	5	1	9	3	58	Other	Other	Illumina
030463245	41624634	132204642	3388	3308	14	66	0	2	65	Other	Other	ONT
030506205	1e+06	41695668	3336	3304	31	1	11	43	58	Other	Other	HiFi
030512385	26342	87692	2995	2989	6	0	317	75	76	Other	Other	Illumina
030512405	101743	3113250	3247	3189	57	1	123	18	85	Other	Other	BGI
030515125	3297282	81474995	3375	3368	6	1	7	7	131	Other	Other	PacBio
030522415	8077467	42717981	3326	3296	30	0	10	54	53	Other	Other	HiFi
030533445	12045327	48018592	3346	3336	10	0	8	36	81	Other	Other	HiFi
030533455	7641286	46318508	3358	3321	37	0	16	16	100	Other	Other	HiFi
030544235	19013249	32774443	3336	3327	8	1	6	48	85	Other	Other	HiFi
030555615	57643754	127770522	3378	3340	12	26	4	8	52	Other	Other	ONT
030556125	5559	18849	1749	1745	3	1	1297	318	180	Iridian	Other	Illumina
030556185	29534770	29534770	3387	3373	4	10	2	1	947	Other	Other	ONT
030556195	658947	154613287	3307	3283	8	16	34	49	121	Other	Other	BGI
030556225	55879606	55879606	3381	3365	10	6	2	7	71	Other	Other	ONT
030578255	8259576	48679909	3363	3259	104	0	9	18	62	Other	Other	HiFi
030578275	21275988	34805954	3351	3320	29	2	14	25	98	Other	Other	CLR
030584885	180212	24544117	3371	3358	13	0	15	4	57	Other	Other	Illumina
030625065	23345045	77158717	3379	3372	6	1	2	9	51	Other	Other	Illumina
030674055	45029	83564217	3345	3271	59	15	31	14	83	Other	Other	Illumina
030674165	138660	14305032	3272	3259	12	1	94	24	122	Other	Other	BGI
030674495	137808	4708144	3275	3254	20	1	95	20	88	Other	Other	BGI
030684275	1533874	38836889	3363	1154	2206	3	14	13	442	Other	Other	ONT
030686955	24516954	41673572	3352	3326	26	0	14	24	87	Other	Other	ONT
030704485	42971	79203680	3262	3261	1	0	91	36	98	Other	Other	Illumina
030704935	55949000	141798237	3388	3374	7	7	1	1	61	Other	Other	HiFi
030710405	125642	4689259	3333	3333	0	0	46	11	86	Other	Other	Illumina
030710495	9709478	33588937	3365	3350	14	1	7	18	69	Other	Other	HiFi
030761175	68931034	214958471	3162	3141	14	7	7	221	48	Other	Other	HiFi
030770095	882388	882388	1819	1791	26	2	77	1494	64	Other	Other	PacBio
030770545	19217602	19217602	3381	3357	24	0	4	5	65	Other	Other	HiFi
030770645	106225	3118629	3174	3160	14	0	180	36	79	Other	Other	Illumina
030819815	13287088	90801476	3386	3378	7	1	2	2	49	Other	Other	HiFi
030820595	31644863	47648450	3387	3384	3	0	1	2	40	Other	Other	HiFi
030820635	18400000	83560245	3381	3363	18	0	1	8	47	Other	Other	HiFi
030846915	59608874	102362837	3353	3318	7	28	7	30	657	Other	Other	PacBio
030847515	2662	2970	893	883	6	4	1533	916	177	Other	Other	Illumina
030847615	138191064	380060318	3365	3356	5	4	7	18	47	Other	Other	HiFi
030849555	59720364	90525302	3380	3377	3	0	1	9	51	Other	Other	ONT
030913585	1389192	23790619	3363	3343	19	1	12	15	86	Other	Other	HiFi
030914265	62778941	90535393	3379	3377	2	0	2	9	55	Other	Other	ONT
030914275	48829679	90877777	3378	3374	4	0	2	10	50	Other	Other	ONT
030979905	23646952	90729915	3381	3378	3	0	2	7	56	Other	Other	PacBio
031001705	14047	67349691	3072	3069	1	2	213	105	105	Iridian	Other	Illumina
031001765	4060325	113916765	3371	3287	44	40	15	4	73	Other	Other	HiFi
031001785	2209	17999	1108	1107	1	0	1514	740	397	Iridian	Other	Illumina
031001815	3101	3419	802	787	6	9	1560	988	258	Iridian	Other	Illumina
031010295	33579845	64332348	3389	3312	7	70	0	1	64	Other	Other	ONT
031010635	11505439	64457828	3384	3305	8	71	3	3	76	Other	Other	ONT
031010765	27420859	64457116	3387	3314	10	63	2	1	81	Other	Other	ONT
031021685	20299641	286063989	3377	3335	12	30	4	9	62	Other	Other	HiFi
031143425	20474000	1360680797	3273	3243	18	12	32	85	26	Other	Other	HiFi
031162955	6206245	33333317	3370	3362	8	0	15	5	66	Other	Other	ONT
031165255	25995039	64286388	3385	3303	10	72	3	2	80	Other	Other	ONT
031168955	202622	24646214	3193	3182	11	0	58	139	158	Other	Other	HiFi
031216635	4228958	36024567	3368	3175	192	1	6	16	429	Other	Other	CLR
031225015	34948847	139229676	3387	3373	8	6	1	2	63	Other	Other	PacBio
031305455	2259589	49815000	3381	1806	1569	6	2	7	96	Other	Other	HiFi
031306245	5865964	138613896	3371	3347	19	5	10	9	214	Other	Other	PacBio
031479575	4271330	60505759	3300	1491	1793	16	19	71	187	Other	Other	PacBio
031753505	12312023	72455167	3373	3362	10	1	6	11	60	Other	Other	HiFi
031753635	806	808	64	64	0	0	236	3087	38	Iridian	Other	Illumina
031753655	818	820	78	78	0	0	289	3021	46	Iridian	Other	Illumina
031753675	838	871	119	119	0	0	491	2776	85	Iridian	Other	Illumina
031753695	863	890	104	104	0	0	512	2768	94	Iridian	Other	Illumina
031761455	30118904	101020256	3383	3216	73	94	1	6	78	Other	Other	HiFi
031762315	4773	37176277	2866	2862	4	0	366	157	264	Iridian	Other	Illumina
031762335	797	16896	59	59	0	0	809	2517	250	Iridian	Other	Illumina
031762355	4571	36776552	2869	2861	7	1	355	166	269	Iridian	Other	Illumina
031762375	18134	29835	2379	2376	3	0	842	160	69	Iridian	Other	Illumina
031762415	5735	35097316	2870	2860	10	0	378	140	239	Iridian	Other	Illumina
031762435	4975	35973555	2878	2873	4	1	355	153	253	Iridian	Other	Illumina
031762455	1734	17216	1058	1057	1	0	1491	813	404	Iridian	Other	Illumina
031762475	27643	39234	2615	2608	7	0	656	114	68	Iridian	Other	Illumina
031762495	3022	20331318	2481	2472	8	1	647	260	298	Iridian	Other	Illumina
031762515	5591	44461471	3093	3086	7	0	208	89	130	Iridian	Other	Illumina
031762555	10820	22337073	2963	2955	8	0	312	113	144	Iridian	Other	Illumina
031762855	1046	17451	377	377	0	0	1413	1586	443	Iridian	Other	Illumina
031762955	8283	21656	2010	2009	1	0	1126	238	98	Iridian	Other	Illumina
031763465	1057	1346	416	413	1	2	1258	1712	655	Iridian	Other	Illumina
031763565	4121	18318	1481	1477	4	0	1414	470	268	Iridian	Other	Illumina
031763585	2107	18509	785	785	0	0	1570	1016	399	Iridian	Other	Illumina
031763605	1223	17775	488	488	0	0	1544	1343	483	Iridian	Other	Illumina
031763625	18931	30463	2400	2397	3	0	831	147	54	Iridian	Other	Illumina
031763645	341	13726	42	39	3	0	710	2634	216	Iridian	Other	Illumina
031763685	36353998	121827883	3382	3265	18	99	2	6	70	Other	Other	HiFi
031763745	296	2490	54	49	5	0	340	2995	65	Iridian	Other	Illumina
031763765	757	15094	52	51	1	0	686	2643	182	Iridian	Other	Illumina
031763805	3037	37097251	2737	2731	6	0	447	204	391	Iridian	Other	Illumina
031763935	18572	30109	2404	2398	6	0	817	159	62	Iridian	Other	Illumina
031764275	392	11018	240	239	1	0	1364	1775	463	Iridian	Other	Illumina
031769625	8853472	8853472	3278	3247	30	1	58	54	49	Other	Other	HiFi
031770045	24764037	24782232	3383	3376	7	0	3	4	64	Other	Other	PacBio
031771975	1951743	1960027	3342	3280	8	54	39	9	468	Other	Other	ONT
031834385	30568897	30568897	3362	3304	58	0	12	16	61	Other	Other	HiFi
031835075	91852676	148490209	3385	3186	51	148	1	4	85	Other	Other	HiFi
032062135	79604	147930044	3144	3130	13	1	135	111	182	Other	Other	CLR
032062155	807968	402259642	3044	3007	17	20	101	245	162	Other	Other	PacBio
032159205	20862	46259	1994	1983	11	0	957	425	78	Other	Other	Illumina
032162045	1798	1802	157	155	1	1	1163	2038	48	Other	Other	Illumina
032164185	32686730	41652572	3377	1717	1653	7	3	10	65	Other	Other	HiFi
032164315	12447	17234395	3129	3117	12	0	199	60	165	Iridian	Other	Illumina
032165215	42853	80193075	3367	3365	2	0	19	4	52	Iridian	Other	Illumina
032165235	50151	79729295	3359	3359	0	0	26	5	50	Iridian	Other	Illumina
032165255	58848	80038540	3361	3361	0	0	25	4	53	Iridian	Other	Illumina
032165275	15868	80283799	3266	3266	0	0	104	20	98	Iridian	Other	Illumina
032172135	95749198	144216551	3309	3278	24	7	11	70	44	Other	Other	HiFi
032173965	18480409	57574287	3347	3339	7	1	9	34	454	Other	Other	PacBio
032191485	2413687	23457207	3344	3295	49	0	17	29	76	Other	Other	HiFi
032191515	17162444	70715910	3352	3321	31	0	7	31	53	Other	Other	HiFi
032191525	7411	75530706	3274	3274	0	0	91	24	177	Iridian	Other	Illumina
032191835	14376057	150619664	3355	3267	78	10	13	22	95	Other	Other	HiFi
032199065	229536	230024	2850	2803	21	26	395	142	86	Other	Other	ONT
032200785	19419	19603	1837	1825	8	4	1202	333	146	Other	Other	Illumina
032201145	11322	11362	1477	1468	8	1	1416	475	182	Other	Other	Illumina
032201225	7650	7653	1250	1248	2	0	1501	605	141	Other	Other	Illumina
032206105	745	745	175	173	2	0	1222	1942	88	Other	Other	Illumina
032206185	7605730	7605730	3385	3381	3	1	5	0	61	Other	Other	HiFi
032206205	6972347	6972347	3384	3381	3	0	4	2	61	Other	Other	HiFi
032270685	21191	17720003	3319	3314	4	1	57	12	62	Iridian	Other	Illumina
032270725	5746	261750	2880	2871	7	2	416	91	128	Iridian	Other	Illumina
032270845	6334	83206430	3177	3174	3	0	152	61	237	Iridian	Other	Illumina
032270905	5559	72826709	0	0	0	0	0	3390	1	Iridian	Other	Illumina
032273925	9861	16141	1861	1861	0	0	1215	297	136	Iridian	Other	Illumina
032273985	4041	20820465	2525	2518	7	0	598	263	337	Iridian	Other	Illumina
032274085	7790	58732638	3259	3255	4	0	93	38	148	Iridian	Other	Illumina
032274285	1037	11356275	1269	1267	1	1	1150	969	826	Iridian	Other	Illumina
032274325	1590	24333058	2523	2521	2	0	542	324	776	Iridian	Other	Illumina
032274405	2545	21959864	2988	2987	1	0	269	130	510	Iridian	Other	Illumina
032274425	4538	66769359	3154	3154	0	0	174	62	272	Iridian	Other	Illumina
032274585	659	32466042	1088	1088	0	0	1240	1061	863	Iridian	Other	Illumina
032274605	833	17366	58	58	0	0	852	2476	257	Iridian	Other	Illumina
032274645	3967	18552	1629	1626	3	0	1316	420	216	Iridian	Other	Illumina
032274665	7420	20410	1827	1823	4	0	1230	307	183	Iridian	Other	Illumina
032274685	6205	57245702	2535	2526	9	0	557	295	434	Iridian	Other	Illumina
032274705	5953	19838	1830	1827	3	0	1237	306	153	Iridian	Other	Illumina
032274725	4331	15039719	2455	2448	7	0	676	253	267	Iridian	Other	Illumina
032274745	35533	72471425	3322	3318	1	3	47	21	85	Iridian	Other	Illumina
032274765	5315	15709155	2696	2690	6	0	528	158	280	Iridian	Other	Illumina
032274845	64540	72221959	3357	3356	1	0	21	12	72	Iridian	Other	Illumina
032274985	798	812	49	49	0	0	287	3053	46	Iridian	Other	Illumina
032275005	811	827	103	103	0	0	376	2908	60	Iridian	Other	Illumina
032275025	13061	19730040	3074	3051	21	2	238	76	133	Iridian	Other	Illumina
032275265	29010	80592087	3314	3312	2	0	66	10	72	Iridian	Other	Illumina
032275285	809	825	97	97	0	0	339	2953	77	Iridian	Other	Illumina
032275315	816	833	81	81	0	0	334	2971	54	Iridian	Other	Illumina
032275365	5732	21379404	2935	2925	10	0	314	140	204	Iridian	Other	Illumina
032275445	10551	2922566	3292	3291	1	0	76	22	131	Iridian	Other	Illumina
032313775	59386518	72908786	3388	3333	16	39	1	1	67	Other	Other	HiFi
032352815	6656	10055	1421	1417	4	0	1389	554	76	Other	Other	Illumina
032353075	4403	1549615	2821	2818	3	0	379	190	356	Iridian	Other	Illumina
032353195	1037	58934510	579	578	0	1	1207	1604	684	Iridian	Other	Illumina
032353205	27557	63551846	3349	3348	1	0	26	14	77	Iridian	Other	Illumina
032353275	2614	11352428	1551	1536	13	2	1173	652	411	Iridian	Other	Illumina
032353375	2139	17116	1276	1276	0	0	1474	619	393	Iridian	Other	Illumina
032353435	2725	17703	1485	1482	3	0	1350	524	308	Iridian	Other	Illumina
032353495	9466	22882134	3305	3300	4	1	64	20	121	Iridian	Other	Illumina
032353575	1574	14296	1018	1018	0	0	1511	830	451	Iridian	Other	Illumina
032353615	1193	16556	837	836	0	1	1443	1092	469	Iridian	Other	Illumina
032353675	799	811	73	73	0	0	268	3046	46	Iridian	Other	Illumina
032353775	805	815	41	41	0	0	256	3091	42	Iridian	Other	Illumina
032353815	815	823	58	58	0	0	270	3061	53	Iridian	Other	Illumina
032353835	13151	12667245	2699	2675	23	1	542	141	144	Iridian	Other	Illumina
032353855	812	818	58	58	0	0	220	3110	48	Iridian	Other	Illumina
032353885	10868	2524321	3290	3289	1	0	73	27	124	Iridian	Other	Illumina
032353935	819	829	69	69	0	0	335	2984	44	Iridian	Other	Illumina
032354855	814	825	72	71	1	0	302	3014	52	Iridian	Other	Illumina
032354935	299	13848	20	14	6	0	696	2667	176	Iridian	Other	Illumina
032356925	865	7117	80	61	19	0	862	2441	286	Iridian	Other	Illumina
032357275	1286	17607	636	636	0	0	1506	1235	490	Iridian	Other	Illumina
032357305	5987	19672	1810	1805	4	1	1239	316	154	Iridian	Other	Illumina
032357425	9943	19070925	3229	3207	20	2	117	41	108	Iridian	Other	Illumina
032357445	12389	18726378	3227	3207	20	0	125	38	84	Iridian	Other	Illumina
032357475	13038	19724722	3102	3081	20	1	235	50	142	Iridian	Other	Illumina
032357565	803	812	53	53	0	0	178	3158	44	Iridian	Other	Illumina
032357605	29025	79483301	3330	3330	0	0	50	10	70	Iridian	Other	Illumina
032357685	9950	64715642	3168	3167	1	0	173	48	155	Iridian	Other	Illumina
032357765	352	4152	68	49	19	0	898	2416	315	Iridian	Other	Illumina
032357785	9092038	74403770	3364	3360	4	0	7	19	70	Other	Other	HiFi
032357905	23753044	134295272	3386	3366	16	4	2	2	42	Other	Other	ONT
032359235	13425	19070213	3028	3006	20	2	282	79	123	Iridian	Other	Illumina
032359275	33994	19357067	3326	3321	5	0	51	11	65	Iridian	Other	Illumina
032359395	11575	18389162	2940	2920	17	3	356	92	146	Iridian	Other	Illumina
032359435	20260	18059366	3113	3091	22	0	216	60	96	Iridian	Other	Illumina
032359785	11585	24625897	3294	3188	103	3	64	31	78	Iridian	Other	Illumina
032360005	910	18360	157	95	62	0	1201	2024	404	Iridian	Other	Illumina
032360045	277	1182	40	38	2	0	522	2821	136	Iridian	Other	Illumina
032360725	375	379	66	66	0	0	489	2824	48	Iridian	Other	Illumina
032361065	12020	18275175	2993	2974	18	1	315	80	125	Iridian	Other	Illumina
032361105	24650	19399837	3296	3288	7	1	70	24	88	Iridian	Other	Illumina
032361145	8489	17955528	2932	2914	18	0	368	89	155	Iridian	Other	Illumina
032361165	9037	17669701	2814	2795	18	1	456	116	183	Iridian	Other	Illumina
032361245	62217	61468598	3284	3280	3	1	77	29	80	Iridian	Other	Illumina
032361345	36538	41917	2837	2832	4	1	433	111	67	Iridian	Other	Illumina
032361365	30318	70638963	3342	3336	5	1	31	17	81	Iridian	Other	Illumina
032362145	2664	105383293	2874	2860	13	1	260	254	358	Iridian	Other	Illumina
032362345	26535	23823580	3345	3338	7	0	40	5	49	Iridian	Other	Illumina
032362415	88752	68718313	3026	3021	3	2	224	138	89	Other	Other	Illumina
032405125	100934918	112748084	3388	3304	15	69	1	1	66	Other	Other	HiFi
032433645	3397	3397	1053	1040	7	6	1473	813	185	Other	Other	Illumina
032452875	47146240	87549292	3390	3333	4	53	0	0	65	Other	Other	ONT
032458615	31308424	146903500	3380	3370	3	7	2	8	54	Other	Other	PacBio
032466295	1617	17265	809	807	2	0	1564	999	418	Iridian	Other	Illumina
032466355	657	16267	414	414	0	0	1498	1463	504	Iridian	Other	Illumina
032466415	2376	17747	1359	1358	1	0	1414	592	347	Iridian	Other	Illumina
032466535	25430	36562	2573	2572	1	0	696	109	85	Iridian	Other	Illumina
032466555	26574	3338836	3346	3345	1	0	36	8	80	Iridian	Other	Illumina
032466625	2063	17747	1180	1178	2	0	1525	663	387	Iridian	Other	Illumina
032466675	4247	18236	1772	1769	3	0	1252	349	179	Iridian	Other	Illumina
032466695	1964	17580	1426	1424	2	0	1340	603	350	Iridian	Other	Illumina
032467955	5955	113982	2354	2347	5	2	642	383	240	Iridian	Other	Illumina
032467975	4725	113187	2392	2385	3	4	608	384	304	Iridian	Other	Illumina
032468015	3427	46823	2314	2308	5	1	702	367	324	Iridian	Other	Illumina
032468035	2672	40515	2091	2087	4	0	704	589	377	Iridian	Other	Illumina
032468055	7023	156840	2903	2899	4	0	353	133	201	Iridian	Other	Illumina
032468075	353	9663	159	158	1	0	1167	2047	408	Iridian	Other	Illumina
032468095	5229	92338	2404	2400	3	1	666	317	266	Iridian	Other	Illumina
032468115	4398	93166	2294	2289	3	2	638	453	270	Iridian	Other	Illumina
032468135	3488	37019	2023	2017	4	2	745	615	336	Iridian	Other	Illumina
032468155	8427	137739	2614	2612	1	1	529	239	190	Iridian	Other	Illumina
032468175	6052	110765	2463	2456	4	3	600	321	234	Iridian	Other	Illumina
032468195	3368	72084	2154	2151	2	1	729	497	361	Iridian	Other	Illumina
032468215	4085	79980	2487	2480	5	2	591	308	240	Iridian	Other	Illumina
032468235	4098	103616	2331	2327	2	2	638	416	316	Iridian	Other	Illumina
032595735	41440143	120169148	3340	3335	4	1	5	45	61	Other	Other	PacBio
032599265	187696	7338277	3376	3374	2	0	9	5	54	Other	Other	Illumina
032718565	414575	1041799	3128	3082	46	0	177	82	227	Other	Other	ONT
032719375	95288922	95288922	3385	3188	197	0	3	2	61	Other	Other	HiFi
032766585	27396532	27396532	3318	3290	16	12	6	66	54	Other	Other	HiFi
032876255	29061	2661878	3328	3313	15	0	38	23	102	Other	Other	Illumina
032876265	26774	2383325	3282	3268	14	0	32	76	101	Other	Other	Illumina
032876305	28026	2617268	3330	3318	12	0	39	21	102	Other	Other	Illumina
032888595	12122453	42702054	3337	3299	32	6	18	35	97	Other	Other	ONT
033000465	26771095	29804843	3388	3313	74	1	2	0	59	Other	Other	HiFi
033026295	13087542	27363151	3387	3374	11	2	3	0	221	Other	Other	ONT
033026305	33095397	39863030	3371	3339	31	1	6	13	47	Other	Other	HiFi
033026395	5601497	28762782	3334	3308	24	2	14	42	70	Other	Other	HiFi
033026475	16561385	27733855	3389	3378	10	1	1	0	47	Other	Other	HiFi
033030755	4945016	4945016	3380	3310	10	60	10	0	69	Other	Other	ONT
033032115	2861495	2861495	3368	3305	9	54	20	2	71	Other	Other	ONT
033032245	7297303	33053486	3350	3329	21	0	11	29	403	Other	Other	PacBio
033060095	71750044	122446792	3384	3371	6	7	4	2	45	Other	Other	HiFi
033060105	77194844	130469234	3383	3367	7	9	5	2	49	Other	Other	HiFi
033088195	79431813	91511380	3383	3380	3	0	0	7	56	Other	Other	HiFi
033115175	43409466	125776599	3372	3257	37	78	4	14	79	Other	Other	CLR
033117975	7184	8761	1192	1185	7	0	1485	689	101	Iridian	Other	Illumina
033118015	3540	3950	1007	1003	4	0	1507	858	137	Iridian	Other	Illumina
033118175	68791581	77069784	3389	3235	25	129	0	1	83	Other	Other	HiFi
033118305	816	833	78	78	0	0	390	2916	68	Iridian	Other	Illumina
033119125	845	873	130	130	0	0	539	2714	86	Iridian	Other	Illumina
033119425	1872430	470251507	3246	3212	32	2	66	78	103	Other	Other	ONT
033124195	21473	58543	2568	2566	2	0	662	154	121	Iridian	Other	Illumina
033150135	317961	317961	3159	2661	496	2	151	77	108	Other	Other	PacBio
033170195	59265136	59265136	3349	3327	19	3	12	29	62	Other	Other	Other
033220385	1255017	19081033	3281	3168	113	0	36	73	100	Other	Other	HiFi
033238685	285591	3710658	3314	3194	120	0	60	16	336	Other	Other	Illumina
033239565	27844747	37903823	3375	3359	15	1	4	11	69	Other	Other	HiFi
033318265	23200210	147873771	3372	3355	14	3	1	17	49	Other	Other	HiFi
033366665	128188	128188	3070	2956	114	0	174	144	514	Other	Other	PacBio
033439345	3217288	104643080	3360	3282	14	64	16	14	220	Other	Other	PacBio
033439445	104103076	104103076	3389	3277	10	102	0	1	64	Other	Other	CLR
033439825	26668	60279	2882	2878	4	0	418	89	67	Iridian	Other	Illumina
033439845	10981	47829	2637	2631	6	0	607	136	98	Iridian	Other	Illumina
033439865	14460	49465	2618	2614	4	0	622	146	72	Iridian	Other	Illumina
033439885	16034	48437	2560	2559	1	0	678	148	88	Iridian	Other	Illumina
033439905	19496	54687	2755	2751	4	0	523	108	81	Iridian	Other	Illumina
033441765	14277	23587565	3221	3201	20	0	103	65	155	Other	Other	Illumina
033441825	8351	22437873	3103	3087	16	0	199	88	225	Other	Other	Illumina
033441845	15033	24586846	3244	3224	20	0	87	58	90	Other	Other	Illumina
033458585	9083732	14905450	3292	3234	56	2	28	70	146	Other	Other	HiFi
033459285	2269972	2269972	3364	3323	40	1	12	14	56	Other	Other	HiFi
033459395	1312070	25905798	3294	3275	19	0	32	64	136	Other	Other	HiFi
033459405	1356346	25694500	3311	3290	20	1	18	61	135	Other	Other	HiFi
033556795	8509748	8509748	3369	3347	22	0	7	14	59	Other	Other	HiFi
033556955	32702747	32702747	3371	3330	39	2	7	12	71	Other	Other	PacBio
033557465	5700647	1041838628	3298	3265	17	16	60	32	44	Other	Other	Other
033558105	1622296	1622296	3354	3324	29	1	12	24	68	Other	Other	HiFi
033558185	1835311	1835311	3346	3294	52	0	16	28	63	Other	Other	HiFi
033558235	23989336	23989336	3382	3356	26	0	3	5	45	Other	Other	HiFi
033558465	15481	48769	2685	2681	4	0	577	123	94	Iridian	Other	Illumina
033576535	879094	625512048	3139	3045	92	2	84	166	594	Other	Other	PacBio
033576555	97802	571702597	2219	2199	16	4	494	677	588	Other	Other	PacBio
033783945	4340454	4953402	3375	3358	17	0	9	6	55	Other	Other	ONT
033807585	35743180	268276564	3328	3310	17	1	13	49	64	Other	Other	CLR
033807725	17470302	17836126	3311	3295	15	1	13	66	66	Other	Other	ONT
033815535	20284492	20284492	3372	3342	30	0	6	12	62	Other	Other	HiFi
033816785	19899906	39164214	3359	3347	9	3	6	25	574	Other	Other	ONT
033961575	73009000	162004500	3382	3310	8	64	4	4	59	Other	Other	ONT
033978685	43187692	46110702	3336	3283	48	5	15	39	111	Other	Other	HiFi
033978785	2039131	75786231	3331	2939	389	3	23	36	131	Other	Other	HiFi
033978795	4791538	66953617	3329	3165	161	3	17	44	126	Other	Other	HiFi
034008185	18463888	84772300	3360	3358	2	0	10	20	227	Other	Other	CLR
034064705	13867869	13867869	3325	3070	64	191	14	51	93	Other	Other	HiFi
034097375	35968234	112006702	3382	3288	36	58	0	8	70	Other	Other	HiFi
034190915	48931253	75707104	3370	3340	20	10	10	10	48	Other	Other	HiFi
034195675	17389375	76978127	3322	3214	15	93	57	10	88	Other	Other	ONT
034233915	24835543	24616240	3379	3254	18	107	5	6	104	Other	Other	PacBio
034234005	11152	23319789	3295	3259	12	24	67	28	178	Other	Other	Other
034236695	2842582	93356810	3350	1997	1347	6	29	10	240	Other	Other	ONT
034315485	5079322	5079322	3369	3369	0	0	12	9	62	Other	Other	ONT
034336665	13437235	61211992	3373	3371	2	0	8	9	254	Other	Other	ONT
034336685	18695389	62437632	3365	3360	5	0	13	12	238	Other	Other	ONT
034508595	45009990	62341124	3270	3243	25	2	63	57	119	Other	Other	HiFi
034509085	360	360	10	8	2	0	521	2847	12	Iridian	Other	Illumina
034509105	2578	17098239	2875	2863	12	0	338	177	319	Iridian	Other	Illumina
034509185	29713	71743294	3267	3263	3	1	88	34	101	Iridian	Other	Illumina
034509225	2231	61554407	2921	2901	18	2	293	176	435	Iridian	Other	Illumina
034509265	3294	12713763	2754	2744	10	0	439	195	264	Iridian	Other	Illumina
034509425	1675623	1936252	3328	3280	47	1	37	25	112	Other	Other	CLR
034509495	874374	34115393	3312	3223	85	4	46	31	135	Other	Other	ONT
034509845	13493107	13493107	3382	3377	5	0	0	8	56	Other	Other	HiFi
034509865	5639808	5639808	3378	3354	24	0	2	10	67	Other	Other	HiFi
034509885	19290140	19290140	3379	3356	23	0	1	10	49	Other	Other	HiFi
034509955	23281897	279651831	3357	3339	15	3	7	26	53	Other	Other	HiFi
034552555	43157	32752913	2655	2604	51	0	529	202	131	Other	Other	BGI
034620425	42015997	64494502	3368	3296	10	62	2	20	236	Other	Other	PacBio
034620435	44625132	64498519	3367	3294	11	62	3	20	229	Other	Other	PacBio
034621705	5865822	26757455	3368	3343	23	2	4	18	71	Other	Other	ONT
034638445	35788150	102765642	3383	3377	6	0	3	4	38	Other	Other	ONT
034640395	1873	34999758	2325	2318	7	0	553	511	643	Iridian	Other	Illumina
034641385	15581688	15581688	3372	3300	58	14	5	13	63	Other	Other	HiFi
034641395	3089098	3089098	3360	2143	1207	10	10	20	96	Other	Other	HiFi
034642065	2900118	2900118	3354	2650	691	13	7	29	65	Other	Other	HiFi
034642135	1103363	1103363	3343	2841	492	10	29	17	184	Other	Other	HiFi
034642415	70246	27224046	3294	3265	25	4	48	47	65	Other	Other	Illumina
034642465	8100637	32319397	3289	3181	108	0	13	88	93	Other	Other	CLR
034642875	15342	1558081	2984	2982	2	0	207	195	187	Other	Other	Illumina
034670385	3289651	3289651	3381	3363	17	1	4	5	248	Other	Other	PacBio
034670405	3053845	3053845	3372	3350	21	1	7	11	276	Other	Other	PacBio
034702125	1448200	56351229	3272	3218	51	3	38	80	89	Other	Other	PacBio
034753235	1106966	3371152	3347	1742	1601	4	14	29	106	Other	Other	HiFi
034768475	1150	17452	569	569	0	0	1543	1263	503	Iridian	Other	Illumina
034769225	58636	91460022	3312	3309	3	0	50	27	62	Other	Other	Illumina
034769265	23122051	25658447	3383	3378	5	0	2	5	59	Other	Other	PacBio
034769275	63016	91200165	3307	3304	3	0	62	21	61	Other	Other	Illumina
034769285	12244877	32541888	3317	3307	10	0	8	65	686	Other	Other	PacBio
034769755	12122453	42702054	3337	3299	32	6	18	35	97	Other	Other	ONT
034779775	17259	19689655	3119	3090	28	1	213	58	104	Iridian	Other	Illumina
034779795	39515	22116953	3339	3331	8	0	42	8	65	Iridian	Other	Illumina
034779935	2478	20234637	2559	2515	43	1	594	236	455	Iridian	Other	Illumina
034779955	6005	65009612	3093	3088	4	1	225	72	262	Iridian	Other	Illumina
034779995	15384	15959	1770	1762	8	0	1227	376	51	Iridian	Other	Illumina
034780135	12132	14266	2388	2383	5	0	802	194	69	Iridian	Other	Illumina
034780215	2768	32410825	2911	2905	4	2	334	144	418	Iridian	Other	Illumina
034780255	5968	6088	904	903	1	0	1639	815	54	Iridian	Other	Illumina
034780415	14228	382604	3108	3102	3	3	230	48	78	Iridian	Other	Illumina
034780495	3232	3299	700	695	5	0	1664	991	46	Iridian	Other	Illumina
034780575	3255	9809295	2863	2704	156	3	408	118	379	Iridian	Other	Illumina
034780615	21481	34546	2482	2479	3	0	766	134	66	Iridian	Other	Illumina
034780635	296	29386739	12	12	0	0	435	2942	140	Iridian	Other	Illumina
034780675	2972	64469707	2757	2752	3	2	419	212	483	Iridian	Other	Illumina
034780775	21543	73384079	3336	3335	1	0	41	13	72	Iridian	Other	Illumina
034780795	352	11633471	346	346	0	0	1274	1769	731	Iridian	Other	Illumina
034780815	1079	11559818	507	506	0	1	1373	1509	767	Iridian	Other	Illumina
034780835	5483	22986680	2841	2836	5	0	355	191	237	Iridian	Other	Illumina
034780855	10511	80371429	3294	3294	0	0	82	14	118	Iridian	Other	Illumina
034780875	1348	24069112	2074	2068	6	0	816	498	772	Iridian	Other	Illumina
034780895	2963	92512169	3050	3042	8	0	199	141	327	Iridian	Other	Illumina
034781195	1891	31411297	2133	2133	0	0	770	485	660	Iridian	Other	Illumina
034781315	42949	36033406	3349	3344	5	0	33	8	74	Iridian	Other	Illumina
034781455	386	12725055	907	906	1	0	1380	1101	892	Iridian	Other	Illumina
034781495	32620	36205666	3314	3311	3	0	67	9	77	Iridian	Other	Illumina
034781615	979	62677164	1253	1252	1	0	1235	902	852	Iridian	Other	Illumina
034781655	348	7103	115	115	0	0	1170	2088	352	Iridian	Other	Illumina
034781795	36970	3084989	3259	3258	1	0	105	26	89	Iridian	Other	Illumina
034781875	1530	55814906	2967	2949	15	3	335	88	452	Iridian	Other	Illumina
034781895	443	1286	81	80	1	0	907	2393	278	Iridian	Other	Illumina
034782015	677	696	142	140	2	0	634	2595	79	Iridian	Other	Illumina
034782035	3001	37382377	2914	2911	3	0	326	150	442	Iridian	Other	Illumina
034782095	1713	37509937	2350	2347	3	0	655	385	669	Iridian	Other	Illumina
034782155	666	37518364	1557	1557	0	0	1091	741	833	Iridian	Other	Illumina
034782235	1333	59067593	2160	2159	1	0	742	486	772	Iridian	Other	Illumina
034782255	38255	36201330	3290	3286	4	0	83	17	70	Iridian	Other	Illumina
034782355	18960	30297	2262	2259	3	0	941	174	78	Iridian	Other	Illumina
034782435	6936	32182400	3223	3219	4	0	136	31	202	Iridian	Other	Illumina
034782455	39534	36099245	3329	3326	3	0	54	7	76	Iridian	Other	Illumina
034782475	674	55746651	2200	2197	3	0	735	454	731	Iridian	Other	Illumina
034782535	3555	25720993	2837	2835	2	0	348	203	446	Iridian	Other	Illumina
034782555	1790	22238056	2432	2429	3	0	609	348	704	Iridian	Other	Illumina
034782575	27123	38232	2560	2556	4	0	706	119	66	Iridian	Other	Illumina
034782595	2654	24854210	2338	2337	1	0	665	385	583	Iridian	Other	Illumina
034782615	11691	36739369	3299	3297	2	0	79	11	109	Iridian	Other	Illumina
034782635	28219	36440485	3239	3236	3	0	129	22	101	Iridian	Other	Illumina
034782655	27422	91902960	3251	3250	1	0	120	19	85	Iridian	Other	Illumina
034782675	16891	36585788	3316	3315	1	0	67	7	70	Iridian	Other	Illumina
034782695	19386	34372342	3300	3299	1	0	78	12	88	Iridian	Other	Illumina
034782715	40531	36251710	3262	3260	2	0	110	18	76	Iridian	Other	Illumina
034782735	34129	35993406	3346	3340	6	0	39	4	59	Iridian	Other	Illumina
034782755	408	408	31	2	29	0	459	2889	8	Iridian	Other	Illumina
034782775	46641	90554432	3318	3316	2	0	67	5	67	Iridian	Other	Illumina
034782895	5508	19141	1811	1807	4	0	1241	315	156	Iridian	Other	Illumina
034782915	2347	17854	1254	1253	1	0	1478	635	384	Iridian	Other	Illumina
034782935	1734	17549	927	926	1	0	1532	915	421	Iridian	Other	Illumina
034782995	998	1089	109	68	37	4	111	3170	14	Iridian	Other	Illumina
034783095	2176	12449	1526	1523	3	0	1426	413	238	Iridian	Other	Illumina
034783155	15928	27927	2200	2197	3	0	977	199	88	Iridian	Other	Illumina
034783165	26306	74670399	3344	3344	0	0	40	6	72	Iridian	Other	Illumina
034783195	2242	17405	1318	1316	2	0	1499	550	361	Iridian	Other	Illumina
034783215	28321	75004809	3342	3342	0	0	42	6	70	Iridian	Other	Illumina
034783435	4333	18154	1651	1646	5	0	1383	336	217	Iridian	Other	Illumina
034783455	5081	19230	1637	1635	2	0	1329	396	214	Iridian	Other	Illumina
034783495	5445	19168897	3147	3143	4	0	190	52	155	Iridian	Other	Illumina
034783695	1963	7054	1700	1685	13	2	1081	593	447	Iridian	Other	Illumina
034783755	551	2175441	118	11	107	0	1067	2204	623	Iridian	Other	Illumina
034783875	832	847	113	113	0	0	405	2868	86	Iridian	Other	Illumina
034783915	366	366	48	47	1	0	862	2445	33	Iridian	Other	Illumina
034783935	858	875	124	124	0	0	483	2780	96	Iridian	Other	Illumina
035040975	44274	71912697	3335	3333	2	0	39	16	74	Iridian	Other	Illumina
035040995	41809	73282146	3330	3328	2	0	41	19	66	Iridian	Other	Illumina
035041115	66169	81463	2961	2958	3	0	350	77	58	Iridian	Other	Illumina
035041135	32836	71558608	3309	3308	1	0	60	20	93	Iridian	Other	Illumina
035041215	36357	72916254	3251	3250	1	0	107	31	98	Iridian	Other	Illumina
035041235	41671	71670931	3324	3319	5	0	45	21	76	Iridian	Other	Illumina
035041345	23767	70892538	3242	3240	2	0	107	40	105	Iridian	Other	Illumina
035041385	55766	71818747	3295	3289	6	0	66	28	107	Iridian	Other	Illumina
035041425	25755	70163673	3303	3301	2	0	61	26	91	Iridian	Other	Illumina
035044885	302	303	7	7	0	0	196	3184	15	Iridian	Other	Illumina
035046945	23841	71234186	3335	3330	3	2	42	13	68	Iridian	Other	Illumina
035047045	13761	73000663	3309	3304	3	2	56	25	111	Iridian	Other	Illumina
035047285	21437	35841974	3128	3127	1	0	225	36	121	Iridian	Other	Illumina
035047305	178505980	389612775	3350	3335	9	6	7	33	55	Other	Other	HiFi
035047345	174922266	374919295	3352	3330	13	9	7	31	45	Other	Other	HiFi
035047425	371	376	18	18	0	0	355	3011	37	Iridian	Other	Illumina
035047745	42847	72036717	3272	3266	3	3	85	33	93	Iridian	Other	Illumina
035047845	37189	70894503	3293	3290	1	2	70	27	85	Iridian	Other	Illumina
035047865	51069	70116108	3309	3307	0	2	60	21	64	Iridian	Other	Illumina
035047885	25698	71828388	3256	3251	4	1	107	26	104	Iridian	Other	Illumina
035047985	43083	72147884	3273	3270	3	0	84	32	105	Iridian	Other	Illumina
035048045	39789	72021519	3271	3266	3	2	86	33	102	Iridian	Other	Illumina
035048125	30484	72738589	3250	3246	1	3	105	35	119	Iridian	Other	Illumina
035048155	28274	61886542	3327	3325	0	2	37	26	70	Iridian	Other	Illumina
035048185	36603	70738492	3319	3317	1	1	44	27	74	Iridian	Other	Illumina
035048385	352	355	35	35	0	0	364	2986	48	Iridian	Other	Illumina
035048675	289	289	5	5	0	0	128	3256	11	Iridian	Other	Illumina
035049765	403	411	107	107	0	0	579	2690	73	Iridian	Other	Illumina
035221315	9274	72826144	3312	3309	3	0	72	6	108	Iridian	Other	Illumina
035221355	3310522	44354054	3381	3336	16	29	5	4	73	Other	Other	PacBio
035221435	61549	72717942	3282	3278	1	3	84	24	81	Iridian	Other	Illumina
035221455	68880	72292265	3272	3268	3	1	87	31	69	Iridian	Other	Illumina
035221665	1743244	74022218	3268	3248	17	3	36	86	174	Other	Other	PacBio
035221675	39641	74908865	3354	3353	1	0	30	6	69	Iridian	Other	Illumina
035221975	445	899414	361	44	317	0	1381	1648	876	Iridian	Other	Illumina
035221995	21203	29202	2475	2472	3	0	779	132	68	Iridian	Other	Illumina
035222195	50844	71262809	3338	3336	2	0	33	19	77	Iridian	Other	Illumina
035222235	78901	73085388	3322	3321	1	0	51	17	59	Iridian	Other	Illumina
035222285	15867	27332	2359	2356	3	0	862	166	91	Iridian	Other	Illumina
035222435	12882	29304	2534	2515	18	1	734	116	93	Iridian	Other	Illumina
035582665	792	794	5	5	0	0	51	3334	6	Iridian	Other	Illumina
035582685	785	787	5	4	1	0	46	3339	14	Iridian	Other	Illumina
035582705	848	850	15	15	0	0	110	3265	29	Iridian	Other	Illumina
035582745	72907	71463017	3296	3291	3	2	70	24	80	Iridian	Other	Illumina
035582775	107301	1625257	3354	3351	3	0	30	6	47	Other	Other	Illumina
035582795	36845572	80020930	3387	3379	8	0	0	3	46	Other	Other	HiFi
035582835	117515	1524900	3356	3355	1	0	28	6	46	Other	Other	Illumina
035582855	75774	1533043	3347	3344	3	0	37	6	68	Other	Other	Illumina
035582865	68665	1524187	3332	3329	3	0	45	13	69	Other	Other	Illumina
035582875	48598	1117967	3313	3310	3	0	68	9	87	Other	Other	Illumina
035582915	1039	1042	5	4	0	1	17	3368	6	Iridian	Other	Illumina
035583015	859	862	40	40	0	0	278	3072	51	Iridian	Other	Illumina
035583035	839	845	6	6	0	0	198	3184	23	Iridian	Other	Illumina
035583075	849	854	13	13	0	0	185	3191	25	Iridian	Other	Illumina
035583095	23013	36343	2454	2448	6	0	774	147	58	Iridian	Other	Illumina
035583115	24767	72121511	3342	3336	3	3	26	22	74	Iridian	Other	Illumina
035583135	47422	70613629	3334	3332	1	1	40	15	74	Iridian	Other	Illumina
035583155	51881	72219764	3304	3303	1	0	60	26	72	Iridian	Other	Illumina
035583185	70555	72092792	3324	3321	2	1	48	17	62	Iridian	Other	Illumina
035583215	47908	71858246	3343	3338	2	3	31	16	73	Iridian	Other	Illumina
035583235	37556	71718664	3231	3230	1	0	107	50	96	Iridian	Other	Illumina
035583255	872	876	19	18	1	0	197	3173	31	Iridian	Other	Illumina
035583915	26608	80388927	3310	3308	2	0	70	10	84	Iridian	Other	Illumina
035583995	58418	71328678	3278	3274	3	1	87	25	85	Iridian	Other	Illumina
035584035	69477	72829908	3324	3322	0	2	45	20	73	Iridian	Other	Illumina
035584275	15979	28106934	77	77	0	0	9	3304	11	Iridian	Other	Illumina
035584715	34186	72687495	3303	3300	1	2	60	26	70	Iridian	Other	Illumina
035584735	79060	69205668	3273	3271	2	0	91	26	70	Iridian	Other	Illumina
035584755	49885	72911492	3314	3312	1	1	56	20	84	Iridian	Other	Illumina
035584835	64778	73231758	3262	3254	4	4	104	24	81	Iridian	Other	Illumina
035584875	57184	73235165	3320	3318	1	1	51	18	74	Iridian	Other	Illumina
035588595	13692	75560830	3270	3269	1	0	99	21	120	Iridian	Other	Illumina
035590135	43929	36419590	3356	3356	0	0	30	4	51	Iridian	Other	Illumina
035590175	9990	36484812	3250	3247	3	0	109	31	159	Iridian	Other	Illumina
035590195	31108	36400431	3253	3252	1	0	118	19	87	Iridian	Other	Illumina
035590215	23510	91191107	3297	3293	4	0	78	15	87	Iridian	Other	Illumina
035590275	45352	92143187	3292	3290	2	0	89	9	75	Iridian	Other	Illumina
035590315	42478	36523969	3335	3333	2	0	49	6	51	Iridian	Other	Illumina
035590425	6599	92948403	3231	3230	1	0	130	29	203	Iridian	Other	Illumina
035590455	34779	90672756	3333	3331	2	0	51	6	77	Iridian	Other	Illumina
035590535	10077	92092007	3274	3272	2	0	93	23	119	Iridian	Other	Illumina
035591995	832	852	25	23	2	0	264	3098	35	Iridian	Other	Illumina
035592055	1898	61227580	2580	2576	4	0	447	362	537	Iridian	Other	Illumina
035592075	2482	33046265	2835	2832	3	0	375	178	541	Iridian	Other	Illumina
035592155	35645	36576757	3327	3322	5	0	57	6	67	Iridian	Other	Illumina
035592195	5449	34273599	3215	3215	0	0	134	41	196	Iridian	Other	Illumina
035593285	691	691	78	78	0	0	1051	2222	32	Iridian	Other	Illumina
035593325	382	384	32	31	1	0	464	2889	38	Iridian	Other	Illumina
035593885	388	391	27	27	0	0	411	2946	39	Iridian	Other	Illumina
035594005	9639	46737	2355	2351	3	1	804	219	90	Other	Other	Illumina
035594765	26091274	288964324	3349	3317	24	8	15	26	57	Other	Other	HiFi
035609425	39766707	41385296	3386	3340	45	1	3	1	45	Other	Other	HiFi
035610435	40764	87420	2827	2823	4	0	436	122	68	Other	Other	Illumina
035610455	42069	129028	2925	2922	3	0	380	75	66	Other	Other	Illumina
035610475	16509	82204	2776	2772	4	0	482	123	69	Other	Other	Illumina
035666275	1069603	93605039	3378	3367	10	1	1	11	110	Other	Other	CLR
035771395	68740	91830945	3307	3169	24	114	57	25	109	Other	Other	Illumina
035772895	132711	9113078	3267	3261	6	0	32	91	67	Other	Other	Illumina
035773235	59200000	82041474	3379	3355	21	3	3	8	53	Other	Other	PacBio
035839065	15945059	102769032	3386	3344	42	0	1	3	40	Other	Other	HiFi
036010255	79957542	79957542	3383	3315	12	56	2	5	70	Other	Other	ONT
036023395	38472	71084588	3317	3316	1	0	54	19	66	Iridian	Other	Illumina
036023535	7654	7654	2304	2294	10	0	822	248	57	Other	Other	Illumina
036023655	21702	21702	2492	2483	9	0	736	152	64	Other	Other	Illumina
036023675	2400	2400	858	853	3	2	1631	872	59	Other	Other	Illumina
036023855	28302	28302	2744	2737	7	0	532	100	54	Other	Other	Illumina
036023955	2295	2295	1120	840	276	4	1580	653	67	Other	Other	Illumina
036023975	6494	6494	32	32	0	0	49	3309	2	Other	Other	Illumina
036024015	10403	10403	2085	2079	6	0	976	309	73	Other	Other	Illumina
036024135	4537	4537	2009	1997	12	0	1014	353	66	Other	Other	Illumina
036024195	2058	2058	1249	1056	191	2	1439	668	70	Other	Other	Illumina
036024235	1581	1581	1024	1021	3	0	1495	838	46	Other	Other	Illumina
036024295	20782	20782	2528	2520	8	0	711	140	51	Other	Other	Illumina
036024475	5104	5104	1437	1432	4	1	1371	558	54	Other	Other	Illumina
036024515	1490	1490	515	512	2	1	1752	1080	33	Other	Other	Illumina
036024535	1260	1260	866	749	112	5	1607	859	67	Other	Other	Illumina
036024575	3778	3778	1456	1453	3	0	1435	470	42	Other	Other	Illumina
036024655	1616	1616	1036	1034	2	0	1536	783	46	Other	Other	Illumina
036024715	4910	4910	1644	1640	4	0	1335	378	47	Other	Other	Illumina
036024795	6528	6528	2173	2156	16	1	881	316	46	Other	Other	Illumina
036024835	3265	3265	1309	1305	3	1	1566	489	51	Other	Other	Illumina
036024875	1097	1097	500	499	1	0	1620	1233	47	Other	Other	Illumina
036024995	16419	16419	2506	2499	7	0	736	137	61	Other	Other	Illumina
036025115	4378	4378	2211	2206	4	1	937	231	83	Other	Other	Illumina
036025135	1387	1387	670	669	1	0	1766	901	46	Other	Other	Illumina
036025195	2362	2362	1299	1296	3	0	1403	656	59	Other	Other	Illumina
036025235	1115	1115	711	709	1	1	1596	1048	36	Other	Other	Illumina
036025355	4671	4671	1730	1725	4	1	1306	327	63	Other	Other	Illumina
036025375	1624	1624	1138	1131	7	0	1487	725	50	Other	Other	Illumina
036025475	8471	8471	2004	1999	5	0	993	381	47	Other	Other	Illumina
036025515	1123	1123	664	661	2	1	1551	1121	39	Other	Other	Illumina
036025615	2435	2435	1171	1167	3	1	1618	570	57	Other	Other	Illumina
036025635	2141	2141	1239	1235	4	0	1455	667	62	Other	Other	Illumina
036025815	4143	4143	1187	1179	7	1	1506	664	55	Other	Other	Illumina
036025875	1719	1719	1003	1000	3	0	1597	744	48	Other	Other	Illumina
036025885	3462	3462	1615	1611	4	0	1234	518	47	Other	Other	Illumina
036025915	1510	1510	792	786	4	2	1637	920	36	Other	Other	Illumina
036025975	2852	2852	1266	1255	8	3	1453	639	45	Other	Other	Illumina
036026055	40957	71497810	3300	3296	3	1	70	20	71	Iridian	Other	Illumina
036026075	24698	71762008	3239	3235	3	1	117	33	120	Iridian	Other	Illumina
036026295	35290	71518970	3340	3332	5	3	29	21	62	Iridian	Other	Illumina
036026335	16249	76248003	3315	3313	2	0	66	9	72	Iridian	Other	Illumina
036026395	8738	76135208	3289	3288	1	0	70	30	162	Iridian	Other	Illumina
036026575	6417	19117	1867	1865	2	0	1213	287	147	Iridian	Other	Illumina
036172295	17712045	145208759	3385	3283	44	58	3	2	514	Other	Other	ONT
036173005	365534	605787	3162	3146	16	0	121	106	124	Other	Other	PacBio
036178185	5908986	23043945	3347	3337	10	0	5	38	156	Other	Other	ONT
036184795	13597559	125076325	3383	3351	12	20	2	5	60	Other	Other	PacBio
036245035	94839	25536797	3309	3285	23	1	51	28	104	Other	Other	Illumina
036245685	128104	47486379	3202	1851	1347	4	110	77	304	Other	Other	Illumina
036247105	3631979	37322513	3363	3323	39	1	15	12	57	Other	Other	PacBio
036250175	13500	83203680	2348	2271	26	51	504	532	350	Other	Other	Illumina
036250195	10748000	369309484	3324	3290	30	4	19	47	59	Other	Other	HiFi
036250305	16136	16360	2313	2306	7	0	861	209	68	Other	Other	Illumina
036250325	18129	19409	2341	2329	12	0	836	204	64	Other	Other	Illumina
036250545	1515056	28139914	3346	3311	34	1	15	29	126	Other	Other	ONT
036250565	3504	84221	2270	2268	2	0	648	466	321	Iridian	Other	Illumina
036250585	296967	331161	3138	3045	21	72	215	34	103	Other	Other	PacBio
036250615	12384	157086141	2694	2685	7	2	335	357	155	Other	Other	Illumina
036321115	20443437	22864281	3384	3374	9	1	2	4	57	Other	Other	HiFi
036321145	31656669	42111825	3349	3302	45	2	6	35	57	Other	Other	HiFi
036321365	32281321	40719892	3307	3290	14	3	8	75	56	Other	Other	HiFi
036323735	64250101	137014596	3379	3297	16	66	2	9	55	Other	Other	PacBio
036324505	7582354	26674500	3361	3357	3	1	5	24	184	Other	Other	PacBio
036324585	2611138	43613322	3354	3334	19	1	13	23	325	Other	Other	PacBio
036324595	3182242	44089792	3361	3315	44	2	10	19	279	Other	Other	PacBio
036325905	58464897	137608147	3373	3261	34	78	4	13	104	Other	Other	PacBio
036326025	1736634	41634777	3199	3162	36	1	31	160	488	Other	Other	PacBio
036346035	29586366	29586366	3380	3377	2	1	2	8	54	Other	Other	PacBio
036346955	28651707	147241050	3372	3261	19	92	7	11	196	Other	Other	PacBio
036365135	2496000	27008067	3364	3332	31	1	21	4	281	Other	Other	ONT
036365145	25878816	25878816	3340	3295	11	34	12	38	133	Other	Other	ONT
036365155	27799564	27799564	3322	3291	11	20	12	56	181	Other	Other	ONT
036365185	42680980	42680980	3379	3340	8	31	3	8	95	Other	Other	ONT
036418095	26085954	32557555	3375	3350	24	1	4	11	69	Other	Other	HiFi
036419115	17972633	17972633	3369	3325	44	0	15	6	102	Other	Other	ONT
036426205	164230	76695647	2663	2650	12	1	442	280	194	Other	Other	PacBio
036562045	42906106	166556632	3325	3309	3	13	12	53	77	Other	Other	ONT
036571765	112802	17010411	3326	3288	37	1	36	28	164	Other	Other	CLR
036583965	8724871	70679835	3269	3255	11	3	46	75	527	Other	Other	PacBio
036589455	7542955	7560531	3364	3280	18	66	21	5	1399	Other	Other	ONT
036630365	20125189	20125189	3382	3371	11	0	2	6	59	Other	Other	HiFi
036768555	3693	29736806	3004	2994	8	2	228	158	450	Other	Other	Illumina
036784685	3726849	3854451	3360	3359	1	0	17	13	80	Other	Other	ONT
036784905	32348965	33862838	3372	3245	125	2	5	13	76	Other	Other	HiFi
036785055	43111614	148530947	3383	3365	14	4	2	5	47	Other	Other	HiFi
036785175	25347879	25347879	3380	3346	33	1	3	7	81	Other	Other	HiFi
036785185	5438777	5438777	3347	3317	22	8	23	19	77	Other	Other	ONT
036785325	149954	6939959	3044	2599	444	1	120	225	261	Other	Other	HiFi
036785375	305059	4435174	3153	1996	1149	8	88	149	184	Other	Other	HiFi
036785435	14693	35743838	3214	1946	1262	6	120	55	133	Other	Other	PacBio
036785525	14257025	35933337	3384	3367	16	1	4	2	54	Other	Other	HiFi
036785705	7715064	7715064	3377	3352	25	0	5	8	66	Other	Other	HiFi
036785785	74147329	78002329	3388	3353	25	10	2	0	47	Other	Other	HiFi
036850595	1671045	24273491	3365	3204	161	0	13	12	101	Other	Other	ONT
036851205	21249	62827110	3282	3280	2	0	84	24	83	Iridian	Other	Illumina
036851935	588596	53782622	3296	2126	1159	11	42	50	265	Other	Other	PacBio
036872935	847	2819249	309	0	309	0	1206	1871	643	Iridian	Other	Illumina
036872955	3933	73962719	3012	3006	6	0	254	124	362	Iridian	Other	Illumina
036873005	14221	72550393	2497	2493	2	2	498	395	362	Iridian	Other	Illumina
036873025	1117	1229	326	317	7	2	1329	1690	276	Iridian	Other	Illumina
036873505	36743	71879038	3291	3286	4	1	68	31	84	Iridian	Other	Illumina
036873585	677	17579406	1651	1649	2	0	1006	729	783	Iridian	Other	Illumina
036873605	32370	79881237	3323	3323	0	0	55	12	60	Iridian	Other	Illumina
036873685	13663	26904	2240	2239	1	0	952	186	99	Iridian	Other	Illumina
036873795	16796	25297968	3297	3293	4	0	64	29	82	Iridian	Other	Illumina
036873835	920	930	352	335	16	1	1490	1509	51	Iridian	Other	Illumina
036873895	7752	9634	1329	1327	2	0	1447	589	118	Iridian	Other	Illumina
036877525	7708888	7953129	3350	2057	1286	7	15	25	124	Other	Other	ONT
036877545	22050	26393	2909	2285	622	2	360	119	64	Other	Other	Illumina
036877575	14418	16618	2758	2047	703	8	483	143	65	Other	Other	Illumina
036877585	10787	12177	2391	1894	492	5	719	264	64	Other	Other	Illumina
036877625	9958	10723	2485	1766	717	2	680	210	65	Other	Other	Illumina
036884735	3451085	45716562	3358	1104	2252	2	19	13	259	Other	Other	ONT
036900835	2473122	144352171	3233	3214	15	4	56	101	47	Other	Other	HiFi
036919915	6413	34397202	3047	3042	5	0	264	77	167	Iridian	Other	Illumina
036919935	3941	32971018	3306	3303	3	0	53	30	127	Iridian	Other	Illumina
036919955	11178	32040781	3348	3344	4	0	26	16	60	Iridian	Other	Illumina
036919975	9005	32112094	3327	3323	4	0	48	15	123	Iridian	Other	Illumina
036924035	9667060	35077053	3381	3373	7	1	1	8	64	Other	Other	HiFi
036924315	345529	345529	2503	2443	58	2	97	788	201	Other	Other	HiFi
036925125	10592639	58864636	3374	3369	5	0	2	14	51	Other	Other	HiFi
036934945	2468404	66338746	3370	1912	1455	3	13	7	203	Other	Other	ONT
036937225	14264469	34620701	3384	3360	23	1	3	3	57	Other	Other	HiFi
036937825	1788968	23172855	3354	3088	264	2	6	30	162	Other	Other	CLR
036937835	24748353	24748353	3386	3377	9	0	2	2	58	Other	Other	HiFi
036939035	793	793	216	216	0	0	1473	1663	23	Other	Other	Illumina
036971965	61249120	101856247	3375	3319	8	48	7	8	66	Other	Other	CLR
036983055	13633080	26114681	3379	3372	6	1	6	5	64	Other	Other	PacBio
036984225	122429	467125	3206	3187	7	12	157	25	70	Other	Other	ONT
036984245	252440	13252734	3352	3287	13	52	28	10	57	Other	Other	Illumina
036984385	12981	27744	2809	2788	19	2	455	116	45	Other	Other	Illumina
037013535	39629392	269041945	3363	3345	14	4	6	21	117	Other	Other	HiFi
037013685	10406399	72486765	3378	3375	3	0	2	10	65	Other	Other	ONT
037014315	46011	4022383	3290	3286	4	0	54	46	81	Other	Other	Illumina
037014365	64079	3083642	3319	3314	4	1	32	39	70	Other	Other	Illumina
037022325	1029	1029	596	487	107	2	1762	984	39	Other	Other	Illumina
037022345	1177	1177	414	412	2	0	1722	1211	33	Other	Other	Illumina
037039965	19371520	22273047	3347	3336	10	1	14	29	118	Other	Other	HiFi
037042795	25845000	70606200	3379	3369	7	3	4	7	54	Other	Other	HiFi
037043045	11305392	267790965	3331	3314	15	2	10	49	70	Other	Other	ONT
037043125	61020890	142604627	3386	3261	13	112	2	2	66	Other	Other	HiFi
037043235	2949010	2964661	3319	3281	38	0	33	38	73	Other	Other	PacBio
037043355	4768860	107121482	3317	3306	9	2	21	52	41	Other	Other	HiFi
037055225	17311133	270035755	3333	3325	6	2	10	47	64	Other	Other	ONT
037101425	9879208	33649237	3374	3348	26	0	3	13	59	Other	Other	Illumina
037113585	63948927	143749486	3383	3370	7	6	3	4	40	Other	Other	ONT
037127405	810402	195716378	3304	3284	15	5	20	66	76	Other	Other	CLR
037127435	4730001	43315830	3370	3305	64	1	12	8	62	Other	Other	PacBio
037176925	19500	23735783	3341	3335	6	0	40	9	86	Iridian	Other	Illumina
037176975	14693	37777	2544	2533	11	0	654	185	108	Iridian	Other	Illumina
037176995	3010	26976407	2524	2515	8	1	608	251	516	Iridian	Other	Illumina
037177035	8176	26755797	3011	3007	4	0	265	114	160	Iridian	Other	Illumina
037177055	9726	29713486	3101	3095	6	0	201	87	146	Iridian	Other	Illumina
037177075	3678	26002992	2643	2632	11	0	510	235	359	Iridian	Other	Illumina
037177095	2751	22864330	1370	1366	4	0	1203	812	572	Iridian	Other	Illumina
037177115	3724	25082807	2843	2833	10	0	361	179	235	Iridian	Other	Illumina
037177135	3494	33916178	2675	2671	4	0	494	220	402	Iridian	Other	Illumina
037177155	7965	33157352	3149	3145	4	0	180	61	193	Iridian	Other	Illumina
037177175	5748	32332949	3340	3335	5	0	37	12	82	Iridian	Other	Illumina
037177195	3242	32094174	2379	2370	9	0	531	480	371	Iridian	Other	Illumina
037177255	9821	31942912	3342	3339	3	0	30	18	78	Iridian	Other	Illumina
037177315	31356	25513677	3344	3336	8	0	37	8	69	Iridian	Other	Illumina
037177335	8420	24207475	3108	3101	7	0	202	78	165	Iridian	Other	Illumina
037177355	12206	32608281	3339	3335	4	0	38	13	60	Iridian	Other	Illumina
037177375	784	33956472	329	329	0	0	1356	1703	664	Iridian	Other	Illumina
037177435	9812	32338701	3218	3212	6	0	134	37	114	Iridian	Other	Illumina
037177455	1753	31230968	613	2	611	0	1267	1504	551	Iridian	Other	Illumina
037177475	1376	29801387	216	0	216	0	1089	2080	453	Iridian	Other	Illumina
037177495	12620	32368829	3336	3330	6	0	36	18	74	Iridian	Other	Illumina
037177515	10010	27312785	3137	3132	5	0	186	65	128	Iridian	Other	Illumina
037177535	8191	23729656	3115	3110	5	0	200	74	137	Iridian	Other	Illumina
037177555	133706131	153473417	3388	3325	26	37	0	2	48	Other	Other	PacBio
037177565	1423	18952413	693	692	0	1	1365	1326	640	Iridian	Other	Illumina
037178815	11211737	22548167	3315	3231	84	0	13	62	146	Other	Other	ONT
037194245	5275600	24759753	3348	3185	163	0	13	29	223	Other	Other	CLR
037194315	3083372	23620797	3341	3290	51	0	20	29	86	Other	Other	CLR
037194365	9007218	20996025	3358	3174	184	0	16	16	71	Other	Other	HiFi
037215915	28315126	145441293	3333	3299	31	3	12	45	53	Other	Other	HiFi
037218355	68969317	76569693	3386	3376	9	1	3	1	49	Other	Other	ONT
037305975	37751291	72274759	3382	3375	7	0	1	7	56	Other	Other	HiFi
037367245	2541092	132691761	3291	3207	79	5	14	85	202	Other	Other	CLR
037367255	3298286	3298286	3281	3256	20	5	27	82	124	Other	Other	PacBio
037367275	14430	24597955	3189	3183	5	1	157	40	89	Iridian	Other	Illumina
037367295	10562	35462944	3138	3130	7	1	180	71	116	Iridian	Other	Illumina
037367305	4113497	4113497	3281	3254	21	6	22	87	60	Other	Other	PacBio
037367365	9609	31465259	3091	3085	6	0	216	81	138	Iridian	Other	Illumina
037389245	504681	30386322	3301	3289	11	1	59	30	172	Other	Other	ONT
037447515	84745168	141826808	3387	3372	10	5	2	1	47	Other	Other	HiFi
037504845	4586804	36599732	3327	3304	23	0	20	43	77	Other	Other	HiFi
037575465	66322725	66322725	3317	3295	18	4	19	54	64	Other	Other	HiFi
037575895	81061439	81061439	3357	3294	27	36	2	31	53	Other	Other	PacBio
037576675	26692	24674314	3270	3254	16	0	77	43	78	Other	Other	Illumina
037576815	11686	24378914	3262	3239	22	1	77	51	100	Other	Other	Illumina
037576825	21776	24393753	3243	3225	18	0	89	58	98	Other	Other	Illumina
037576955	6635	16047	2008	1999	9	0	983	382	161	Iridian	Other	Illumina
037576975	8064	24745	2216	2202	14	0	811	341	156	Iridian	Other	Illumina
037577075	3240	5515	1573	1566	6	1	1200	602	210	Iridian	Other	Illumina
037577115	11153	17074015	2582	2570	12	0	641	161	96	Iridian	Other	Illumina
037577145	7563	20024	2193	2179	13	1	840	345	150	Iridian	Other	Illumina
037577275	9816	14417897	2148	2132	16	0	896	332	129	Iridian	Other	Illumina
037577295	6239	11776	1897	1882	15	0	1012	469	124	Iridian	Other	Illumina
037577455	15260	23726107	3204	3189	15	0	114	72	140	Other	Other	Illumina
037577475	15241685	29421943	3381	3353	28	0	1	8	51	Other	Other	HiFi
037577625	10884	24225320	3270	3256	14	0	72	48	106	Other	Other	Illumina
037577785	3452	20461794	2781	2765	16	0	418	188	453	Other	Other	Illumina
037783145	25995503	85145959	3385	3363	13	9	2	3	56	Other	Other	ONT
037784275	40037053	53397825	3386	3373	8	5	3	1	90	Other	Other	PacBio
037790555	14072964	56411370	3369	3171	196	2	9	12	151	Other	Other	ONT
037832545	5585	8631	1995	1983	12	0	957	423	132	Iridian	Other	Illumina
037833715	36243	23766699	3373	3363	10	0	15	2	46	Iridian	Other	Illumina
037834095	48384	72073535	3301	3298	2	1	70	19	69	Iridian	Other	Illumina
037834455	10440	63080309	3307	3126	161	20	49	34	97	Iridian	Other	Illumina
037837765	20730791	74747089	3372	3353	16	3	5	13	59	Other	Other	HiFi
037900795	466638	464180742	3310	3277	31	2	27	53	85	Other	Other	ONT
037902135	1176850	1176850	3349	3318	26	5	34	7	94	Other	Other	PacBio
037950665	31487454	34471165	3372	3341	30	1	7	11	125	Other	Other	ONT
037950675	28747666	33452159	3374	3341	33	0	5	11	65	Other	Other	PacBio
037953595	26508943	26508943	3386	3373	13	0	2	2	35	Other	Other	ONT
037953605	25204291	27959869	3388	3374	14	0	0	2	35	Other	Other	ONT
037954235	15598637	29908936	3382	3372	10	0	4	4	76	Other	Other	CLR
037954325	14696506	18701801	3361	3342	19	0	11	18	103	Other	Other	CLR
037974335	5319141	109841703	3276	3228	43	5	19	95	64	Other	Other	PacBio
037974365	11165	16221220	2406	2379	25	2	693	274	114	Iridian	Other	Illumina
037974385	9635	18549339	2347	2329	17	1	727	306	134	Iridian	Other	Illumina
037974405	9415	15448678	2122	2108	13	1	886	370	161	Iridian	Other	Illumina
037974425	3725	6407	1710	1699	11	0	1126	540	190	Iridian	Other	Illumina
037974445	7919	45766	2159	2144	14	1	836	376	128	Iridian	Other	Illumina
037974465	7031	25240	1969	1953	13	3	953	460	160	Iridian	Other	Illumina
037974485	6995	17413	2110	2097	13	0	893	371	147	Iridian	Other	Illumina
037974525	1015	1518	337	334	1	2	1293	1736	244	Iridian	Other	Illumina
037974565	4746	8815	1771	1761	10	0	1127	481	193	Iridian	Other	Illumina
037974585	2804	4962	1501	1486	11	4	1180	677	230	Iridian	Other	Illumina
037974605	4616	9301	1890	1878	10	2	1016	471	172	Iridian	Other	Illumina
037975005	8684000	53081851	3382	3381	1	0	6	1	71	Other	Other	HiFi
037975065	190274	9959163	3324	3235	89	0	51	14	89	Other	Other	BGI
037975115	317973	25929763	3305	3289	16	0	63	22	68	Other	Other	BGI
037975165	281611	4684412	3330	3288	42	0	42	18	76	Other	Other	BGI
037975185	207803	4575177	3257	3110	147	0	102	30	89	Other	Other	BGI
038048745	72486006	170815331	3334	3062	270	2	9	47	65	Other	Other	HiFi
038048895	335	344	76	74	2	0	446	2863	53	Iridian	Other	Illumina
038048925	16465	35803	2222	1700	516	6	845	313	104	Other	Other	PacBio
038087045	2275447	2275447	3326	3267	58	1	22	42	459	Other	Other	CLR
038087055	1203325	1203325	3270	3252	17	1	53	67	273	Other	Other	CLR
038087065	1006743	1006743	3202	3176	24	2	66	122	346	Other	Other	CLR
038087875	150120	58719002	2004	1938	65	1	213	1173	199	Other	Other	HiFi
038088225	8147501	36229164	3369	3362	6	1	4	17	56	Other	Other	HiFi
038088235	31873553	33346874	3367	3331	36	0	8	15	65	Other	Other	HiFi
038088365	32504617	67151499	3386	3243	20	123	0	4	88	Other	Other	HiFi
038088395	62468626	62468626	3386	3366	4	16	2	2	49	Other	Other	HiFi
038090675	114429	4323047	3240	3168	23	49	48	102	62	Other	Other	PacBio
038090715	186647	23868549	3312	3304	8	0	50	28	113	Other	Other	Illumina
038363315	701221	42457289	3271	3251	17	3	56	63	970	Other	Other	PacBio
038380795	17811915	74038366	3374	3369	5	0	4	12	62	Other	Other	HiFi
038381655	40679	75153721	3329	3329	0	0	51	9	55	Iridian	Other	Illumina
038381715	9633	76845102	3251	3247	1	3	112	27	169	Iridian	Other	Illumina
038381815	1710	17280	1202	1201	1	0	1507	660	398	Iridian	Other	Illumina
038381965	38439	75223119	3312	3312	0	0	61	15	72	Iridian	Other	Illumina
038382005	43300	75993314	3326	3325	0	1	59	5	86	Iridian	Other	Illumina
038382085	7925	76688683	3298	3297	1	0	76	16	105	Iridian	Other	Illumina
038406055	30953	75318589	3358	3354	4	0	26	6	55	Iridian	Other	Illumina
038406075	4087	45397007	3111	3109	2	0	221	54	263	Iridian	Other	Illumina
038406095	8583	76347336	3320	3319	1	0	49	21	116	Iridian	Other	Illumina
038406115	2381	25405368	2740	2730	9	1	501	147	397	Iridian	Other	Illumina
038406135	2734	65489854	2860	2856	4	0	374	156	440	Iridian	Other	Illumina
038406155	13897	23876	2187	2186	1	0	991	197	76	Iridian	Other	Illumina
038406215	8733	76108805	3309	3304	4	1	63	17	129	Iridian	Other	Illumina
038406335	3026	66839636	3225	3224	0	1	122	42	202	Iridian	Other	Illumina
038406475	5967	27345486	3287	3282	3	2	81	21	100	Iridian	Other	Illumina
038406705	376	383	19	19	0	0	368	2998	31	Iridian	Other	Illumina
038407235	594	8646990	1182	1180	2	0	1365	838	901	Iridian	Other	Illumina
038419695	8837785	32882740	3381	3347	33	1	6	3	66	Other	Other	HiFi
038429875	16277000	76173615	3371	3358	13	0	2	17	55	Other	Other	HiFi
038442595	36644	36528849	3329	3328	1	0	51	10	67	Iridian	Other	Illumina
038442615	42238	92129368	3292	3291	1	0	89	9	68	Iridian	Other	Illumina
038496645	102028	22506988	3291	3285	6	0	78	21	70	Other	Other	BGI
038496675	112917	24262886	3319	3308	11	0	51	20	72	Other	Other	BGI
038501445	45918	75199327	3373	3252	23	98	14	3	92	Other	Other	Illumina
038501785	4480334	4480334	3356	3185	171	0	19	15	106	Other	Other	HiFi
038501795	1453594	23088511	3335	3324	11	0	17	38	245	Other	Other	PacBio
038502695	8941	9258	1580	1555	8	17	1326	458	154	Other	Other	Illumina
038503035	99156	478168	3197	3159	38	0	166	26	57	Other	Other	Illumina
038630795	60830	92497854	3296	3208	16	72	65	29	138	Other	Other	Illumina
038994595	74759052	74759052	3379	3374	5	0	0	11	64	Other	Other	ONT
038996465	19703568	30768099	3330	3313	17	0	12	48	95	Other	Other	HiFi
039105355	804747	54490410	3350	3192	87	71	22	18	121	Other	Other	PacBio
039654105	25015297	41997361	3367	3330	36	1	10	13	57	Other	Other	CLR
039654305	5909	32159651	3007	2991	13	3	271	112	217	Iridian	Other	Illumina
039654325	7665	35534995	3231	3209	19	3	91	67	136	Iridian	Other	Illumina
039654585	317	590	43	43	0	0	831	2509	184	Iridian	Other	Illumina
039654605	360	372	10	10	0	0	368	3008	7	Iridian	Other	Illumina
039654625	18099218	40824786	3368	3337	30	1	8	14	71	Other	Other	CLR
039654755	1995792	72367164	3355	3205	147	3	13	21	183	Other	Other	PacBio
039654765	3360639	34131193	3340	3309	31	0	12	38	67	Other	Other	ONT
039654775	11828029	33912866	3376	709	2664	3	3	11	128	Other	Other	HiFi
039654815	4924071	137306111	3374	3338	30	6	7	9	277	Other	Other	PacBio
039654925	16884858	61071980	3373	3155	215	3	7	10	67	Other	Other	HiFi
039654945	32538637	32538637	3298	3254	38	6	31	61	49	Other	Other	HiFi
039700855	21673	84949164	3383	3382	1	0	4	3	52	Other	Other	ONT
039707465	104787037	204956984	3336	3307	23	6	11	43	60	Other	Other	HiFi
039737535	3525568	31415645	3382	3352	30	0	6	2	124	Other	Other	ONT
039797435	67532859	208942360	3335	3311	19	5	10	45	60	Other	Other	HiFi
039877035	2348800	4369289	3269	3217	50	2	31	89	76	Other	Other	PacBio
039877175	25579	86908813	3158	3151	7	0	178	51	78	Iridian	Other	Illumina
039877255	10425	22031	2103	2098	5	0	1046	223	92	Iridian	Other	Illumina
039877515	320	1879801	64	4	60	0	650	2674	319	Iridian	Other	Illumina
039877535	279	303	34	30	4	0	314	3040	29	Iridian	Other	Illumina
039877795	1242162	1242162	3112	3101	8	3	165	113	73	Other	Other	HiFi
039877825	29270234	700271098	3380	3297	18	65	2	8	77	Other	Other	HiFi
039880705	32838721	33775926	3369	3338	29	2	8	13	68	Other	Other	HiFi
039880765	12532727	200181838	3260	3239	19	2	30	100	79	Other	Other	HiFi
039881065	18908109	22850000	3363	3340	22	1	10	17	57	Other	Other	CLR
039881075	17239000	22625048	3363	3341	22	0	9	18	57	Other	Other	CLR
039881085	1575701	62609013	3351	1841	1496	14	25	14	242	Other	Other	ONT
039881165	40120180	102293892	3348	3276	11	61	7	35	181	Other	Other	ONT
039881175	43517586	104053164	3378	3314	8	56	1	11	103	Other	Other	ONT
039997075	40292119	90511606	3382	3375	7	0	0	8	122	Other	Other	CLR
039998725	12173573	83980382	3386	3350	35	1	1	3	61	Other	Other	HiFi
039999165	18966283	18966283	3376	3358	18	0	6	8	57	Other	Other	HiFi
040054535	21047747	23897462	3355	3333	22	0	9	26	79	Other	Other	CLR
040057535	201316	92909886	3333	3321	7	5	44	13	134	Other	Other	ONT
040085125	89550226	89550226	3390	3236	29	125	0	0	98	Other	Other	HiFi
040091285	16857	17147	2362	2353	8	1	813	207	59	Other	Other	Illumina
040091305	11867	13511	65	65	0	0	20	3305	2	Other	Other	Illumina
040091325	16062	17645	2376	2368	7	1	807	203	44	Other	Other	Illumina
040091335	19941	20238	2401	2392	9	0	783	200	50	Other	Other	Illumina
040091345	15690	16140	2249	2241	8	0	905	226	63	Other	Other	Illumina
040110945	10929469	26101846	3373	3302	71	0	7	10	80	Other	Other	HiFi
040112775	701221	42457289	3271	3251	17	3	56	63	970	Other	Other	PacBio
040112795	392837	55013877	3174	2972	198	4	107	108	136	Other	Other	HiFi
040113105	85672497	121177099	3375	3299	40	36	3	12	47	Other	Other	HiFi
040143555	8087	8087	2165	2148	17	0	924	283	63	Other	Other	Illumina
040143585	7471	7471	2015	1994	20	1	994	347	56	Other	Other	Illumina
040143605	6470	6470	2070	2055	14	1	961	336	60	Other	Other	Illumina
040143625	18588	18588	2358	2347	11	0	828	186	58	Other	Other	Illumina
040143645	8667	8667	2126	2113	12	1	978	280	57	Other	Other	Illumina
040143665	4305	4305	1973	1961	12	0	1004	397	44	Other	Other	Illumina
040143685	1648	1648	1386	1375	11	0	1333	641	50	Other	Other	Illumina
040143705	3227	3227	1764	1760	3	1	1095	509	49	Other	Other	Illumina
040143885	5356	5356	1333	1329	4	0	1468	563	67	Other	Other	Illumina
040144785	38802614	39984115	3372	3341	30	1	6	12	75	Other	Other	HiFi
040182605	18156832	28358506	3386	3379	7	0	3	1	54	Other	Other	HiFi
040182635	84561976	92232156	3388	3172	113	103	0	2	73	Other	Other	HiFi
040182675	24197000	26997500	3388	3373	15	0	2	0	69	Other	Other	HiFi
040182725	28275502	28275502	3382	3331	14	37	7	1	57	Other	Other	Illumina
040182735	27008560	27008560	3381	3328	18	35	8	1	56	Other	Other	Illumina
040182805	27007267	27007267	3382	3328	17	37	7	1	51	Other	Other	Illumina
040182825	34421206	39564191	3370	3335	34	1	8	12	57	Other	Other	HiFi
040182835	16044671	27239557	3383	3374	9	0	4	3	56	Other	Other	HiFi
040182925	32920630	43094527	3370	3306	64	0	8	12	57	Other	Other	HiFi
040182945	272829	136909105	3347	3337	2	8	32	11	74	Other	Other	Illumina
040183275	13255993	31252483	3352	3237	113	2	15	22	65	Other	Other	HiFi
040207135	9525463	20955852	3379	3364	15	0	4	7	70	Other	Other	PacBio
040207255	66661095	66661095	3193	3060	36	97	23	174	71	Other	Other	HiFi
040207285	42196457	87441830	3329	3245	23	61	7	54	58	Other	Other	HiFi
040207505	11106	13486	2160	2045	115	0	922	299	83	Other	Other	Illumina
040207535	109210969	109210969	3372	3360	10	2	4	14	50	Other	Other	HiFi
040207595	5326	20829492	2932	2930	2	0	292	166	227	Iridian	Other	Illumina
040207615	26375519	27079146	3333	3317	14	2	11	46	58	Other	Other	ONT
040207635	21131692	23957878	3257	3199	17	41	7	126	80	Other	Other	PacBio
040207655	11757861	13070852	3359	3277	18	64	11	20	68	Other	Other	PacBio
040207695	327	13730	63	0	63	0	926	2392	313	Iridian	Other	Illumina
040208305	10978460	47191550	3372	3329	40	3	9	9	49	Other	Other	HiFi
040256215	5202744	28525251	3349	3314	34	1	6	35	150	Other	Other	ONT
040256225	34412682	38375519	3359	3323	35	1	5	26	76	Other	Other	HiFi
040259355	19221249	100767354	3365	3242	27	96	1	24	174	Other	Other	PacBio
040285205	7491769	77020822	3325	3324	1	0	36	29	199	Other	Other	PacBio
040285375	170066346	273178261	3362	3349	6	7	7	21	47	Other	Other	HiFi
040285405	13717020	45089902	3369	3341	27	1	13	8	71	Other	Other	HiFi
040285425	95916531	101409388	3346	3284	8	54	2	42	76	Other	Other	PacBio
040286185	111091738	114962053	3390	3319	12	59	0	0	70	Other	Other	PacBio
040359625	20223325	35346331	3352	3327	25	0	13	25	104	Other	Other	PacBio
040361065	15703001	44061449	3384	3227	156	1	5	1	58	Other	Other	HiFi
040365975	78934	9034237	3085	3069	14	2	233	70	80	Other	Other	Illumina
040365995	70229	1624924	2934	2916	18	0	344	111	105	Other	Other	Illumina
040366015	89489	25100460	3166	3156	10	0	155	69	78	Other	Other	Illumina
040366035	28881	40232	2683	2652	29	2	549	155	73	Other	Other	Illumina
040366055	28489	40130	2646	2603	41	2	583	156	87	Other	Other	Illumina
040366075	56794	358411	2974	2929	41	4	315	98	80	Other	Other	Illumina
040366095	70316	572642	2988	2954	34	0	295	104	90	Other	Other	Illumina
040366115	32931	40453	2373	2363	9	1	779	223	74	Other	Other	Illumina
040366135	39941	67176	2664	2649	14	1	523	196	101	Other	Other	Illumina
040366155	76943	19343846	3142	3039	102	1	174	73	78	Other	Other	Illumina
040366175	95575	14053382	3150	3115	34	1	177	61	80	Other	Other	Illumina
040366195	78908	8913050	3088	3063	24	1	224	78	78	Other	Other	Illumina
040366215	72326	13249434	3196	3172	21	3	149	45	79	Other	Other	Illumina
040366235	93607	19472550	3243	3217	24	2	107	40	72	Other	Other	Illumina
040366255	77146	19111967	3195	2958	236	1	139	56	79	Other	Other	Illumina
040368725	23562	54300027	3252	3231	19	2	61	77	79	Other	Other	Illumina
040372325	30754	31211796	3311	3305	6	0	15	64	87	Other	Other	Illumina
040436095	2420911	2420911	3341	3324	17	0	19	30	64	Other	Other	HiFi
040436105	1247050	1247050	2104	2006	97	1	103	1183	63	Other	Other	HiFi
040436345	8664321	33667259	3382	3362	19	1	4	4	68	Other	Other	PacBio
040436645	91836423	91836423	3383	3378	5	0	0	7	55	Other	Other	HiFi
040437455	16955781	130776705	3383	3299	24	60	6	1	89	Other	Other	ONT
040437545	5144572	38189600	3386	3364	21	1	1	3	54	Other	Other	HiFi
040437555	31459000	38806050	3384	3368	14	2	2	4	47	Other	Other	HiFi
040438115	79532	192009155	3362	3207	56	99	22	6	83	Other	Other	Illumina
040448775	52349486	52349486	3374	3311	26	37	6	10	55	Other	Other	HiFi
040448785	70374676	70374676	3372	3307	32	33	1	17	54	Other	Other	HiFi
040448855	71261503	71261503	3371	3307	30	34	2	17	55	Other	Other	HiFi
040449015	71921462	71921462	3367	3311	25	31	4	19	50	Other	Other	HiFi
040449035	58957722	58957722	3377	3315	28	34	1	12	47	Other	Other	HiFi
040449195	87666278	87666278	3353	3288	30	35	4	33	52	Other	Other	HiFi
040449215	80472798	80472798	3360	3299	27	34	2	28	53	Other	Other	HiFi
040449255	17544286	17544286	3375	3266	74	35	2	13	51	Other	Other	HiFi
040449315	108928472	108928472	3343	3285	25	33	6	41	53	Other	Other	HiFi
040449355	19203365	19203365	3368	3300	34	34	6	16	58	Other	Other	HiFi
040449395	19914564	19914564	3361	3293	33	35	10	19	53	Other	Other	HiFi
040449435	59347716	59347716	3380	3315	28	37	3	7	57	Other	Other	HiFi
040449475	50383377	50383377	3381	3315	29	37	1	8	49	Other	Other	HiFi
040449515	58431827	58431827	3370	3305	30	35	2	18	53	Other	Other	HiFi
040449535	39912631	39912631	3387	3321	31	35	1	2	47	Other	Other	HiFi
040449595	90412403	90412403	3385	3319	31	35	3	2	47	Other	Other	HiFi
040449615	35073808	35073808	3379	3314	30	35	3	8	54	Other	Other	HiFi
040449675	54422464	54422464	3382	3317	28	37	1	7	52	Other	Other	HiFi
040449715	53903684	53903684	3367	3306	28	33	3	20	50	Other	Other	HiFi
040449755	67008336	67008336	3379	3317	28	34	3	8	52	Other	Other	HiFi
040449795	60442230	60442230	3371	3308	28	35	1	18	55	Other	Other	HiFi
040449835	24657878	24657878	3372	3302	34	36	0	18	49	Other	Other	HiFi
040449875	60644205	60644205	3349	3286	30	33	4	37	57	Other	Other	HiFi
040449915	61624919	61624919	3335	3279	26	30	7	48	67	Other	Other	HiFi
040449955	17347917	17347917	3382	3305	40	37	5	3	57	Other	Other	HiFi
040449995	58523375	58523375	3374	3310	32	32	1	15	51	Other	Other	HiFi
040450035	56602453	56602453	3382	3318	28	36	2	6	49	Other	Other	HiFi
040450075	54401192	54401192	3372	3298	40	34	2	16	58	Other	Other	HiFi
040450095	38466250	38466250	3386	3316	34	36	0	4	53	Other	Other	HiFi
040450135	57170251	57170251	3377	3314	29	34	2	11	51	Other	Other	HiFi
040450195	48673490	48673490	3376	3313	28	35	3	11	55	Other	Other	HiFi
040450235	90133377	90133377	3382	3317	30	35	2	6	47	Other	Other	HiFi
040450275	43785677	43785677	3371	3309	26	36	1	18	56	Other	Other	HiFi
040450315	54118769	54118769	3385	3321	27	37	2	3	61	Other	Other	HiFi
040450335	36128496	36128496	3379	3313	30	36	1	10	52	Other	Other	HiFi
040450395	71205264	71205264	3384	3322	26	36	2	4	47	Other	Other	HiFi
040450415	42234969	42234969	3359	3296	28	35	3	28	49	Other	Other	HiFi
040450475	87219119	87219119	3350	3283	32	35	3	37	58	Other	Other	HiFi
040450495	49633055	49633055	3375	3315	25	35	2	13	48	Other	Other	HiFi
040450555	49996025	49996025	3357	3298	27	32	2	31	59	Other	Other	HiFi
040450655	52756423	52756423	3375	3313	29	33	3	12	52	Other	Other	HiFi
040450675	59384299	59384299	3381	3319	25	37	2	7	57	Other	Other	HiFi
040450735	77773546	77773546	3381	3318	26	37	3	6	49	Other	Other	HiFi
040450775	52097227	52097227	3376	3314	28	34	4	10	51	Other	Other	HiFi
040450795	54262185	54262185	3381	3311	33	37	1	8	51	Other	Other	HiFi
040450855	39001550	39001550	3368	3304	29	35	6	16	51	Other	Other	HiFi
040450895	21588254	21588254	3379	3313	29	37	6	5	77	Other	Other	HiFi
040450935	55152304	55152304	3384	3320	28	36	2	4	48	Other	Other	HiFi
040450965	39105529	39105529	3363	3305	25	33	7	20	50	Other	Other	HiFi
040451025	77321928	77321928	3375	3316	26	33	0	15	52	Other	Other	HiFi
040451065	30215896	30215896	3382	3317	28	37	2	6	51	Other	Other	HiFi
040451085	88087827	88087827	3374	3310	27	37	4	12	47	Other	Other	HiFi
040451145	67919913	67919913	3375	3307	33	35	3	12	53	Other	Other	HiFi
040451185	47568591	47568591	3376	3309	33	34	3	11	57	Other	Other	HiFi
040451205	41706970	41706970	3359	3298	25	36	2	29	55	Other	Other	HiFi
040451345	57612287	57612287	3384	3314	31	39	0	6	56	Other	Other	HiFi
040451365	44987540	44987540	3353	3288	30	35	6	31	52	Other	Other	HiFi
040496095	6479	31997643	3229	3228	1	0	111	50	118	Iridian	Other	Illumina
040496115	10897	34524977	3035	3032	3	0	255	99	176	Iridian	Other	Illumina
040543055	81374497	98436986	3389	3271	12	106	0	1	69	Other	Other	HiFi
040670005	25988828	28510860	3385	3368	17	0	3	2	52	Other	Other	HiFi
040721615	2575	25515755	3145	3137	8	0	165	79	225	Iridian	Other	Illumina
040721755	10127	28536	2810	2801	9	0	460	108	117	Iridian	Other	Illumina
040782865	133608	130162285	3355	3323	27	5	21	13	70	Other	Other	Illumina
040798065	29899	71657691	3265	3258	1	6	96	29	101	Iridian	Other	Illumina
040802145	30221712	30221712	3388	3373	15	0	2	0	59	Other	Other	HiFi
040802205	40346097	140706300	3381	3334	15	32	3	6	63	Other	Other	HiFi
040802225	37407352	43064282	3371	3337	33	1	7	12	62	Other	Other	HiFi
040802235	61244301	141798549	3381	3355	13	13	3	6	52	Other	Other	HiFi
040802255	32618773	42303124	3365	3305	59	1	10	15	61	Other	Other	HiFi
040802735	40030226	98402768	3363	3339	23	1	10	17	68	Other	Other	HiFi
040805665	3773098	72684331	3299	3281	15	3	32	59	54	Other	Other	HiFi
040805835	33939210	34972419	3381	3348	30	3	6	3	49	Other	Other	HiFi
040805855	31114759	33683495	3285	3242	40	3	9	96	53	Other	Other	HiFi
040822015	95224248	95224248	3389	3319	9	61	0	1	62	Other	Other	CLR
040869115	64441000	140747000	3388	3376	5	7	1	1	61	Other	Other	HiFi
040869165	93890841	93890841	3370	3287	20	63	2	18	59	Other	Other	HiFi
040869175	55559406	141635559	3387	3251	8	128	1	2	68	Other	Other	HiFi
040869245	28731705	28731705	3387	3366	21	0	0	3	38	Other	Other	PacBio
040869305	13709620	13709620	3340	3248	21	71	24	25	108	Other	Other	ONT
040893125	1266225	1266225	3387	508	2878	1	0	3	119	Other	Other	PacBio
040893165	2091390	37198061	2946	2777	166	3	20	424	56	Other	Other	PacBio
040893245	4885811	125755317	3331	3222	19	90	11	48	101	Other	Other	HiFi
040894045	1922663	154771044	3350	3324	24	2	5	35	115	Other	Other	ONT
040938265	254716	254716	3303	3170	133	0	51	35	135	Other	Other	PacBio
040938555	324846	144088726	3374	3351	10	13	13	3	65	Other	Other	Illumina
040938815	329342	143641668	3372	3356	4	12	17	1	69	Other	Other	Illumina
040938825	331070	144638580	3371	3352	5	14	15	4	99	Other	Other	Illumina
040938845	143274	135435256	3301	3245	38	18	65	23	89	Other	Other	Illumina
040939265	1257906	1265754	3325	3250	9	66	54	11	348	Other	Other	ONT
040939325	13272692	13272692	3217	3112	73	32	38	135	80	Other	Other	HiFi
040939335	11508905	11508905	3285	3045	211	29	29	76	80	Other	Other	HiFi
040939455	102817952	105226355	3351	3211	32	108	6	33	65	Other	Other	HiFi
040939885	30602493	32140052	3387	3376	10	1	3	0	43	Other	Other	HiFi
040939985	927325	36075408	3211	3058	151	2	53	126	148	Other	Other	HiFi
040955035	5529297	5529297	3355	3259	96	0	14	21	64	Other	Other	HiFi
040955115	912851	912851	3240	2491	745	4	81	68	124	Other	Other	HiFi
040955195	228348	228348	3146	2971	175	0	109	133	132	Other	Other	HiFi
040955715	160087	160087	2905	2606	297	2	272	210	102	Other	Other	HiFi
040955725	590126	590126	3247	3221	25	1	67	76	116	Other	Other	HiFi
040955965	24129924	39377316	3353	3316	37	0	12	25	95	Other	Other	CLR
040956055	416568	13491165	3235	2993	241	1	52	103	132	Other	Other	HiFi
040966375	1700	14721	1276	1276	0	0	1519	570	382	Iridian	Other	Illumina
040966455	32761	74919736	3319	3317	0	2	60	11	64	Iridian	Other	Illumina
040966475	3700	10635942	2501	2495	6	0	598	285	285	Iridian	Other	Illumina
040966495	4090	65612328	3152	3152	0	0	178	59	271	Iridian	Other	Illumina
040966715	303	5056410	26	0	26	0	604	2759	299	Iridian	Other	Illumina
040966935	10518	32270190	3058	3055	3	0	231	101	168	Iridian	Other	Illumina
040966975	10098	31892025	3233	3232	1	0	109	48	110	Iridian	Other	Illumina
040966995	1226	11295	1340	1339	1	0	1475	548	353	Iridian	Other	Illumina
040967015	10489	32062518	3231	3230	1	0	111	48	117	Iridian	Other	Illumina
040967055	11237	35197318	3074	3071	3	0	221	95	155	Iridian	Other	Illumina
040967075	10117	32078995	3242	3241	1	0	107	41	115	Iridian	Other	Illumina
040967095	17254	71673111	3331	3327	1	3	39	20	67	Iridian	Other	Illumina
040967295	5568	20455585	3154	3150	4	0	140	93	191	Iridian	Other	Illumina
040967315	3333	14968648	2598	2591	5	2	541	246	363	Iridian	Other	Illumina
040967435	2259	4793	1708	1703	4	1	1101	569	374	Iridian	Other	Illumina
040967475	17888	86120851	3231	3229	2	0	112	45	50	Iridian	Other	Illumina
040967535	13859	87701373	3119	3118	1	0	229	42	122	Iridian	Other	Illumina
040967575	991	128169916	0	0	0	0	0	3390	1	Iridian	Other	Illumina
040967585	10712	23407	2071	2070	1	0	1054	246	122	Iridian	Other	Illumina
040967635	8380	21458	2006	2002	4	0	1128	240	126	Iridian	Other	Illumina
040967655	7949	87957880	3055	3054	1	0	227	105	187	Iridian	Other	Illumina
040967675	4344	45877457	3069	3064	5	0	188	132	260	Iridian	Other	Illumina
040967695	5127	24337974	2919	2918	1	0	311	158	278	Iridian	Other	Illumina
040967715	20448	86245389	3277	3274	3	0	101	12	80	Iridian	Other	Illumina
040967735	42184	49082711	3202	3196	6	0	166	22	76	Iridian	Other	Illumina
040967755	6534	31883422	3231	3226	5	0	112	47	122	Iridian	Other	Illumina
040967765	1436	74113692	1635	1634	1	0	1074	680	926	Iridian	Other	Illumina
040967795	6907	32029141	3213	3211	2	0	126	51	113	Iridian	Other	Illumina
040967815	19894	73518483	3246	3243	2	1	104	40	119	Iridian	Other	Illumina
040967835	53390	73451258	3280	3278	2	0	83	27	65	Iridian	Other	Illumina
040967855	39818	72491534	3319	3315	3	1	54	17	84	Iridian	Other	Illumina
040967875	44589	70763712	3279	3276	3	0	78	33	88	Iridian	Other	Illumina
040967895	563	17574797	1142	1141	1	0	1289	957	860	Iridian	Other	Illumina
040967915	13544	26763188	3319	3316	3	0	46	25	74	Iridian	Other	Illumina
040967935	7453	62507392	3332	3330	1	1	43	15	113	Iridian	Other	Illumina
041002825	10430310	10698729	3377	3341	36	0	4	9	251	Other	Other	PacBio
041004005	33988944	51572587	3387	3367	15	5	3	0	49	Other	Other	HiFi
041043685	35096	101016769	3339	3339	0	0	43	8	63	Iridian	Other	Illumina
041043765	12352	51682309	3232	3232	0	0	136	22	133	Iridian	Other	Illumina
041044985	24056	71962256	3322	3318	1	3	55	13	81	Iridian	Other	Illumina
041045025	2341	5732	1426	1415	10	1	1143	802	396	Iridian	Other	Illumina
041045045	32485	71327542	3322	3318	2	2	43	25	57	Iridian	Other	Illumina
041045085	843	1814163	2008	2006	2	0	852	529	736	Iridian	Other	Illumina
041045105	8236	62855977	3333	3328	4	1	41	16	95	Iridian	Other	Illumina
041045125	7158	61816144	3314	3312	1	1	49	27	94	Iridian	Other	Illumina
041051915	8285006	59429369	3362	2550	810	2	12	16	85	Other	Other	HiFi
041053085	11187421	32733951	3374	3336	38	0	6	10	58	Other	Other	HiFi
041053205	106628	12397575	3247	3228	18	1	112	31	75	Other	Other	Illumina
041053225	95614	72769352	3156	3086	70	0	199	33	85	Other	Other	Illumina
041053245	162250	3147863	3317	3312	4	1	47	26	71	Other	Other	Illumina
041053275	100121	2883131	3326	3319	7	0	45	19	68	Other	Other	Illumina
041080635	31028324	31028324	3303	3264	39	0	24	63	50	Other	Other	HiFi
041107575	3458	32587501	2641	2640	1	0	393	354	414	Iridian	Other	Illumina
041107595	769	3709792	75	66	9	0	384	2930	141	Iridian	Other	Illumina
041107615	36502	70093	3083	3071	12	0	251	53	74	Iridian	Other	Illumina
041107635	24232	25402777	3357	3352	5	0	20	11	65	Iridian	Other	Illumina
041107655	2455	33518740	2033	2028	5	0	811	545	495	Iridian	Other	Illumina
041107735	674	3784621	50	0	50	0	591	2748	240	Iridian	Other	Illumina
041107755	5497	75049723	2816	2809	5	2	356	216	322	Iridian	Other	Illumina
041107775	763	18323392	2091	2090	1	0	739	559	756	Iridian	Other	Illumina
041107795	449	68760852	629	629	0	0	1391	1369	792	Iridian	Other	Illumina
041107815	53131	71422152	3284	3276	5	3	69	37	80	Iridian	Other	Illumina
041107835	17402	71416307	3330	3325	3	2	42	18	78	Iridian	Other	Illumina
041107855	32357	72891703	3343	3338	3	2	35	11	63	Iridian	Other	Illumina
041107895	69975	70550583	3310	3306	4	0	62	17	74	Iridian	Other	Illumina
041107915	40403	71193495	3333	3329	2	2	36	21	78	Iridian	Other	Illumina
041107955	17682	65573805	3306	3304	2	0	73	11	105	Iridian	Other	Illumina
041107975	12091	20032015	0	0	0	0	0	3390	1	Iridian	Other	Illumina
041107995	5546	27139451	3195	3191	4	0	131	63	146	Iridian	Other	Illumina
041108035	35292	73187576	3341	3340	1	0	34	15	67	Iridian	Other	Illumina
041108055	1090	13596	1225	1223	2	0	1487	650	439	Iridian	Other	Illumina
041108075	281	5394403	43	43	0	0	570	2768	205	Iridian	Other	Illumina
041108095	12440	62083794	3325	3319	3	3	43	22	100	Iridian	Other	Illumina
041108115	6258	62568551	3303	3298	2	3	62	24	109	Iridian	Other	Illumina
041108135	11629	84384744	3261	3261	0	0	110	19	98	Iridian	Other	Illumina
041108155	3284	21548922	2864	2863	1	0	395	128	276	Iridian	Other	Illumina
041108175	4717	28483382	3296	3291	5	0	61	32	76	Iridian	Other	Illumina
041108195	1144	13260	1234	1231	3	0	1490	635	434	Iridian	Other	Illumina
041108215	304	3710223	34	34	0	0	744	2611	297	Iridian	Other	Illumina
041108235	916	17098013	2832	2828	4	0	317	239	448	Iridian	Other	Illumina
041108255	311	316	14	14	0	0	496	2865	9	Iridian	Other	Illumina
041108275	6974	24551378	3226	3224	2	0	111	53	140	Iridian	Other	Illumina
041108295	5078	67852564	3280	3278	2	0	86	23	162	Iridian	Other	Illumina
041108315	16178	62773967	3327	3324	2	1	44	19	75	Iridian	Other	Illumina
041108335	6376	63206254	3306	3298	5	3	62	22	100	Iridian	Other	Illumina
041108355	17472	41505694	3222	3218	4	0	110	58	64	Iridian	Other	Illumina
041108375	34017	73293257	3267	3263	2	2	92	30	84	Iridian	Other	Illumina
041108395	28858	73300378	3322	3318	4	0	53	14	84	Iridian	Other	Illumina
041108415	4717	63414263	3318	3316	2	0	54	18	118	Iridian	Other	Illumina
041108435	370	22000640	396	395	1	0	1433	1559	718	Iridian	Other	Illumina
041108455	364	816	45	45	0	0	786	2552	148	Iridian	Other	Illumina
041108475	3198	25204590	3129	3126	3	0	188	73	280	Iridian	Other	Illumina
041108845	313	7461	139	139	0	0	1274	1964	410	Iridian	Other	Illumina
041121725	102264554	102264554	3388	3279	13	96	0	2	71	Other	Other	HiFi
041146395	89959899	100874195	3373	3329	9	35	5	12	55	Other	Other	CLR
041146555	27807382	27807382	3387	3384	3	0	1	2	40	Other	Other	ONT
041146585	24664838	28194262	3363	3332	30	1	10	17	52	Other	Other	HiFi
041146785	23917531	29606180	3388	3375	12	1	2	0	49	Other	Other	HiFi
041146795	31124463	40684106	3382	3340	29	13	5	3	66	Other	Other	HiFi
041146805	6082643	28476877	3351	3325	25	1	5	34	140	Other	Other	ONT
041146915	22038010	22038010	3386	3376	10	0	2	2	48	Other	Other	ONT
041146955	16192419	21725047	3374	3312	62	0	6	10	75	Other	Other	ONT
041146965	21982	21982	2635	2626	8	1	619	130	62	Other	Other	Illumina
041146985	6864	6864	2115	2103	12	0	929	332	65	Other	Other	Illumina
041147005	28397	28397	2530	2522	8	0	709	140	57	Other	Other	Illumina
041147035	5937	5937	1709	1650	59	0	1191	467	62	Other	Other	Illumina
041154305	27788	20890746	3369	3340	13	16	11	10	67	Other	Other	Illumina
041154345	50896	1526648	3280	3155	125	0	85	22	208	Other	Other	Illumina
041156055	44730146	112334376	3389	3320	10	59	0	1	75	Other	Other	PacBio
041200155	1827993	42397162	3365	3328	37	0	7	18	71	Other	Other	PacBio
041221765	2055	46072247	3070	3065	5	0	166	153	324	Iridian	Other	Illumina
041221775	20448	72068559	3335	3330	2	3	37	18	82	Iridian	Other	Illumina
041221805	22117	64017836	3277	3268	9	0	84	29	100	Iridian	Other	Illumina
041221825	9032	62074713	3311	3307	2	2	53	26	97	Iridian	Other	Illumina
041221845	15398	63684622	3295	3292	2	1	60	35	80	Iridian	Other	Illumina
041221865	733	14546963	2326	2325	1	0	596	464	672	Iridian	Other	Illumina
041222355	44377000	138538352	3374	3297	14	63	3	13	60	Other	Other	HiFi
041222515	11100000	27861222	3375	3344	30	1	3	12	63	Other	Other	ONT
041295775	9637	15299242	2669	2662	7	0	515	200	125	Iridian	Other	Illumina
041295975	6107	7591	1156	1152	3	1	1513	696	213	Iridian	Other	Illumina
041295995	2159	21911252	2046	2028	16	2	722	619	504	Iridian	Other	Illumina
041296035	4677	35185431	2865	2860	5	0	349	175	237	Iridian	Other	Illumina
041296075	20049598	42906297	3371	3339	29	3	6	13	69	Other	Other	HiFi
041296105	17786	44373837	3258	3254	4	0	109	21	96	Iridian	Other	Illumina
041296155	6506	35763842	3315	3312	2	1	51	24	90	Iridian	Other	Illumina
041296175	4818	28678804	3226	3069	155	2	133	30	189	Iridian	Other	Illumina
041296225	133581	74350943	3372	3368	3	1	9	9	60	Other	Other	Illumina
041296235	102829910	101318199	3387	3350	18	19	2	1	54	Other	Other	PacBio
041296265	99223387	99223387	3387	3364	14	9	2	1	55	Other	Other	PacBio
041296385	17285536	68049500	3378	3356	21	1	1	11	53	Other	Other	HiFi
041380405	199700853	208671581	3369	3357	7	5	4	17	46	Other	Other	HiFi
041380415	41283358	41283358	3385	3372	13	0	3	2	49	Other	Other	HiFi
041380905	28355538	32220398	3376	3320	55	1	4	10	71	Other	Other	HiFi
041381325	72994	4484966	3340	3305	14	21	30	20	112	Other	Other	Illumina
041411175	40804240	47393752	3387	3346	41	0	1	2	51	Other	Other	HiFi
041429825	20992352	32265334	3375	3336	38	1	4	11	80	Other	Other	HiFi
041429955	50637186	50637186	3377	3308	17	52	6	7	57	Other	Other	ONT
041430065	16024791	26324942	3333	3105	227	1	7	50	62	Other	Other	HiFi
041430075	17083370	26681367	3359	3242	115	2	8	23	55	Other	Other	HiFi
041430245	998411	23438440	3158	2792	363	3	41	191	115	Other	Other	PacBio
041430395	2844713	646048006	3272	3243	26	3	41	77	67	Other	Other	HiFi
041430695	15899521	115205878	3351	3187	134	30	16	23	76	Other	Other	HiFi
041430785	12419652	25358741	3319	3291	27	1	13	58	72	Other	Other	CLR
041442495	1837	29329616	5	5	0	0	0	1	3	Iridian	Other	Illumina
041475435	26459013	26459013	3380	3350	27	3	3	7	60	Other	Other	CLR
041475455	9158923	31856746	3363	3313	49	1	10	17	586	Other	Other	Illumina
041475465	19391	29048704	3200	3170	25	5	116	74	82	Other	Other	Illumina
041682065	10576220	32286043	3319	3299	19	1	11	60	585	Other	Other	PacBio
041682375	1778749	1778749	3367	3356	11	0	11	12	75	Other	Other	ONT
041682435	3962172	4553319	3375	3365	10	0	4	11	74	Other	Other	ONT
041682515	26746068	28497978	3383	3376	7	0	4	3	46	Other	Other	ONT
041684075	37846384	44327078	3371	3334	36	1	4	15	50	Other	Other	ONT
041684115	29690824	40045890	3376	3325	50	1	4	10	57	Other	Other	CLR
041721565	360703	107795196	3369	3184	26	159	14	7	67	Other	Other	Illumina
041722995	90404876	222269761	3369	3332	31	6	6	15	42	Other	Other	HiFi
041723685	3119	4646	458	436	21	1	1252	1655	108	Iridian	Other	Illumina
041723705	370	7200	168	168	0	0	1327	1883	399	Iridian	Other	Illumina
041723725	1612	4145	1378	1371	6	1	1344	634	325	Iridian	Other	Illumina
041729645	27385863	138919861	3384	3366	14	4	5	1	297	Other	Other	CLR
041731235	6891	19213	1875	1873	2	0	1219	283	157	Iridian	Other	Illumina
041731255	5517	10875159	2790	2787	3	0	439	156	266	Iridian	Other	Illumina
041731295	1332	2664	1928	1891	37	0	987	457	317	Iridian	Other	Illumina
041731315	1283	26546411	2508	2506	2	0	546	336	556	Iridian	Other	Illumina
041731335	2440	29801607	2235	2231	4	0	691	463	546	Iridian	Other	Illumina
041731355	392	13843	413	412	1	0	1197	1766	393	Iridian	Other	Illumina
041731375	7819	61618970	3327	3323	2	2	39	24	84	Iridian	Other	Illumina
041731435	576	5789851	2138	2133	4	1	732	515	742	Iridian	Other	Illumina
041731455	275	3063804	22	22	0	0	459	2908	129	Iridian	Other	Illumina
041755345	7643048	44851428	3314	3284	28	2	13	63	59	Other	Other	HiFi
041757325	4250285	4250285	3381	3361	18	2	5	4	60	Other	Other	ONT
041765585	12963953	41794964	3357	3323	31	3	17	16	75	Other	Other	HiFi
041825415	75261663	94173463	3386	3362	5	19	2	2	70	Other	Other	ONT
041893435	5135385	6254503	3324	3311	10	3	20	46	109	Other	Other	CLR
041899965	102955487	145222850	3388	3326	26	36	1	1	46	Other	Other	HiFi
041899975	98166087	136342499	3346	3292	27	27	4	40	57	Other	Other	HiFi
041899985	107407794	133997970	3346	3293	25	28	4	40	52	Other	Other	HiFi
041899995	108750579	134466608	3389	3322	29	38	0	1	49	Other	Other	HiFi
041900015	112087724	133559377	3389	3324	27	38	0	1	50	Other	Other	HiFi
041900105	92247016	107656395	3389	3325	26	38	0	1	46	Other	Other	HiFi
041900145	133732469	134368155	3346	3292	27	27	4	40	59	Other	Other	HiFi
041900245	103282266	135153932	3386	3322	27	37	0	4	46	Other	Other	HiFi
041900265	135911756	154298688	3389	3326	26	37	0	1	47	Other	Other	HiFi
041920315	72465781	86588210	3383	3372	11	0	0	7	51	Other	Other	HiFi
041937265	54480439	143604440	3387	3374	7	6	1	2	49	Other	Other	HiFi
041950425	22715359	35118222	3367	3338	28	1	7	16	51	Other	Other	HiFi
042026455	114378716	135336959	3389	3326	27	36	0	1	47	Other	Other	HiFi
042026465	111735059	135329459	3389	3321	32	36	0	1	47	Other	Other	HiFi
042026475	133427943	137110937	3389	3326	28	35	0	1	45	Other	Other	HiFi
042026525	132654058	134039818	3389	3325	29	35	0	1	47	Other	Other	HiFi
042026535	118012399	139568241	3389	3327	25	37	0	1	48	Other	Other	HiFi
042027065	135373843	135672165	3382	3315	30	37	1	7	45	Other	Other	HiFi
042027095	111367101	146552655	3389	3328	26	35	0	1	46	Other	Other	HiFi
042027105	105542541	133602223	3389	3326	27	36	0	1	45	Other	Other	HiFi
042027145	122921261	137762049	3389	3325	28	36	0	1	42	Other	Other	HiFi
042027585	30546000	124437717	3377	3256	32	89	2	11	74	Other	Other	HiFi
042027635	98189854	111018164	3389	3325	27	37	0	1	46	Other	Other	HiFi
042027645	112182633	135056423	3389	3323	28	38	0	1	48	Other	Other	HiFi
042027655	122962790	133388926	3388	3324	26	38	0	2	47	Other	Other	HiFi
042027665	103201472	143688517	3389	3326	27	36	0	1	45	Other	Other	HiFi
042027765	135217153	146068781	3389	3325	28	36	0	1	44	Other	Other	HiFi
042028025	103265692	134334521	3386	3321	27	38	0	4	48	Other	Other	HiFi
042028065	133639950	146107598	3389	3326	26	37	0	1	47	Other	Other	HiFi
042028145	128806727	143670156	3389	3325	27	37	0	1	49	Other	Other	HiFi
042028155	103362516	134231696	3389	3326	27	36	0	1	49	Other	Other	HiFi
042028165	107606467	133337808	3389	3328	26	35	0	1	46	Other	Other	HiFi
042028835	133429102	135521074	3346	3290	28	28	4	40	56	Other	Other	HiFi
042028875	122374351	136413511	3389	3324	28	37	0	1	50	Other	Other	HiFi
042028895	134368275	154316515	3389	3326	26	37	0	1	45	Other	Other	HiFi
042028945	112305080	135357399	3389	3323	31	35	0	1	45	Other	Other	HiFi
042028975	111207802	133932905	3389	3329	25	35	0	1	45	Other	Other	HiFi
042029385	137661311	144520206	3389	3326	28	35	0	1	44	Other	Other	HiFi
042029485	134067740	137540951	3389	3327	26	36	0	1	49	Other	Other	HiFi
042029495	134010116	136857623	3389	3326	27	36	0	1	50	Other	Other	HiFi
042029535	96701097	132703527	3389	3324	28	37	0	1	47	Other	Other	HiFi
042029545	98811830	135595487	3389	3327	25	37	0	1	47	Other	Other	HiFi
042029645	103264327	136039179	3389	3326	25	38	0	1	46	Other	Other	HiFi
042029905	133531697	137169833	3389	3325	27	37	0	1	48	Other	Other	HiFi
042030135	106533774	136150118	3346	3287	31	28	4	40	61	Other	Other	HiFi
042030185	103331747	129552994	3389	3328	25	36	0	1	49	Other	Other	HiFi
042030225	98399380	110847098	3386	3324	25	37	0	4	45	Other	Other	HiFi
042030255	111307783	134227781	3388	3324	27	37	0	2	47	Other	Other	HiFi
042030595	97242840	133624777	3389	3329	25	35	0	1	46	Other	Other	HiFi
042030605	96619145	110597748	3388	3324	27	37	0	2	50	Other	Other	HiFi
042030635	119387471	133648505	3389	3326	25	38	0	1	48	Other	Other	HiFi
042030695	105215903	133552631	3389	3326	26	37	0	1	50	Other	Other	HiFi
042030705	135893483	146275380	3387	3325	26	36	1	2	45	Other	Other	HiFi
042030975	135094631	147832173	3389	3325	27	37	0	1	52	Other	Other	HiFi
042031315	110666499	110932151	3345	3292	25	28	5	40	57	Other	Other	HiFi
042031355	133294904	136513831	3389	3325	26	38	0	1	51	Other	Other	HiFi
042031415	102308763	122061971	3389	3324	27	38	0	1	49	Other	Other	HiFi
042031485	101134065	134494821	3389	3323	30	36	0	1	48	Other	Other	HiFi
042031775	134304874	145640313	3389	3325	28	36	0	1	47	Other	Other	HiFi
042031805	107506565	136434176	3387	3323	28	36	0	3	45	Other	Other	HiFi
042031845	134484557	134609686	3389	3325	27	37	0	1	47	Other	Other	HiFi
042031945	111420198	134147720	3389	3324	28	37	0	1	44	Other	Other	HiFi
042031955	111995602	134892869	3389	3327	25	37	0	1	50	Other	Other	HiFi
042032115	134846101	135478579	3389	3327	26	36	0	1	45	Other	Other	HiFi
042032335	127612055	130822804	3389	3327	26	36	0	1	47	Other	Other	HiFi
042034105	95048477	133984953	3389	3325	27	37	0	1	53	Other	Other	HiFi
042034145	111508531	134321373	3389	3326	27	36	0	1	44	Other	Other	HiFi
042034155	111115736	135338140	3389	3328	24	37	0	1	45	Other	Other	HiFi
042034175	133443848	134306596	3389	3328	25	36	0	1	45	Other	Other	HiFi
042034195	110344908	136321951	3389	3326	27	36	0	1	45	Other	Other	HiFi
042034335	138694996	138694996	3389	3323	30	36	0	1	46	Other	Other	HiFi
042034345	128660614	137210850	3389	3325	28	36	0	1	44	Other	Other	HiFi
042034525	130677170	146246866	3389	3330	24	35	0	1	49	Other	Other	HiFi
042034575	110294129	133468279	3389	3327	26	36	0	1	49	Other	Other	HiFi
042034585	111001097	138201436	3388	3322	28	38	1	1	46	Other	Other	HiFi
042035175	110975390	134504604	3389	3327	26	36	0	1	52	Other	Other	HiFi
042036105	109153622	135020942	3388	3324	28	36	0	2	42	Other	Other	HiFi
042036205	111328869	128314980	3389	3326	26	37	0	1	47	Other	Other	HiFi
042036245	103989823	124209027	3389	3329	23	37	0	1	47	Other	Other	HiFi
042036255	133532687	138710879	3389	3327	25	37	0	1	50	Other	Other	HiFi
042036275	107524252	135154786	3389	3326	26	37	0	1	47	Other	Other	HiFi
042036285	130919272	139467863	3389	3325	26	38	0	1	47	Other	Other	HiFi
042036305	91580421	133496569	3389	3323	28	38	0	1	50	Other	Other	HiFi
042036395	102731640	135436670	3389	3326	26	37	0	1	47	Other	Other	HiFi
042036425	102792675	130171955	3389	3326	26	37	0	1	50	Other	Other	HiFi
042036915	127334373	135255137	3389	3326	26	37	0	1	51	Other	Other	HiFi
042036935	107159283	147412894	3389	3327	25	37	0	1	50	Other	Other	HiFi
042037155	98033365	145941412	3389	3326	27	36	0	1	41	Other	Other	HiFi
042037225	113771190	136586003	3389	3326	27	36	0	1	45	Other	Other	HiFi
042037355	134675934	138005898	3389	3326	27	36	0	1	46	Other	Other	HiFi
042037435	123341742	146524297	3389	3326	25	38	0	1	49	Other	Other	HiFi
042037445	127569596	134740066	3389	3326	26	37	0	1	44	Other	Other	HiFi
042037555	133766909	140632703	3389	3325	27	37	0	1	46	Other	Other	HiFi
042037625	134247759	145461092	3389	3327	25	37	0	1	46	Other	Other	HiFi
042037705	125553825	137030409	3389	3325	28	36	0	1	49	Other	Other	HiFi
042037715	134855658	134855658	3389	3326	27	36	0	1	44	Other	Other	HiFi
042037735	119795150	134018886	3389	3328	26	35	0	1	47	Other	Other	HiFi
042038095	114546763	135676466	3389	3323	28	38	0	1	49	Other	Other	HiFi
042038345	129211965	139511608	3389	3326	26	37	0	1	50	Other	Other	HiFi
042038585	110829824	134456234	3389	3327	28	34	0	1	54	Other	Other	HiFi
042038595	129672142	136198776	3388	3322	27	39	0	2	50	Other	Other	HiFi
042076445	108563488	134910473	3346	3292	27	27	4	40	57	Other	Other	HiFi
042076455	133272142	139309162	3346	3290	27	29	4	40	58	Other	Other	HiFi
042076525	101995889	104558449	3341	3283	30	28	6	43	57	Other	Other	HiFi
042076545	106929703	133410738	3386	3322	28	36	0	4	50	Other	Other	HiFi
042076565	139361540	140541327	3389	3325	27	37	0	1	47	Other	Other	HiFi
042076685	135510334	145858383	3389	3324	28	37	0	1	48	Other	Other	HiFi
042076705	110973584	133600188	3389	3327	24	38	0	1	47	Other	Other	HiFi
042076715	133265195	154384493	3388	3323	29	36	0	2	49	Other	Other	HiFi
042076735	133359032	134693606	3388	3320	31	37	0	2	48	Other	Other	HiFi
042076825	134873989	146310804	3389	3328	25	36	0	1	47	Other	Other	HiFi
042076865	133172463	140503124	3388	3326	26	36	1	1	48	Other	Other	HiFi
042076875	95476640	128942370	3389	3325	28	36	0	1	49	Other	Other	HiFi
042076885	132182243	137138020	3388	3321	30	37	1	1	49	Other	Other	HiFi
042077095	120995922	154688120	3382	3318	25	39	0	8	47	Other	Other	HiFi
042077135	111110023	134108137	3389	3325	26	38	0	1	49	Other	Other	HiFi
042077145	111514476	133547253	3389	3326	28	35	0	1	43	Other	Other	HiFi
042077165	108532765	133151388	3389	3323	30	36	0	1	48	Other	Other	HiFi
042077185	111575001	146566796	3389	3324	28	37	0	1	47	Other	Other	HiFi
042077285	111250450	134877616	3389	3324	29	36	0	1	52	Other	Other	HiFi
042077305	133930769	137595772	3388	3325	27	36	1	1	48	Other	Other	HiFi
042077325	108288254	108288254	3389	3324	27	38	0	1	46	Other	Other	HiFi
042077335	124094187	134679219	3389	3328	25	36	0	1	44	Other	Other	HiFi
042077345	99567452	114186492	3389	3328	25	36	0	1	48	Other	Other	HiFi
042077425	92895014	134817384	3388	3324	27	37	0	2	47	Other	Other	HiFi
042077465	135052193	135393057	3388	3327	24	37	0	2	49	Other	Other	HiFi
042077705	101045337	109376360	3389	3324	28	37	0	1	46	Other	Other	HiFi
042077735	135341326	135341326	3389	3324	27	38	0	1	45	Other	Other	HiFi
042077745	108605997	134178702	3387	3324	26	37	1	2	48	Other	Other	HiFi
042077765	132891317	134860118	3389	3328	25	36	0	1	44	Other	Other	HiFi
042077855	146412853	154814317	3386	3324	27	35	0	4	48	Other	Other	HiFi
042077875	107211229	146468527	3389	3325	27	37	0	1	43	Other	Other	HiFi
042077885	128757022	136057803	3387	3319	31	37	0	3	47	Other	Other	HiFi
042077995	135982360	135982360	3389	3324	27	38	0	1	46	Other	Other	HiFi
042186555	3396515	691824178	3221	3169	31	21	52	117	85	Other	Other	CLR
042257475	19951807	114541579	3343	3338	4	1	7	40	56	Other	Other	ONT
042310395	25850940	27090935	3363	3353	10	0	2	25	60	Other	Other	PacBio
042477295	18795193	75915673	3378	3342	34	2	4	8	50	Other	Other	HiFi
042477495	574159	40451533	3336	3333	3	0	29	25	108	Other	Other	PacBio
042478095	31429927	85018818	3386	3380	5	1	2	2	57	Other	Other	ONT
042478105	262190	58154731	3356	3349	3	4	18	16	54	Other	Other	Illumina
042479465	2591882	36449184	3335	3278	55	2	21	34	79	Other	Other	HiFi
042767175	11483551	29922043	3373	146	3222	5	5	12	162	Other	Other	CLR
042767315	23738801	45866664	3363	3333	30	0	6	21	59	Other	Other	HiFi
042768445	46676287	63288026	3388	3235	31	122	0	2	81	Other	Other	HiFi
042823925	9351352	28908071	3369	3347	22	0	4	17	113	Other	Other	HiFi
042835985	42595358	101253643	3384	3312	8	64	3	3	81	Other	Other	ONT
042847805	7160927	7160927	3370	3362	7	1	5	15	102	Other	Other	ONT
042902745	269	10156440	11	11	0	0	337	3041	91	Iridian	Other	Illumina
042902775	5745	6586	1342	1339	1	2	1405	614	146	Iridian	Other	Illumina
042902795	6220	7030	1360	1358	2	0	1368	641	123	Iridian	Other	Illumina
042902815	5757	6516	1331	1327	3	1	1387	649	140	Iridian	Other	Illumina
042902835	4241	5231	912	908	3	1	1478	967	187	Iridian	Other	Illumina
042902855	1814	15618	1349	1344	4	1	1483	541	302	Iridian	Other	Illumina
042902875	5421	6228	1314	1314	0	0	1373	669	134	Iridian	Other	Illumina
042902895	3283	3774	708	707	1	0	1531	1116	230	Iridian	Other	Illumina
042919465	67659624	110510357	3376	3320	9	47	7	7	58	Other	Other	PacBio
042932815	2366166	2366166	3281	3260	19	2	36	73	156	Other	Other	PacBio
042985785	74264	71597153	3248	3232	16	0	33	109	95	Other	Other	Illumina
043090225	2957	242524223	2850	2843	3	4	334	204	410	Iridian	Other	Illumina
043090385	8487	13094	1750	1746	3	1	1198	429	170	Iridian	Other	Illumina
043090425	9578	12659	1569	1565	2	2	1316	484	179	Iridian	Other	Illumina
043090505	3239	3546	551	551	0	0	1500	1296	160	Iridian	Other	Illumina
043090545	3727	4104	828	823	4	1	1485	1034	149	Iridian	Other	Illumina
043090665	4522	198463375	2776	2769	4	3	423	189	412	Iridian	Other	Illumina
043090695	4954	5615	1151	1145	3	3	1458	747	152	Iridian	Other	Illumina
043090765	9295	14675	1772	1771	1	0	1160	439	177	Iridian	Other	Illumina
043090785	17441	31166	2175	2169	5	1	913	292	95	Iridian	Other	Illumina
043090795	11825	16266	1667	1665	0	2	1268	435	148	Iridian	Other	Illumina
043090905	10951	18085	1937	1931	6	0	1099	340	136	Iridian	Other	Illumina
043090945	10734	157335117	2475	2474	0	1	679	230	238	Iridian	Other	Illumina
043090965	13447	32277	2081	2077	2	2	1009	284	133	Iridian	Other	Illumina
043090985	12629	19844	2084	2080	4	0	984	310	148	Iridian	Other	Illumina
043091005	5233	5858	930	930	0	0	1486	942	140	Iridian	Other	Illumina
043091105	18772	14620423	2765	2758	7	0	364	253	99	Iridian	Other	Illumina
043091225	7195	8258	1325	1321	3	1	1365	672	113	Iridian	Other	Illumina
043091265	5289	5989	1028	1028	0	0	1504	827	126	Iridian	Other	Illumina
043109815	3698	137646	1720	1710	10	0	1220	440	292	Iridian	Other	Illumina
043109885	3140	14059	1636	1635	1	0	1375	354	216	Iridian	Other	Illumina
043110025	5338	5950	1022	1021	1	0	1503	828	150	Iridian	Other	Illumina
043110085	3951	4500	1094	1092	2	0	1470	795	132	Iridian	Other	Illumina
043110175	3402	13343	1761	1759	2	0	1285	324	182	Iridian	Other	Illumina
043110845	782	11363340	2507	2502	5	0	546	337	616	Iridian	Other	Illumina
043110865	312	396	27	25	2	0	378	2983	27	Iridian	Other	Illumina
043110945	3313	3842	737	736	1	0	1487	1137	251	Iridian	Other	Illumina
043111055	1074	1228	232	230	1	1	1263	1876	178	Iridian	Other	Illumina
043111265	2890	3294	643	643	0	0	1519	1191	230	Iridian	Other	Illumina
043111325	5106	5707	1132	1123	6	3	1444	789	150	Iridian	Other	Illumina
043172655	4848884	4923412	3342	3019	323	0	10	38	83	Other	Other	CLR
043251655	1586978	101660362	3360	3308	15	37	15	15	262	Other	Other	ONT
043304515	137509463	137926097	3389	3328	26	35	0	1	48	Other	Other	HiFi
043304525	111469595	135013515	3389	3327	26	36	0	1	45	Other	Other	HiFi
043304535	134609164	139868663	3386	3323	27	36	0	4	51	Other	Other	HiFi
043304965	134030441	140582321	3388	3325	26	37	0	2	46	Other	Other	HiFi
043380555	9298000	76394082	3353	3323	28	2	10	27	72	Other	Other	HiFi
043380575	15716625	56827445	3381	3379	2	0	5	4	54	Other	Other	ONT
043380585	9330433	9330433	3317	3048	56	213	21	51	96	Other	Other	HiFi
043380785	15609620	15609620	3327	3047	57	223	13	48	86	Other	Other	HiFi
043381225	2095577	2095577	3361	3326	32	3	16	13	96	Other	Other	HiFi
043381625	20273516	34107232	3385	3369	16	0	5	0	49	Other	Other	HiFi
043388385	44092975	44092975	3386	3377	8	1	3	1	50	Other	Other	HiFi
043388395	875493	875493	3329	3304	25	0	22	39	83	Other	Other	HiFi
043388435	120487	43192241	3293	3288	5	0	73	24	61	Other	Other	BGI
043643345	20200000	103884935	3353	3292	9	52	5	32	143	Other	Other	CLR
043643375	4829010	42924531	3383	3323	59	1	4	3	64	Other	Other	ONT
043643385	14096519	278718720	3238	3229	7	2	9	143	585	Other	Other	PacBio
043643405	5941041	40795379	3373	3251	121	1	5	12	53	Other	Other	ONT
043643935	55002865	65741809	3386	3303	14	69	2	2	67	Other	Other	HiFi
043647535	3694337	31867360	3355	3326	28	1	12	23	98	Other	Other	HiFi
043656425	9422	14924	1870	1866	4	0	1121	384	176	Iridian	Other	Illumina
043656515	6567	31409699	3288	3280	7	1	78	23	126	Iridian	Other	Illumina
043656535	12469	22087	2162	2156	5	1	943	266	127	Iridian	Other	Illumina
043656835	3704	4078	864	861	2	1	1432	1061	157	Iridian	Other	Illumina
043656995	4635	5914	1254	1254	0	0	1461	650	163	Iridian	Other	Illumina
043658175	12407	53859835	3221	3219	2	0	114	54	143	Iridian	Other	Illumina
043658195	8304	28935097	3315	3313	1	1	48	27	72	Iridian	Other	Illumina
043658215	15284	72798915	3330	3328	2	0	42	18	82	Iridian	Other	Illumina
043658235	5511	35751870	3357	3353	2	2	26	7	101	Iridian	Other	Illumina
043658255	6884	33089711	3273	3272	1	0	79	38	129	Iridian	Other	Illumina
043658275	6368	7226	1373	1370	1	2	1340	650	133	Iridian	Other	Illumina
043658295	4488	21950268	2620	2611	9	0	565	202	257	Iridian	Other	Illumina
043658335	6766	8583	2051	2038	13	0	972	354	89	Iridian	Other	Illumina
043658355	8095	21550982	3069	3061	8	0	228	93	133	Iridian	Other	Illumina
043658435	4696	24042734	2668	2655	13	0	508	207	255	Iridian	Other	Illumina
043660495	487	508	157	146	11	0	354	2878	21	Iridian	Other	Illumina
043727885	1184931	1184931	3223	3163	9	51	69	96	75	Other	Other	HiFi
043774065	2381121	68769662	3370	1742	1625	3	14	6	84	Other	Other	HiFi
043774175	13046376	74144985	3355	3351	3	1	6	29	60	Other	Other	HiFi
043774345	13054129	26111916	3380	3370	10	0	5	5	66	Other	Other	HiFi
043774495	7148760	393506142	3261	3217	36	8	57	72	57	Other	Other	HiFi
043789705	3273642	3273642	3329	3239	86	4	23	38	51	Other	Other	HiFi
043789745	2130818	2130818	3298	3192	102	4	44	48	56	Other	Other	HiFi
043789995	26317920	85629357	3388	3384	4	0	0	2	44	Other	Other	HiFi
043790415	28393467	29673730	3343	1500	1837	6	14	33	85	Other	Other	HiFi
043790635	2391995	27834403	3348	3314	34	0	19	23	135	Other	Other	HiFi
043791845	47998242	58673832	3382	1665	1712	5	0	8	91	Other	Other	CLR
043792745	49788210	127881904	3383	3267	22	94	1	6	67	Other	Other	HiFi
043793115	45942035	127549461	3383	3270	17	96	1	6	76	Other	Other	HiFi
043880055	18815405	23853725	3304	3291	10	3	26	60	114	Other	Other	CLR
043882065	22899000	33108324	3357	3315	39	3	14	19	68	Other	Other	ONT
043882115	110926873	110926873	3390	3327	12	51	0	0	66	Other	Other	HiFi
043882185	83404521	148486316	3387	3344	24	19	1	2	48	Other	Other	HiFi
043882375	164437	69550540	3332	3324	8	0	44	14	51	Other	Other	Illumina
043882965	9769554	98344793	3371	3303	33	35	3	16	68	Other	Other	HiFi
043972725	65506188	139350059	3383	3266	22	95	1	6	74	Other	Other	HiFi
044007635	37228	73071841	3331	3327	3	1	43	16	75	Iridian	Other	Illumina
044007755	11362	25794195	3251	3232	17	2	79	60	91	Iridian	Other	Illumina
044007775	6110	6343	812	810	1	1	1639	911	38	Iridian	Other	Illumina
044007875	10412	10851	1514	1511	3	0	1370	493	34	Iridian	Other	Illumina
044008015	4169	4321	631	627	3	1	1588	1139	43	Iridian	Other	Illumina
044008395	4577	5408	1000	998	1	1	1418	935	195	Iridian	Other	Illumina
044008435	2120	2153	379	377	2	0	1472	1501	35	Iridian	Other	Illumina
044008735	2982	3039	482	480	2	0	1576	1290	40	Iridian	Other	Illumina
044009215	2263	2350	457	453	3	1	1593	1305	47	Iridian	Other	Illumina
044048495	5352689	14872000	3332	3278	53	1	20	38	72	Other	Other	HiFi
044048945	80435237	215448047	3389	3363	10	16	0	1	148	Other	Other	ONT
044048985	63178201	65615805	3389	3304	14	71	0	1	63	Other	Other	HiFi
044164665	133337158	137038241	3389	3327	27	35	0	1	44	Other	Other	HiFi
044164695	116106248	133821624	3389	3325	28	36	0	1	48	Other	Other	HiFi
044164705	111113045	145166998	3388	3324	27	37	1	1	50	Other	Other	HiFi
044164725	134371020	153959892	3389	3327	25	37	0	1	48	Other	Other	HiFi
044164745	119660345	136532944	3389	3329	25	35	0	1	44	Other	Other	HiFi
044165085	112832619	146097210	3389	3328	25	36	0	1	46	Other	Other	HiFi
044165565	135202540	146562156	3389	3323	29	37	0	1	49	Other	Other	HiFi
044165595	133652110	135326271	3389	3324	28	37	0	1	49	Other	Other	HiFi
044165645	120050300	135022139	3389	3328	26	35	0	1	47	Other	Other	HiFi
044165725	111681782	135869566	3389	3326	26	37	0	1	50	Other	Other	HiFi
044165925	108190518	138866811	3389	3324	28	37	0	1	47	Other	Other	HiFi
044166065	102806034	133267414	3389	3325	26	38	0	1	46	Other	Other	HiFi
044166135	116604358	134780398	3389	3326	27	36	0	1	49	Other	Other	HiFi
044166285	112262779	134827433	3346	3292	27	27	4	40	59	Other	Other	HiFi
044166315	143882573	155316348	3389	3323	28	38	0	1	49	Other	Other	HiFi
044166435	101885089	133510924	3346	3292	27	27	4	40	58	Other	Other	HiFi
044166465	133411682	134719390	3389	3324	29	36	0	1	48	Other	Other	HiFi
044166515	108060633	146364341	3387	3325	26	36	0	3	42	Other	Other	HiFi
044166765	111694659	154595248	3389	3323	30	36	0	1	48	Other	Other	HiFi
044166785	132113927	146698031	3389	3326	27	36	0	1	46	Other	Other	HiFi
044166805	133597816	135426305	3389	3327	27	35	0	1	47	Other	Other	HiFi
044167235	133888901	134149434	3389	3325	27	37	0	1	49	Other	Other	HiFi
044231825	72849686	92211068	3378	3243	65	70	1	11	99	Other	Other	ONT
044232475	68375	95950304	2898	2889	4	5	104	387	97	Other	Other	Illumina
044335405	8372	10563	1452	1449	2	1	1370	546	190	Iridian	Other	Illumina
044335425	6059	6988	1178	1176	2	0	1434	746	150	Iridian	Other	Illumina
044335435	10270	15068	1851	1845	5	1	1121	401	138	Iridian	Other	Illumina
044335465	5582	6252	1027	1026	1	0	1433	898	142	Iridian	Other	Illumina
044335485	1940	2090	690	688	1	1	1475	1193	164	Iridian	Other	Illumina
044335585	3972	4352	900	900	0	0	1478	978	155	Iridian	Other	Illumina
044473165	19265	11158936	2416	2403	6	7	753	212	117	Iridian	Other	Illumina
044474225	2851	4506	1640	1631	9	0	1205	529	116	Iridian	Other	Illumina
044474325	5676	20583627	2933	2927	6	0	347	108	161	Iridian	Other	Illumina
044474425	3892	4345	931	928	2	1	1480	957	153	Iridian	Other	Illumina
044474665	3455	20351612	2621	2609	12	0	531	236	280	Iridian	Other	Illumina
044474745	3405	16724046	2785	2775	9	1	424	180	246	Iridian	Other	Illumina
044474985	2324	23803954	2853	2848	5	0	349	185	342	Iridian	Other	Illumina
044509165	44022992	126147252	3375	3351	8	16	9	6	91	Other	Other	ONT
044509215	87100104	95054493	3389	3315	13	61	0	1	65	Other	Other	HiFi
044587765	181162	181162	3094	2845	248	1	113	182	199	Other	Other	HiFi
044587905	34222907	99560880	3389	3278	51	60	0	1	96	Other	Other	HiFi
044587935	72119804	95120486	3389	3307	15	67	0	1	84	Other	Other	HiFi
044587945	67646455	93662810	3360	3248	53	59	2	28	65	Other	Other	HiFi
044588015	79363757	95110743	3372	3296	11	65	0	18	64	Other	Other	HiFi
044628515	11306	11832	1548	1546	2	0	1338	484	47	Iridian	Other	Illumina
044628595	10223	15994	2087	2080	7	0	988	309	178	Iridian	Other	Illumina
044629035	2582	2633	404	401	1	2	1572	1377	37	Iridian	Other	Illumina
044665705	49201	186607134	3271	3232	16	23	45	74	100	Other	Other	Illumina
044705665	4880914	16586233	3348	3329	18	1	8	34	72	Other	Other	PacBio
044705685	4252055	15223323	3360	3336	23	1	12	18	74	Other	Other	PacBio
044706065	29070069	31137864	3389	3375	14	0	1	0	67	Other	Other	HiFi
044706155	21286781	21286781	3318	3295	23	0	16	56	79	Other	Other	HiFi
044706345	812674	30944019	3162	2315	840	7	101	127	1824	Other	Other	HiFi
044707015	2201422	35223041	3354	3303	47	4	14	22	80	Other	Other	HiFi
044707075	16372	111335768	3336	3321	14	1	39	15	74	Other	Other	Illumina
044721935	24266509	24266509	3376	699	2672	5	3	11	102	Other	Other	HiFi
044758155	4629	91425632	2977	2972	5	0	316	94	300	Iridian	Other	Illumina
044758175	14238	84182022	3182	3179	2	1	167	41	118	Iridian	Other	Illumina
044758195	7809	118976305	3346	3339	3	4	36	8	73	Iridian	Other	Illumina
044758215	4073	4249	537	534	3	0	1626	1181	34	Iridian	Other	Illumina
044758235	11095	36759651	3194	3191	3	0	158	37	97	Iridian	Other	Illumina
044758255	13305	56622917	3209	3206	3	0	139	38	99	Iridian	Other	Illumina
044758275	8403	21311512	3072	3067	5	0	235	81	143	Iridian	Other	Illumina
044758295	11604	103230343	3341	3337	3	1	39	10	64	Iridian	Other	Illumina
044758425	2696	2774	449	447	1	1	1582	1313	59	Iridian	Other	Illumina
044758445	3087	3186	605	603	2	0	1624	1130	50	Iridian	Other	Illumina
044758465	3308	3402	522	522	0	0	1568	1266	38	Iridian	Other	Illumina
044758485	1689	1730	283	282	1	0	1395	1680	46	Iridian	Other	Illumina
044758505	12160	117835617	3346	3344	1	1	37	7	75	Iridian	Other	Illumina
044758525	2761	2817	385	381	3	1	1491	1484	31	Iridian	Other	Illumina
044758545	1438	1469	260	259	1	0	1200	1893	28	Iridian	Other	Illumina
044758565	2458	2761	2434	2249	175	10	754	191	93	Iridian	Other	Illumina
044758585	10942	71634970	3325	3316	7	2	42	23	125	Iridian	Other	Illumina
044758605	2232	2318	483	480	3	0	1561	1310	63	Iridian	Other	Illumina
044758625	2710	59856	2936	2924	11	1	323	126	190	Iridian	Other	Illumina
044758645	2593	2667	237	64	173	0	1193	1929	41	Iridian	Other	Illumina
044758665	10504	10946	1543	1539	4	0	1333	494	46	Iridian	Other	Illumina
044758685	7384	121635646	3181	3177	1	3	171	38	187	Iridian	Other	Illumina
044758705	9223	11133	1535	1533	2	0	1349	480	138	Iridian	Other	Illumina
044758725	6897	8507	1279	1276	3	0	1455	632	207	Iridian	Other	Illumina
044758745	2720	3012	858	855	3	0	1521	973	132	Iridian	Other	Illumina
044758765	2446	13456853	2845	2840	5	0	407	135	233	Iridian	Other	Illumina
044758785	3329	14117	2788	2782	6	0	426	172	246	Iridian	Other	Illumina
044758805	382	395	40	40	0	0	963	2364	27	Iridian	Other	Illumina
044758825	2635	2700	335	332	2	1	1408	1606	31	Iridian	Other	Illumina
044758845	3910	21779748	2917	2909	8	0	346	121	211	Iridian	Other	Illumina
044758865	5245	5986	938	934	3	1	1607	826	144	Iridian	Other	Illumina
044758885	3053	3373	653	651	2	0	1461	1244	163	Iridian	Other	Illumina
044758895	2701	2763	358	356	2	0	1494	1499	28	Iridian	Other	Illumina
044885105	60509936	184650038	3367	3304	10	53	8	15	88	Other	Other	ONT
044885175	1806733	42668771	3363	3309	53	1	10	17	234	Other	Other	PacBio
044905845	6730906	16624894	3367	3338	27	2	9	14	76	Other	Other	CLR
044906105	43824660	140102113	3387	3375	7	5	2	1	68	Other	Other	HiFi
044906185	47507740	138906736	3380	3368	7	5	2	8	55	Other	Other	HiFi
045033375	42145	73202951	3345	3344	1	0	32	13	78	Iridian	Other	Illumina
045033455	18848	64265419	3356	3355	1	0	22	12	70	Iridian	Other	Illumina
045033475	18797	64503151	3354	3353	1	0	22	14	84	Iridian	Other	Illumina
045269165	15476969	71112957	3348	3341	4	3	6	36	59	Other	Other	PacBio
045269445	71686117	101212947	3388	3264	15	109	1	1	73	Other	Other	ONT
045269775	74966670	109969818	3368	3355	10	3	8	14	51	Other	Other	ONT
045270155	1062	11999	880	879	1	0	1474	1019	432	Other	Other	PacBio
045281155	3442275	72190781	3364	3354	6	4	10	16	71	Other	Other	PacBio
045298695	19894845	82897315	3389	3382	7	0	0	1	81	Other	Other	ONT
045298715	2358870	119829018	3369	3348	8	13	5	16	145	Other	Other	ONT
045523085	134782105	134782105	3389	3327	25	37	0	1	49	Other	Other	HiFi
045523115	133196295	145637896	3344	3289	27	28	5	41	57	Other	Other	HiFi
045523135	103527612	135095353	3389	3325	27	37	0	1	51	Other	Other	HiFi
045524125	134573075	138260617	3346	3295	26	25	4	40	61	Other	Other	HiFi
045524245	124502371	138774716	3346	3290	28	28	4	40	58	Other	Other	HiFi
045679555	2112528	59638343	3378	1926	1446	6	3	9	65	Other	Other	ONT
045687965	41701269	139969333	3380	3300	16	64	2	8	51	Other	Other	HiFi
045687995	43604662	139830128	3380	3299	16	65	2	8	54	Other	Other	HiFi
045688005	42620618	138878041	3380	3302	16	62	2	8	49	Other	Other	HiFi
045718405	4190	4309	2662	2094	556	12	593	129	75	Iridian	Other	Illumina
045781865	29983000	29983000	3371	1099	2270	2	7	12	95	Other	Other	HiFi
045781875	29997655	29997655	3371	1094	2275	2	7	12	98	Other	Other	HiFi
045781885	42828344	42828344	3349	3333	15	1	14	27	65	Other	Other	HiFi
045781935	107406	6761255	3079	3058	20	1	250	59	74	B10K	Other	BGI
045781965	56956	1760437	2696	2648	48	0	572	118	90	B10K	Other	BGI
045782065	102426	9198428	3218	3052	166	0	141	30	58	B10K	Other	BGI
045782145	60686	111739	3052	3032	19	1	291	46	59	B10K	Other	BGI
045782155	22033	30272	1897	1893	4	0	1136	345	78	B10K	Other	BGI
045782225	11644	12919	1855	1853	2	0	1113	401	61	B10K	Other	BGI
045782245	42255	53404	2774	2761	11	2	462	146	70	B10K	Other	BGI
045782365	95490	353088	3060	3041	18	1	276	49	71	B10K	Other	BGI
045782425	51776	72423	2666	2650	16	0	574	142	74	B10K	Other	BGI
045782465	22182	27404	2502	2482	20	0	662	215	65	B10K	Other	BGI
045782485	21840	25557	1990	1988	2	0	1118	264	67	B10K	Other	BGI
045782545	105512	6063433	2911	2862	49	0	370	107	73	B10K	Other	BGI
045782655	100986	579100	3089	3082	7	0	246	53	68	B10K	Other	BGI
045782705	67230	642128	2978	2962	16	0	284	125	77	B10K	Other	BGI
045782775	149537	2595176	3167	3127	40	0	185	37	63	B10K	Other	BGI
045782795	110467	7739997	3150	3056	92	2	153	83	84	B10K	Other	BGI
045782875	108296	12171760	3170	3163	7	0	151	67	81	B10K	Other	BGI
045782915	34215	39932	2459	2445	13	1	762	158	50	B10K	Other	BGI
045782955	83620	18243665	3146	3134	12	0	177	66	68	B10K	Other	BGI
045782995	89228	6235293	3078	2898	180	0	221	90	81	B10K	Other	BGI
045783035	85949	10105715	3206	3160	45	1	123	59	88	B10K	Other	BGI
045783075	169066	12360210	3281	3272	8	1	71	38	65	B10K	Other	BGI
045783095	113848	11694799	3072	3009	60	3	238	78	81	B10K	Other	BGI
045783115	142367	6035664	3146	3106	37	3	174	68	76	B10K	Other	BGI
045783135	130845	10431334	3153	3098	55	0	182	53	72	B10K	Other	BGI
045783155	134332	1575096	3085	3057	28	0	248	52	67	B10K	Other	BGI
045783175	83318	2634862	2957	2922	32	3	333	96	103	B10K	Other	BGI
045783195	39946	47124	2651	2642	9	0	602	126	73	B10K	Other	BGI
045783215	47540	52871	2806	2800	6	0	471	98	61	B10K	Other	BGI
045783235	109365	8779398	3195	3183	12	0	128	66	70	B10K	Other	BGI
045783255	111867	5768714	3174	3152	22	0	161	53	77	B10K	Other	BGI
045783275	67884	238260	2986	2967	18	1	301	102	80	B10K	Other	BGI
045783295	46175	624178	2848	2839	9	0	402	137	99	B10K	Other	BGI
045783315	67560	2794689	3137	3120	17	0	217	36	77	B10K	Other	BGI
045783335	61599	241975	2914	2905	9	0	384	84	60	B10K	Other	BGI
045783345	40587	50089	2725	2721	4	0	566	95	60	B10K	Other	BGI
045783375	64376	1512853	2942	2933	6	3	330	115	85	B10K	Other	BGI
045783395	42394	48958	2791	2779	12	0	499	99	68	B10K	Other	BGI
045783415	90271	3369920	2987	2696	289	2	298	100	92	B10K	Other	BGI
045783435	37754	62072	2928	2921	6	1	404	58	70	B10K	Other	BGI
045783455	42454	351782	2730	2713	17	0	546	109	95	B10K	Other	BGI
045783475	10393	11854	2038	2026	12	0	932	399	68	B10K	Other	BGI
045783495	153120	16446146	3238	3223	15	0	97	55	58	B10K	Other	BGI
045783515	164906	18951753	3270	3259	11	0	82	38	64	B10K	Other	BGI
045783535	203493	16310863	3316	3312	4	0	56	18	56	B10K	Other	BGI
045783555	110349	656191	3039	3023	16	0	286	62	66	B10K	Other	BGI
045783575	63435	1783715	3048	3041	7	0	290	51	77	B10K	Other	BGI
045783595	137750	7134027	3267	3237	26	4	77	46	66	B10K	Other	BGI
045783615	14400	15662	1797	1794	3	0	1203	368	86	B10K	Other	BGI
045783665	210942	16872165	3302	3064	238	0	67	20	63	B10K	Other	BGI
045783775	208743	17826151	3329	3319	10	0	50	11	48	B10K	Other	BGI
045783825	151702	591488	3269	3253	16	0	94	26	49	B10K	Other	BGI
045783995	91531	12676612	3159	2987	170	2	165	64	80	B10K	Other	BGI
045784015	95183	9951184	3214	3037	176	1	147	27	64	B10K	Other	BGI
045784095	82611	17285342	3180	3176	4	0	180	29	76	B10K	Other	BGI
045784135	151996	8963469	3159	3072	87	0	154	77	92	B10K	Other	BGI
045784155	211952	11567451	3328	3230	98	0	51	11	57	B10K	Other	BGI
045784235	146435	29315148	3181	3167	14	0	153	56	73	B10K	Other	BGI
045784265	112168	10322531	3251	3244	7	0	119	20	65	B10K	Other	BGI
045784345	141933	7111233	3234	3199	35	0	101	52	89	B10K	Other	BGI
045784365	71776	1119356	2876	2861	15	0	413	98	77	B10K	Other	BGI
045784405	51463	60479	2899	2892	7	0	404	83	64	B10K	Other	BGI
045784445	99951	8577021	2929	2798	131	0	374	82	79	B10K	Other	BGI
045784465	145503	13620097	3108	3093	15	0	231	50	73	B10K	Other	BGI
045784505	86252	12640046	3091	3070	21	0	247	51	73	B10K	Other	BGI
045784545	10868	11554	1560	1553	6	1	1347	463	70	B10K	Other	BGI
045784585	197889	10156871	3329	3322	7	0	53	8	63	B10K	Other	BGI
045784605	192718	1679674	3280	3267	13	0	94	13	58	B10K	Other	BGI
045784645	168683	6647627	3320	3304	16	0	62	8	56	B10K	Other	BGI
045784665	121462	6268521	3119	2965	152	2	196	69	84	B10K	Other	BGI
045784685	186722	834646	3265	3253	12	0	108	15	60	B10K	Other	BGI
045784705	98051	13515120	3027	2677	349	1	258	102	89	B10K	Other	BGI
045784765	192469	16247038	3337	3332	5	0	43	10	51	B10K	Other	BGI
045784845	37298	40359	2456	2452	4	0	766	161	71	B10K	Other	BGI
045784865	76081	9408052	2908	2817	88	3	362	113	85	B10K	Other	BGI
045784885	121829	8815111	3118	3013	104	1	192	76	90	B10K	Other	BGI
045784905	61455	6824423	2777	2709	66	2	446	164	104	B10K	Other	BGI
045784925	36626	41321	2117	2100	15	2	857	400	99	B10K	Other	BGI
045784945	197839	17879394	3281	3265	15	1	69	39	62	B10K	Other	BGI
045784965	142422	10667279	3263	3256	6	1	101	25	63	B10K	Other	BGI
045784985	180709	10874106	3261	3198	61	2	88	41	67	B10K	Other	BGI
045785005	195392	7830633	3338	3329	9	0	47	5	63	B10K	Other	BGI
045785025	139914	13820699	3190	3132	58	0	133	66	76	B10K	Other	BGI
045785045	123535	794820	3121	3090	31	0	213	55	76	B10K	Other	BGI
045785065	160991	24509715	3222	3068	154	0	144	23	68	B10K	Other	BGI
045785095	157374	17539585	3230	3214	11	5	105	54	82	B10K	Other	BGI
045785235	18218	29985883	3285	1725	1554	6	41	64	205	Other	Other	HiFi
045785285	29084	30245792	3332	1428	1895	9	23	35	133	Other	Other	HiFi
045786985	8942	15122651	3246	3225	20	1	103	41	148	Other	Other	Illumina
045786995	143966	20112371	3200	3184	14	2	127	63	74	B10K	Other	BGI
045787025	147454	17908476	3176	3166	10	0	152	62	88	B10K	Other	BGI
045787045	203005	23132222	3326	3324	2	0	52	12	53	B10K	Other	BGI
045787065	190116	10306263	3237	3211	25	1	128	25	80	B10K	Other	BGI
045787085	161249	18940552	3266	3139	126	1	84	40	66	B10K	Other	BGI
045787105	192384	4827776	3255	3237	17	1	119	15	61	B10K	Other	BGI
045787125	197839	17879394	3281	3265	15	1	69	39	62	B10K	Other	BGI
045787145	117345	13344468	3223	3152	71	0	115	52	74	B10K	Other	BGI
045787165	161695	14172223	3004	2994	9	1	256	125	74	B10K	Other	BGI
045787185	170112	17478523	3231	3110	120	1	141	18	76	B10K	Other	BGI
045787205	174891	23307826	3223	3116	106	1	110	57	76	B10K	Other	BGI
045787225	196189	14846650	3253	3240	13	0	100	36	63	B10K	Other	BGI
045787245	159547	11631035	3315	3304	10	1	64	11	58	B10K	Other	BGI
045787265	180095	9472662	3239	3220	19	0	128	22	59	B10K	Other	BGI
045787285	125364	4730288	3269	3243	25	1	77	44	72	B10K	Other	BGI
045787305	131818	8468150	3203	2880	320	3	146	41	83	B10K	Other	BGI
045787325	96756	775167	3083	3078	4	1	264	42	78	B10K	Other	BGI
045787345	152848	5857322	3281	3264	17	0	95	14	66	B10K	Other	BGI
045787355	43996	50928	2841	2819	19	3	434	111	71	B10K	Other	BGI
045787385	48305	50846	2817	2802	15	0	478	84	65	B10K	Other	BGI
045787405	15817	17080	1568	1567	1	0	1438	369	50	B10K	Other	BGI
045787425	40626	45894	2873	2844	26	3	394	116	58	B10K	Other	BGI
045787445	87233	158423	3129	3117	12	0	215	45	58	B10K	Other	BGI
045787465	49067	52433	2928	2915	13	0	387	70	73	B10K	Other	BGI
045787485	233686	16281963	3316	3309	7	0	58	16	51	B10K	Other	BGI
045787545	153415	6240037	3292	3288	4	0	87	10	65	B10K	Other	BGI
045787555	39768	93376	2926	2918	8	0	378	82	64	B10K	Other	BGI
045787625	16956	64036	2186	2180	6	0	970	228	94	B10K	Other	BGI
045787665	48441	51646	2966	2959	7	0	366	50	57	B10K	Other	BGI
045787705	228416	28389110	3328	3313	15	0	50	12	52	B10K	Other	BGI
045787745	115566	6305224	3206	3176	27	3	112	72	70	B10K	Other	BGI
045787805	205385	26400415	3340	3322	18	0	42	8	56	B10K	Other	BGI
045787825	95750	247895	2896	2889	7	0	392	101	70	B10K	Other	BGI
045787845	95746	1828328	3111	3060	51	0	239	40	85	B10K	Other	BGI
045787885	139226	12576810	3160	3129	27	4	157	73	83	B10K	Other	BGI
045788025	126901	9758541	3194	3101	89	4	138	58	78	B10K	Other	BGI
045788055	138453	8770596	3171	3158	13	0	158	61	87	B10K	Other	BGI
045788085	229057	28322704	3344	3340	4	0	41	5	44	B10K	Other	BGI
045788125	134424	12835253	3117	3026	86	5	175	96	77	B10K	Other	BGI
045788165	193607	13976961	3241	3061	180	0	98	50	76	B10K	Other	BGI
045788245	243797	22117256	3329	3287	42	0	53	8	57	B10K	Other	BGI
045788275	213545	11822840	3313	3303	10	0	66	11	60	B10K	Other	BGI
045788345	214846	20815268	3249	3176	73	0	117	22	72	B10K	Other	BGI
045788365	54413	89208	2665	2645	20	0	572	149	79	B10K	Other	BGI
045788385	36151	41742	2696	2670	22	4	540	146	74	B10K	Other	BGI
045788425	171933	6562138	3194	3143	51	0	129	66	56	B10K	Other	BGI
045788445	107628	335542	3076	3073	3	0	259	55	56	B10K	Other	BGI
045788465	96098	451501	3017	2962	55	0	279	94	88	B10K	Other	BGI
045788495	29835	35961	2545	2531	14	0	619	219	66	B10K	Other	BGI
045788515	127522	13741195	3197	3108	85	4	130	61	65	B10K	Other	BGI
045788555	33097	37902	2095	2085	10	0	849	435	67	B10K	Other	BGI
045788595	115934	1294545	3227	3196	30	1	120	42	65	B10K	Other	BGI
045788615	14011	16432	1517	1517	0	0	1426	425	76	B10K	Other	BGI
045788635	36835	41192	2606	2571	34	1	575	198	89	B10K	Other	BGI
045791835	30501418	94977930	3368	3363	4	1	2	20	53	Other	Other	HiFi
045791955	4987901	73539589	3371	1747	1617	7	10	9	78	Other	Other	ONT
045837885	21415719	35680620	3382	3364	18	0	5	3	71	Other	Other	HiFi
045838175	8277923	22795662	3330	3308	22	0	11	49	85	Other	Other	HiFi
045838285	79849	162611	2788	2775	11	2	396	198	66	B10K	Other	BGI
045838335	139226	12576810	3160	3129	27	4	157	73	83	B10K	Other	BGI
045838355	103581	175906	3185	3176	9	0	172	30	58	B10K	Other	BGI
045838375	35531	40686	2479	2470	9	0	679	222	63	B10K	Other	BGI
045838395	54413	89208	2665	2645	20	0	572	149	79	B10K	Other	BGI
045838425	155472	15450051	3181	3148	31	2	148	59	90	B10K	Other	BGI
045838445	160292	884859	3217	3190	27	0	136	35	54	B10K	Other	BGI
045838465	36835	41192	2606	2571	34	1	575	198	89	B10K	Other	BGI
045838505	15150	17729	1726	1725	1	0	1233	417	70	B10K	Other	BGI
045865225	1015092	36386262	3382	3358	23	1	5	3	65	Other	Other	PacBio
045999355	180007	29760187	3371	3162	209	0	9	10	144	Other	Other	PacBio
045999875	120498315	134233597	3389	3326	27	36	0	1	45	Other	Other	HiFi
045999885	104817825	131848520	3389	3325	28	36	0	1	50	Other	Other	HiFi
045999895	102835591	135195926	3389	3325	28	36	0	1	47	Other	Other	HiFi
045999905	112315213	140668322	3389	3327	26	36	0	1	45	Other	Other	HiFi
045999925	109792801	131319597	3389	3324	28	37	0	1	47	Other	Other	HiFi
046000055	135141784	135194150	3389	3326	27	36	0	1	50	Other	Other	HiFi
046039615	11740	21423	2682	2673	7	2	570	132	101	Iridian	Other	Illumina
046039635	2515	2607	806	777	28	1	1651	904	52	Iridian	Other	Illumina
046039655	318	3064035	413	410	3	0	1331	1645	688	Iridian	Other	Illumina
046042705	13016411	34623888	3303	3219	84	0	6	81	91	Other	Other	PacBio
046043145	98495231	133728133	3386	3325	25	36	1	3	48	Other	Other	HiFi
046055805	218994	296596	3310	3280	30	0	41	38	126	Other	Other	ONT
046055825	34398244	53690834	3361	3318	42	1	13	16	79	Other	Other	HiFi
046056365	2411221	73705547	3356	1758	1593	5	18	16	91	Other	Other	HiFi
046056395	701221	42457289	3271	3251	17	3	56	63	970	Other	Other	Illumina
046056425	127445586	146141635	3389	3324	29	36	0	1	48	Other	Other	HiFi
046056445	129844903	135252010	3389	3327	26	36	0	1	49	Other	Other	HiFi
046116005	136017482	146748451	3389	3329	25	35	0	1	46	Other	Other	HiFi
046116015	132666505	134434350	3389	3324	29	36	0	1	50	Other	Other	HiFi
046118015	23583	29780862	3310	3305	5	0	56	24	81	Iridian	Other	Illumina
046118035	18248	29583851	3305	3298	6	1	64	21	95	Iridian	Other	Illumina
046118055	61586	27299416	3326	3322	4	0	43	21	82	Iridian	Other	Illumina
046118075	12426	29637828	3289	3284	4	1	75	26	103	Iridian	Other	Illumina
046118095	15471	29546512	3304	3296	8	0	62	24	104	Iridian	Other	Illumina
046118115	13145	27675526	3295	3291	4	0	68	27	93	Iridian	Other	Illumina
046118135	3882	21426932	2842	2829	13	0	396	150	325	Iridian	Other	Illumina
046118155	5574	22709429	2949	2941	7	1	330	109	240	Iridian	Other	Illumina
046118195	18476	26963907	3299	3291	8	0	51	38	85	Iridian	Other	Illumina
046118215	2616	31673389	3270	3257	13	0	77	42	196	Iridian	Other	Illumina
046118235	32491	27680156	3311	3299	12	0	55	24	80	Iridian	Other	Illumina
046118275	34251	29555493	3315	3304	10	1	59	16	62	Iridian	Other	Illumina
046118375	7692	25417998	3095	3090	5	0	235	59	281	Iridian	Other	Illumina
046118395	5097	25809302	3002	2997	5	0	295	92	323	Iridian	Other	Illumina
046118415	13271	13835	1403	1402	1	0	1483	469	53	Iridian	Other	Illumina
046118455	3281	124633606	2733	2546	182	5	433	224	523	Iridian	Other	Illumina
046118475	2866	3091	823	821	1	1	1504	1031	131	Iridian	Other	Illumina
046118495	6287	7638	1345	1339	5	1	1365	656	154	Iridian	Other	Illumina
046118515	1367	1401	164	162	1	1	1165	2030	43	Iridian	Other	Illumina
046118535	4194	4701	1123	1123	0	0	1462	775	146	Iridian	Other	Illumina
046118575	3607	4010	1279	1273	2	4	1379	709	134	Iridian	Other	Illumina
046118595	3841	4302	1250	1248	2	0	1391	719	154	Iridian	Other	Illumina
046118615	3170	4094	1320	1318	2	0	1429	621	226	Iridian	Other	Illumina
046118805	34697585	35616712	3366	3335	31	0	9	15	52	Other	Other	HiFi
046118985	2336571	2336571	3343	3338	5	0	14	33	85	Other	Other	HiFi
046119375	12574565	657084709	3285	3254	30	1	29	76	40	Other	Other	HiFi
046127185	120487	43192241	3293	3288	5	0	73	24	61	Other	Other	BGI
046127255	1854916	42233509	3199	3192	7	0	15	176	752	Other	Other	CLR
046127435	11045112	30207471	3312	3268	42	2	5	73	66	Other	Other	HiFi
046127955	6860475	6860475	3349	3324	24	1	9	32	92	Other	Other	HiFi
046128005	4774482	4774482	3360	3345	14	1	19	11	83	Other	Other	HiFi
046128825	11062	143437317	3309	3302	4	3	60	21	109	Other	Other	Illumina
046224965	2916	13891	1511	1506	5	0	1360	497	257	Iridian	Other	Illumina
046244895	27499	69653385	3362	3360	2	0	24	4	52	Iridian	Other	Illumina
046244955	3658	4010	1017	1013	3	1	1469	870	165	Iridian	Other	Illumina
046244975	1489	1539	219	216	2	1	1125	2007	53	Iridian	Other	Illumina
046245015	1128	10483	1503	1499	4	0	1369	495	314	Iridian	Other	Illumina
046245035	834	9334932	2863	2854	9	0	349	178	555	Iridian	Other	Illumina
046245055	1214	1231	138	137	1	0	946	2273	50	Iridian	Other	Illumina
046245075	2104	2195	268	267	1	0	1307	1785	59	Iridian	Other	Illumina
046245095	893	9903830	2605	2599	6	0	535	248	499	Iridian	Other	Illumina
046254865	6074046	39190577	3368	3296	71	1	17	5	78	Other	Other	ONT
046254945	2237652	41035265	3349	3279	65	5	18	23	78	Other	Other	HiFi
046254995	36060956	148784156	3269	3245	5	19	19	102	59	Other	Other	HiFi
046255095	1612603	1612603	3332	3317	10	5	14	44	1034	Other	Other	ONT
046255105	2499340	2499340	3317	3299	15	3	11	62	1044	Other	Other	ONT
046255195	21329324	23892743	3389	3379	9	1	1	0	57	Other	Other	HiFi
046269285	40702	76098482	3351	3349	2	0	28	11	48	Iridian	Other	Illumina
046269305	29221	27750324	3300	3295	5	0	64	24	87	Iridian	Other	Illumina
046269405	1553	77553625	2374	2373	1	0	608	407	708	Iridian	Other	Illumina
046269445	13938	26098890	3212	3198	12	2	120	58	104	Iridian	Other	Illumina
046269465	2589	19937327	2333	2320	12	1	745	307	300	Iridian	Other	Illumina
046269485	9412	28705072	3058	3052	6	0	255	76	140	Iridian	Other	Illumina
046269505	1973	3508	1898	1888	10	0	947	536	332	Iridian	Other	Illumina
046269525	3692	3812	527	526	1	0	1509	1318	52	Iridian	Other	Illumina
046269545	2198	2260	358	357	1	0	1454	1539	41	Iridian	Other	Illumina
046269585	4082	4188	538	537	0	1	1599	1205	52	Iridian	Other	Illumina
046269605	12848	25885	1813	1809	4	0	1113	454	146	Iridian	Other	Illumina
046269645	4810	5351	942	942	0	0	1523	889	148	Iridian	Other	Illumina
046269685	10616	15720	1824	1824	0	0	1157	399	159	Iridian	Other	Illumina
046269705	3319	3636	675	675	0	0	1499	1181	146	Iridian	Other	Illumina
046269725	6430	8350	1170	1166	4	0	1520	675	241	Iridian	Other	Illumina
046269745	6394	7258	1105	1104	0	1	1433	815	122	Iridian	Other	Illumina
046269765	1054	1073	86	85	1	0	805	2489	40	Iridian	Other	Illumina
046269805	6762	8112	1469	1465	4	0	1298	604	142	Iridian	Other	Illumina
046269825	7582	8929	1340	1335	5	0	1391	628	121	Iridian	Other	Illumina
046269845	4307	248603908	2775	2770	3	2	391	221	366	Iridian	Other	Illumina
046269865	7426	8360	1469	1469	0	0	1336	558	113	Iridian	Other	Illumina
046269885	5873	6703	1099	1097	1	1	1485	783	151	Iridian	Other	Illumina
046269905	4181	4583	783	782	1	0	1540	1025	148	Iridian	Other	Illumina
046269925	2733	2852	461	459	1	1	1624	1268	48	Iridian	Other	Illumina
046269945	5116	5720	1165	1162	1	2	1387	821	133	Iridian	Other	Illumina
046269965	5891	6780	1156	1152	3	1	1426	778	152	Iridian	Other	Illumina
046269985	3535	3873	780	777	2	1	1457	1121	154	Iridian	Other	Illumina
046270005	1272	1299	133	133	0	0	934	2311	33	Iridian	Other	Illumina
046270025	5005	5654	1194	1192	1	1	1434	738	120	Iridian	Other	Illumina
046270045	12844	165964567	2855	2851	4	0	385	145	151	Iridian	Other	Illumina
046270065	5159	8181	1469	1465	4	0	1322	574	286	Iridian	Other	Illumina
046270085	6476	8108	1488	1485	2	1	1298	581	132	Iridian	Other	Illumina
046270105	8546	12816	1674	1671	3	0	1266	429	206	Iridian	Other	Illumina
046270125	4175	4445	751	749	2	0	1632	973	55	Iridian	Other	Illumina
046270145	10250	12155	1677	1674	3	0	1216	476	113	Iridian	Other	Illumina
046270165	889	905	38	37	1	0	717	2614	17	Iridian	Other	Illumina
046270185	6698	8056	1259	1255	2	2	1422	684	171	Iridian	Other	Illumina
046270205	6460	7363	1170	1169	0	1	1412	779	118	Iridian	Other	Illumina
046270245	5703	6491	1168	1166	1	1	1410	782	120	Iridian	Other	Illumina
046270265	4571	5074	1011	1008	3	0	1466	877	149	Iridian	Other	Illumina
046270285	3564	3874	622	620	1	1	1584	1153	38	Iridian	Other	Illumina
046270305	4146	4603	1060	1055	2	3	1469	828	149	Iridian	Other	Illumina
046270325	4300	4860	1210	1206	3	1	1378	770	135	Iridian	Other	Illumina
046270345	5911	6673	1200	1199	0	1	1362	804	121	Iridian	Other	Illumina
046270365	44075	72079088	3225	3223	1	1	119	44	111	Iridian	Other	Illumina
046270405	2638	2889	900	896	4	0	1530	930	176	Iridian	Other	Illumina
046270425	2473	2577	436	432	2	2	1575	1340	41	Iridian	Other	Illumina
046270445	6952	8055	1542	1537	4	1	1249	577	114	Iridian	Other	Illumina
046270465	4679	5261	1231	1228	1	2	1384	743	131	Iridian	Other	Illumina
046270485	14006	22988	2183	2179	4	0	929	267	130	Iridian	Other	Illumina
046270505	1835	1887	289	289	0	0	1437	1633	64	Iridian	Other	Illumina
046270525	3295	3778	1098	1092	4	2	1436	828	135	Iridian	Other	Illumina
046270545	4566	6137	1388	1383	5	0	1299	686	129	Iridian	Other	Illumina
046270565	2167	2391	783	780	3	0	1465	1101	154	Iridian	Other	Illumina
046270585	1183	1209	112	112	0	0	906	2358	57	Iridian	Other	Illumina
046270605	3321	3681	795	792	3	0	1468	1091	168	Iridian	Other	Illumina
046270625	2011	198132041	2786	2779	3	4	392	211	415	Iridian	Other	Illumina
046270645	2872	3036	507	504	2	1	1588	1261	37	Iridian	Other	Illumina
046270665	4982	5234	834	833	1	0	1632	885	49	Iridian	Other	Illumina
046270685	4498	5127	1110	1103	5	2	1434	818	168	Iridian	Other	Illumina
046270725	30620	86453004	3284	3281	3	0	83	21	51	Iridian	Other	Illumina
046270745	2043	2165	358	357	1	0	1488	1500	65	Iridian	Other	Illumina
046270765	7783	16955	2039	2035	3	1	1023	315	131	Iridian	Other	Illumina
046270785	3235	246836988	2644	2639	5	0	476	268	496	Iridian	Other	Illumina
046270805	2021	2095	397	391	4	2	1506	1434	44	Iridian	Other	Illumina
046270825	1471	1555	174	144	30	0	1212	1970	37	Iridian	Other	Illumina
046270845	6151	9188	1541	1535	2	4	1261	566	147	Iridian	Other	Illumina
046270865	11171	18161	2019	2015	4	0	1030	328	165	Iridian	Other	Illumina
046270885	8773	12887	1749	1747	1	1	1205	416	144	Iridian	Other	Illumina
046270905	2216	2312	322	319	0	3	1466	1570	45	Iridian	Other	Illumina
046270925	2797	2969	494	493	1	0	1634	1230	48	Iridian	Other	Illumina
046270945	10442	16693	1939	1938	1	0	1064	368	167	Iridian	Other	Illumina
046270965	9267	10987	1474	1471	3	0	1369	527	48	Iridian	Other	Illumina
046270985	4526	5073	1004	1002	2	0	1452	901	134	Iridian	Other	Illumina
046271005	7432	7902	1135	1134	1	0	1535	684	53	Iridian	Other	Illumina
046271025	1797	1950	575	572	2	1	1483	1306	163	Iridian	Other	Illumina
046271045	1989	2109	219	219	0	0	1143	2001	55	Iridian	Other	Illumina
046271065	3190	3248	353	5	348	0	1430	1573	36	Iridian	Other	Illumina
046271085	1300	1370	142	140	1	1	996	2230	42	Iridian	Other	Illumina
046271105	2357	2438	242	240	2	0	1228	1888	36	Iridian	Other	Illumina
046271125	3223	3361	660	605	51	4	1715	982	63	Iridian	Other	Illumina
046271145	5485	6337	1313	1305	2	6	1393	651	167	Iridian	Other	Illumina
046332005	135088710	153709541	3388	3325	27	36	0	2	50	Other	Other	PacBio
046332015	133646597	154963437	3386	3322	27	37	1	3	58	Other	Other	HiFi
046332065	121324348	155068577	3389	3326	27	36	0	1	46	Other	Other	HiFi
046332145	119971359	155042577	3388	3325	26	37	1	1	47	Other	Other	HiFi
046332185	135253169	145421388	3344	3291	25	28	6	40	57	Other	Other	HiFi
046332235	135059907	154332372	3388	3327	26	35	1	1	45	Other	Other	HiFi
046332305	135633951	154131922	3389	3326	27	36	0	1	43	Other	Other	HiFi
046332355	129483041	155318995	3388	3325	26	37	1	1	51	Other	Other	HiFi
046332365	134223936	155122962	3388	3323	28	37	1	1	45	Other	Other	HiFi
046332455	103757535	147151709	3342	3287	27	28	5	43	59	Other	Other	HiFi
046332475	138568228	154181322	3389	3327	27	35	0	1	47	Other	Other	HiFi
046334215	634955	634955	3265	3171	91	3	74	50	115	Other	Other	HiFi
046334255	1275217	1275217	3313	3240	70	3	43	33	111	Other	Other	HiFi
046334295	557116	557116	3260	3100	157	3	69	61	112	Other	Other	HiFi
046334315	661759	661759	3260	3161	97	2	76	54	109	Other	Other	HiFi
046334325	540901	540901	3252	3046	203	3	81	56	125	Other	Other	HiFi
046334355	735389	735389	3261	3168	90	3	63	66	119	Other	Other	HiFi
046334375	494042	494042	3222	3016	204	2	91	74	168	Other	Other	HiFi
046334415	576151	576151	3230	3094	133	3	84	75	125	Other	Other	HiFi
046334465	472379	472379	3203	3026	174	3	87	99	148	Other	Other	HiFi
046334615	502572	502572	3245	3142	101	2	83	60	175	Other	Other	HiFi
046334635	512319	512319	3199	3001	194	4	89	101	125	Other	Other	HiFi
046334715	569805	569805	3246	3140	103	3	70	73	125	Other	Other	HiFi
046334725	731055	731055	3256	3150	104	2	71	62	116	Other	Other	HiFi
046334765	547134	547134	3245	3158	83	4	90	54	136	Other	Other	HiFi
046453815	36168114	37667177	3344	3315	28	1	12	34	58	Other	Other	HiFi
046463955	19875426	19875426	3381	3375	6	0	2	7	53	Other	Other	CLR
046464035	28094716	45932326	3357	3330	27	0	1	32	48	Other	Other	Illumina
046464075	97576398	97576398	3349	3262	20	67	3	38	66	Other	Other	HiFi
046524025	45697377	214149504	3323	3298	22	3	17	50	69	Other	Other	HiFi
046529025	15678885	18690012	3353	3343	9	1	15	22	115	Other	Other	HiFi
046562415	1287467	21246911	3366	3353	13	0	9	15	104	Other	Other	PacBio
046562855	31058222	41203619	3383	3350	31	2	4	3	52	Other	Other	HiFi
046562865	35871634	38125623	3375	3336	37	2	3	12	60	Other	Other	HiFi
046563285	27690191	71382169	3370	3355	15	0	6	14	61	Other	Other	CLR
046563475	41342000	76185968	3389	3275	21	93	1	0	75	Other	Other	HiFi
046563585	16687468	71898266	3371	3353	17	1	8	11	53	Other	Other	CLR
046563665	4402824	32256341	3362	3279	82	1	14	14	61	Other	Other	PacBio
046605145	35906214	35906214	3381	3357	24	0	3	6	52	Iridian	Other	Illumina
046618625	14644821	14644821	3296	3285	7	4	8	86	39	Other	Other	HiFi
046618675	16008091	16008091	3370	3357	10	3	6	14	45	Other	Other	HiFi
046618735	16923597	16923597	3300	3292	5	3	6	84	48	Other	Other	HiFi
046618825	14221736	14221736	3376	3347	26	3	3	11	41	Other	Other	HiFi
046618935	16891354	16891354	3317	3306	8	3	7	66	46	Other	Other	HiFi
046618945	15585494	15585494	3347	3337	7	3	6	37	48	Other	Other	HiFi
046618955	20574091	20574091	3368	3268	97	3	9	13	46	Other	Other	HiFi
046618975	16823373	16823373	3352	3338	10	4	6	32	44	Other	Other	HiFi
046619035	8119619	8119619	3359	3348	8	3	9	22	49	Other	Other	HiFi
046619045	11866506	11866506	3323	3294	26	3	10	57	45	Other	Other	HiFi
046619055	11245500	11245500	3376	3363	10	3	4	10	41	Other	Other	HiFi
046619065	14718312	14718312	3303	3290	9	4	6	81	46	Other	Other	HiFi
046619105	12858650	13726370	3375	3368	4	3	5	10	41	Other	Other	HiFi
046619135	10155386	10155386	3318	3305	10	3	9	63	46	Other	Other	HiFi
046619145	1062611	1069778	3248	3223	22	3	48	93	88	Other	Other	HiFi
046619175	948466	948466	3252	2920	330	2	31	107	83	Other	Other	HiFi
046629205	134001802	154907672	3374	3312	27	35	5	11	47	Other	Other	PacBio
046629215	134730260	145027085	3300	3247	27	26	6	84	61	Other	Other	PacBio
046629225	144781433	154960785	3388	3324	29	35	1	1	45	Other	Other	PacBio
046629265	134147671	154139224	3389	3325	28	36	0	1	45	Other	Other	PacBio
046629955	238811	238811	3222	3107	115	0	123	44	103	Other	Other	HiFi
046630025	29545429	35546377	3386	3370	10	6	3	1	464	Other	Other	PacBio
046630095	26481176	26481176	3386	3379	7	0	4	0	45	Other	Other	HiFi
046766055	48205	39272746	3318	3317	1	0	62	10	77	Iridian	Other	Illumina
046766075	30912	39430287	3331	3329	2	0	48	11	67	Iridian	Other	Illumina
046766095	27038	39713591	3237	3236	1	0	122	31	105	Iridian	Other	Illumina
046766115	11499	21513116	3171	3155	16	0	136	82	113	Iridian	Other	Illumina
046766135	23353	75772574	3289	3288	1	0	79	22	82	Iridian	Other	Illumina
046766375	2249	2793	1042	1028	14	0	1577	730	227	Iridian	Other	Illumina
046766395	4454	4568	560	559	1	0	1544	1247	35	Iridian	Other	Illumina
046766415	8542	18573329	3239	3217	22	0	95	56	104	Iridian	Other	Illumina
046766435	6856	7856	1208	1205	3	0	1391	767	123	Iridian	Other	Illumina
046766475	6537	7759	1368	1363	3	2	1417	578	173	Iridian	Other	Illumina
046766495	2180	2270	281	6	275	0	1420	1644	39	Iridian	Other	Illumina
046862485	32659	124262003	3109	3058	13	38	173	107	216	Other	Other	Illumina
046863835	466308	466308	2397	2111	123	163	724	259	267	Other	Other	HiFi
046865685	35622143	37680446	3373	3337	34	2	5	12	60	Other	Other	HiFi
046865715	10879549	33555130	3354	3238	115	1	19	17	67	Other	Other	HiFi
046866775	28011985	30591387	3385	3371	13	1	2	3	77	Other	Other	PacBio
047032895	18247	27810	2112	2107	4	1	976	294	130	Iridian	Other	Illumina
047032955	8294	9563	1223	1221	2	0	1461	677	119	Iridian	Other	Illumina
047047975	55907425	55907425	3379	3264	31	84	3	8	55	Other	Other	ONT
047054915	7607663	104053508	3378	3364	12	2	4	8	59	Other	Other	HiFi
047150545	138437150	171451252	3382	3344	26	12	3	5	55	Other	Other	HiFi
047228765	30253703	30253703	3360	3340	19	1	2	28	66	Other	Other	HiFi
047275855	30587856	33989030	3388	3381	7	0	1	1	69	Other	Other	HiFi
047291665	34396	39193042	3342	3341	1	0	41	7	61	Iridian	Other	Illumina
047291695	44250	37358002	3273	3272	1	0	89	28	84	Iridian	Other	Illumina
047291715	11170	21663288	3204	3188	16	0	113	72	110	Iridian	Other	Illumina
047291775	48457	39404199	3316	3316	0	0	58	16	62	Iridian	Other	Illumina
047291805	41247	39217225	3356	3356	0	0	26	8	55	Iridian	Other	Illumina
047291875	35295	39201706	3329	3329	0	0	50	11	73	Iridian	Other	Illumina
047291935	46884	38036270	3355	3354	1	0	23	12	58	Iridian	Other	Illumina
047291955	39057	37627678	3338	3337	1	0	42	9	74	Iridian	Other	Illumina
047291975	4035	35969881	2926	2923	3	0	348	116	400	Iridian	Other	Illumina
047291995	4806	19972907	2954	2945	9	0	295	140	194	Iridian	Other	Illumina
047292095	9092	10834	1376	1372	3	1	1324	663	119	Iridian	Other	Illumina
047292195	18770	28184234	3326	3326	0	0	47	16	82	Iridian	Other	Illumina
047292235	14664	21707371	3217	3196	20	1	96	75	94	Iridian	Other	Illumina
047292255	40023	26298369	3307	3305	2	0	45	38	74	Iridian	Other	Illumina
047292275	44771	24931242	3275	3273	2	0	96	19	95	Iridian	Other	Illumina
047292295	11639	41607954	3318	3315	2	1	54	18	94	Iridian	Other	Illumina
047292315	14361	23039297	3233	3214	16	3	95	61	94	Iridian	Other	Illumina
047292335	7319	20955264	3296	3291	3	2	62	32	147	Iridian	Other	Illumina
047292355	4672	5345	1002	1000	2	0	1480	874	181	Iridian	Other	Illumina
047292375	1198	1311	301	295	6	0	1226	1832	142	Iridian	Other	Illumina
047292395	2847	106532694	3128	3117	9	2	172	90	309	Iridian	Other	Illumina
047292415	5526	22823897	2949	2937	12	0	306	135	217	Iridian	Other	Illumina
047292435	5175	16214784	2843	2834	8	1	374	170	209	Iridian	Other	Illumina
047292475	6783	7874	1264	1261	2	1	1420	674	149	Iridian	Other	Illumina
047292495	2913	3195	778	773	3	2	1500	1083	136	Iridian	Other	Illumina
047292515	2448	2522	486	485	1	0	1586	1283	48	Iridian	Other	Illumina
047292535	1757	1831	197	197	0	0	1165	2000	47	Iridian	Other	Illumina
047292555	1375	1419	163	158	5	0	1052	2144	68	Iridian	Other	Illumina
047292575	1742	1990	520	508	12	0	1489	1333	260	Iridian	Other	Illumina
047292595	724	734	97	97	0	0	1016	2247	22	Iridian	Other	Illumina
047292645	795	55462223	25	0	25	0	263	3102	76	Iridian	Other	Illumina
047301405	3214539	70945146	3199	3188	9	2	18	173	73	Other	Other	HiFi
047301455	12291374	27094190	3356	3159	195	2	8	26	60	Other	Other	CLR
047301515	15777389	27084165	3342	3147	192	3	9	39	105	Other	Other	CLR
047301635	10900000	76075831	3383	3376	7	0	4	3	751	Other	Other	PacBio
047301725	35951249	210475551	3338	3322	11	5	10	42	55	Other	Other	PacBio
047301775	77390441	118707662	3373	3169	40	164	4	13	64	Other	Other	HiFi
047305485	18974609	28645536	3326	3314	12	0	8	56	202	Other	Other	PacBio
047335585	202516942	274873533	3359	3344	10	5	8	23	53	Other	Other	ONT
047370975	56735934	101183595	3389	3375	14	0	1	0	37	Other	Other	ONT
047372525	5705089	5705089	3331	3231	98	2	17	42	72	Other	Other	HiFi
047372625	79153354	159996863	3385	3326	12	47	2	3	51	Other	Other	PacBio
047404255	12344	42870	2710	2703	7	0	523	141	137	Iridian	Other	Illumina
047404275	1215	1607336	1325	1324	1	0	1167	890	758	Iridian	Other	Illumina
047404315	7460	8728	1368	1362	4	2	1373	623	143	Iridian	Other	Illumina
047404335	2524	38574247	837	836	1	0	1361	1191	697	Iridian	Other	Illumina
047404375	274	275	19	17	2	0	53	3318	3	Iridian	Other	Illumina
047404475	6390	41121819	3308	3302	5	1	62	20	113	Iridian	Other	Illumina
047404495	7650	42962281	3314	3308	6	0	50	26	125	Iridian	Other	Illumina
047404515	8365	41549105	3306	3297	8	1	63	21	108	Iridian	Other	Illumina
047404535	4478	22255610	2818	2813	5	0	400	170	178	Iridian	Other	Illumina
047404595	1023	1079	93	0	93	0	813	2468	74	Iridian	Other	Illumina
047404615	970	980	206	11	195	0	218	2965	15	Iridian	Other	Illumina
047404635	1704	1763	262	262	0	0	1327	1769	64	Iridian	Other	Illumina
047404675	859	869	75	6	69	0	196	3119	5	Iridian	Other	Illumina
047404715	2009	2258	1041	1036	3	2	1333	992	137	Iridian	Other	Illumina
047404755	1349	1374	150	2	148	0	1114	2094	73	Iridian	Other	Illumina
047446135	346	347	80	77	3	0	263	3044	9	Iridian	Other	Illumina
047456465	15167728	31732726	3364	1515	1842	7	9	17	83	Other	Other	PacBio
047495795	24420890	35246345	3374	3335	38	1	5	11	56	Other	Other	HiFi
047495875	11992177	77071861	3319	3313	6	0	4	67	66	Other	Other	HiFi
047496115	47918322	47918322	3367	3300	10	57	8	15	166	Other	Other	ONT
047496155	58885235	58885235	3383	3314	10	59	5	2	130	Other	Other	ONT
047496705	2112	14765	1224	1189	23	12	1423	700	290	Other	Other	BGI
047496735	2272	14758	1229	1198	24	7	1430	693	280	Other	Other	BGI
047496795	5342658	93668967	3320	3285	33	2	22	48	49	Other	Other	HiFi
047496845	126863262	126863262	3232	3139	19	74	12	146	83	Other	Other	HiFi
047496885	3187150	266286206	3325	3241	63	21	31	33	64	Other	Other	HiFi
047496905	9155588	166459957	3237	3192	10	35	42	111	349	Other	Other	PacBio
047496915	66605	25205500	3309	3195	111	3	50	31	107	Other	Other	Illumina
047535115	256	260	2	2	0	0	67	3320	3	Iridian	Other	Illumina
047571435	25369699	83801500	3377	3269	26	82	4	9	70	Other	Other	ONT
047651785	10002397	26190500	3374	3349	25	0	6	10	87	Other	Other	HiFi
047652215	105178524	110861251	3390	3298	36	56	0	0	71	Other	Other	HiFi
047653785	16603000	58402862	3359	3172	181	6	12	19	63	Other	Other	CLR
047653855	198329	200991	3194	3186	8	0	108	88	298	Other	Other	ONT
047655245	6073853	139486693	3369	3242	34	93	10	11	266	Other	Other	CLR
047655295	20050106	20050106	3303	3216	18	69	17	70	143	Other	Other	ONT
047663525	80154792	80154792	3383	3371	11	1	4	3	46	Other	Other	HiFi
047663975	37729116	39702102	3372	3333	30	9	3	15	63	Other	Other	HiFi
047666355	16914	16914	2281	2249	31	1	903	195	58	Other	Other	Illumina
047671635	94806723	101930831	3370	3297	9	64	0	20	58	Other	Other	HiFi
047671645	39291861	129991246	3321	3231	11	79	25	44	186	Other	Other	PacBio
047671655	26738642	93504989	3387	3271	58	58	1	2	83	Other	Other	HiFi
047675955	13913161	100816256	3386	3311	13	62	2	2	58	Other	Other	HiFi
047676105	9805280	9805280	3370	3358	10	2	12	8	59	Other	Other	HiFi
047676605	235072	67201812	3376	3357	5	14	11	3	81	Other	Other	Illumina
047711335	376	548	3	3	0	0	48	3339	1	Iridian	Other	Illumina
047713385	2091	21284390	3221	3218	3	0	112	57	244	Iridian	Other	Illumina
047715935	30851676	36798361	3350	3318	22	10	4	36	63	Other	Other	HiFi
047716275	16359274	90173155	3388	3379	9	0	2	0	52	Other	Other	HiFi
047716675	45365500	46120958	3363	3192	170	1	5	22	56	Other	Other	HiFi
047748035	6885	40444666	3242	3241	1	0	117	30	171	Iridian	Other	Illumina
047748055	2018	28175381	2614	2611	3	0	548	227	662	Iridian	Other	Illumina
047748115	6025	7101	1246	1243	2	1	1402	708	139	Iridian	Other	Illumina
047748135	2059	19696087	1317	22	1295	0	1230	835	637	Iridian	Other	Illumina
047748155	2884	3194	613	611	2	0	1481	1254	162	Iridian	Other	Illumina
047748175	4299	21489436	2972	2952	20	0	265	150	222	Iridian	Other	Illumina
047748195	6378	7277	1328	1328	0	0	1341	688	122	Iridian	Other	Illumina
047748215	2395	2617	652	649	3	0	1473	1240	160	Iridian	Other	Illumina
047748235	956	1009	129	124	5	0	881	2368	88	Iridian	Other	Illumina
047748255	8470	9956	1469	1469	0	0	1331	570	123	Iridian	Other	Illumina
047748275	4794	5486	1113	1110	2	1	1421	816	138	Iridian	Other	Illumina
047748295	1451	99365112	3009	3001	8	0	214	166	326	Iridian	Other	Illumina
047834645	4333480	135457967	3374	3243	40	91	9	7	112	Other	Other	CLR
047947145	21740082	88646562	3387	3381	5	1	3	0	58	Other	Other	ONT
048126385	32862990	32862990	3280	3224	53	3	24	86	82	Other	Other	PacBio
048126525	707347	707347	3282	2062	1219	1	64	44	108	Other	Other	HiFi
048129225	25363999	34908837	3343	3313	30	0	10	37	55	Other	Other	HiFi
048129245	22959594	32745928	3318	3287	29	2	12	60	56	Other	Other	HiFi
048165095	45176131	45176131	3333	3308	21	4	10	47	86	Other	Other	CLR
048174265	13535775	13535775	3379	3367	10	2	4	7	52	Other	Other	HiFi
048174545	23231059	23231059	3381	3361	18	2	3	6	56	Other	Other	HiFi
048182245	24220667	24220667	3380	3369	10	1	3	7	62	Other	Other	HiFi
048182625	31018029	40131624	3368	3298	69	1	8	14	67	Other	Other	HiFi
048197165	199370	138366223	3372	3291	16	65	12	6	72	Other	Other	Other
048197175	18797	18797	2336	2303	32	1	837	203	61	Other	Other	Illumina
048197275	189835	113335649	3332	3277	10	45	43	15	102	Other	Other	ONT
048197345	22514	45928	2341	2307	11	23	873	162	138	Other	Other	Illumina
048197585	37900	48136	2551	2517	11	23	689	141	72	Other	Other	Illumina
048287475	4898	14118259	2543	2533	10	0	562	279	162	Iridian	Other	Illumina
048287495	802	812	4	0	4	0	66	3320	6	Iridian	Other	Illumina
048296945	26043712	26043712	3331	3289	42	0	11	48	108	Other	Other	HiFi
048301635	83018800	83018800	3372	3361	10	1	4	14	37	Other	Other	HiFi
048319975	9791839	82343468	3283	3276	7	0	8	99	460	Other	Other	ONT
048321175	4187	21610871	2866	2857	8	1	325	199	358	Iridian	Other	Illumina
048321235	15383	76014426	3334	3329	5	0	43	13	64	Iridian	Other	Illumina
048321255	1003	37657181	691	7	684	0	1042	1655	515	Iridian	Other	Illumina
048321295	1228	1237	177	176	1	0	1154	2024	24	Iridian	Other	Illumina
048321315	469	470	38	1	37	0	613	2731	11	Iridian	Other	Illumina
048340685	89327978	98951147	3383	3244	43	96	3	4	69	Other	Other	HiFi
048414675	38431908	290615922	3364	3257	107	0	6	20	57	Other	Other	ONT
048418805	55675583	139969695	3369	3283	23	63	4	17	68	Other	Other	HiFi
048418815	8940806	175234968	3303	3270	23	10	18	69	44	Other	Other	HiFi
048453255	6875854	6875854	3346	3336	9	1	7	36	61	Other	Other	HiFi
048453275	5169599	5169599	3364	3352	11	1	7	19	57	Other	Other	HiFi
048453315	6973017	6973017	3293	3284	8	1	9	88	59	Other	Other	HiFi
048453335	4599257	4599257	3306	3296	9	1	8	75	67	Other	Other	HiFi
048453395	6659114	6659114	3339	3330	8	1	8	43	59	Other	Other	HiFi
048453415	6308463	6308463	3378	3360	17	1	4	8	54	Other	Other	HiFi
048453495	5171695	5171695	3305	3286	18	1	6	79	54	Other	Other	HiFi
048453525	7537200	7537200	3371	3358	12	1	4	15	55	Other	Other	HiFi
048453575	7788688	7788688	3306	3296	9	1	5	79	55	Other	Other	HiFi
048453615	6826603	6826603	3376	3359	16	1	5	9	55	Other	Other	HiFi
048453655	7992024	7992024	3363	3352	10	1	8	19	62	Other	Other	HiFi
048453675	9574598	9574598	3380	3353	26	1	3	7	59	Other	Other	HiFi
048453725	7626388	7626388	3333	3324	8	1	6	51	55	Other	Other	HiFi
048453775	8883161	8883161	3353	3324	29	0	5	32	59	Other	Other	HiFi
048453835	11655006	11655006	3299	3290	8	1	15	76	55	Other	Other	HiFi
048453875	8164026	8164026	3253	3244	8	1	16	121	55	Other	Other	HiFi
048453915	11911131	11911131	3340	3332	7	1	12	38	55	Other	Other	HiFi
048453975	13106942	13106942	3209	3198	10	1	15	166	58	Other	Other	HiFi
048454015	7647442	7647442	3338	3330	7	1	12	40	58	Other	Other	HiFi
048454025	17475354	17475354	3254	3248	6	0	17	119	61	Other	Other	HiFi
048454095	9263763	9263763	3334	3326	7	1	7	49	55	Other	Other	HiFi
048454125	10849345	10849345	3300	3293	6	1	5	85	59	Other	Other	HiFi
048454175	12826914	12826914	3280	3271	8	1	10	100	61	Other	Other	HiFi
048454215	10777295	10777295	3310	3301	8	1	9	71	60	Other	Other	HiFi
048454255	10358606	10358606	3297	3288	8	1	15	78	60	Other	Other	HiFi
048454295	7526848	7526848	3158	3145	12	1	27	205	57	Other	Other	HiFi
048454335	16049646	16049646	3343	3334	8	1	5	42	56	Other	Other	HiFi
048454395	7252202	7252202	3335	3325	9	1	4	51	61	Other	Other	HiFi
048454455	7428677	7428677	3296	3239	56	1	10	84	54	Other	Other	HiFi
048454475	8589843	8589843	3347	3338	8	1	10	33	58	Other	Other	HiFi
048454535	11782837	11782837	3270	3257	12	1	5	115	51	Other	Other	HiFi
048454575	11226464	11226464	3359	3342	16	1	3	28	58	Other	Other	HiFi
048454615	10245576	10245576	3354	3344	9	1	4	32	58	Other	Other	HiFi
048454635	16666446	16666446	3285	3275	9	1	11	94	56	Other	Other	HiFi
048454695	11445918	11445918	3300	3289	10	1	4	86	56	Other	Other	HiFi
048454715	11289981	11289981	3315	3304	11	0	7	68	55	Other	Other	HiFi
048454755	15930911	15930911	3287	3274	12	1	7	96	59	Other	Other	HiFi
048454795	10896811	10896811	3282	3272	9	1	8	100	59	Other	Other	HiFi
048454815	13405581	13405581	3345	3333	11	1	3	42	54	Other	Other	HiFi
048454895	11283005	11283005	3376	3339	36	1	5	9	59	Other	Other	HiFi
048454935	7687208	7687208	3369	3357	11	1	5	16	58	Other	Other	HiFi
048454975	9590050	9590050	3334	3324	9	1	4	52	53	Other	Other	HiFi
048487635	891735	27358954	3281	3159	122	0	58	50	117	Other	Other	PacBio
048544425	3676072	33477101	3216	3133	81	2	21	153	74	Other	Other	CLR
048544875	1788674	26774829	3257	3236	21	0	18	115	83	Other	Other	PacBio
048544885	770844	29700099	3293	2978	315	0	32	65	174	Other	Other	PacBio
048544905	369584	379157	3161	3113	46	2	150	75	95	Other	Other	CLR
048545015	296766	296766	3144	2377	764	3	134	110	134	Other	Other	PacBio
048564765	5348171	33188778	3328	3285	43	0	14	48	115	Other	Other	BGI
048564785	907311	45864012	3350	3316	32	2	26	14	106	Other	Other	CLR
048564805	11401552	30310941	3378	3356	20	2	5	7	62	Other	Other	CLR
048564825	10325000	43642016	3296	3268	25	3	13	81	61	Other	Other	PacBio
048564905	40278543	75404351	3384	3352	20	12	2	4	55	Other	Other	HiFi
048565035	34248948	88975660	3387	3363	12	12	2	1	106	Other	Other	PacBio
048565435	4154	4154	1827	1817	9	1	1168	372	58	Other	Other	BGI
048565455	485	485	335	333	2	0	1384	1635	23	Other	Other	CLR
048569185	10464960	18491668	3372	3224	147	1	8	10	104	Other	Other	HiFi
048569235	21792676	21792676	3374	3368	5	1	5	11	81	Other	Other	HiFi
048591965	260	270	0	0	0	0	0	3390	1	Iridian	Other	Illumina
048591985	277	9925	56	55	1	0	841	2481	252	Iridian	Other	Illumina
048593335	377633954	483525886	3382	3300	12	70	2	6	58	Other	Other	PacBio
048593965	7376425	77876639	3375	3191	180	4	4	11	85	Other	Other	CLR
048593975	40956619	103582820	3386	3312	8	66	1	3	64	Other	Other	HiFi
048594065	12946197	94849499	3350	3277	11	62	13	27	81	Other	Other	HiFi
048594095	10969524	35261244	3364	3219	143	2	7	19	72	Other	Other	CLR
048594125	3203857	95576231	3326	3231	37	58	14	50	95	Other	Other	HiFi
048595565	20729	3467435	2962	2902	60	0	300	126	111	Other	Other	Illumina
048598025	15929030	94974971	3340	3261	11	68	2	48	70	Other	Other	HiFi
048598065	18467006	103677361	3372	3259	49	64	1	17	69	Other	Other	HiFi
048603155	107742994	147847344	3387	3361	8	18	2	1	53	Other	Other	ONT
048604485	26815	76153626	3345	3345	0	0	36	9	54	Iridian	Other	Illumina
048604525	31645	66240164	3355	3353	2	0	27	8	68	Iridian	Other	Illumina
048604535	483	39473929	337	337	0	0	1169	1884	619	Iridian	Other	Illumina
048604585	4408	81934700	3007	3005	2	0	276	107	400	Iridian	Other	Illumina
048628765	4137	5503	1769	1754	15	0	1149	453	93	Other	Other	Illumina
048756695	15273318	76290100	3373	3366	6	1	6	11	589	Other	Other	PacBio
048772765	1978471	130314220	3290	3255	34	1	36	64	173	Other	Other	ONT
048773025	54723239	79915242	3388	3367	12	9	2	0	48	Other	Other	HiFi
048898525	264	25221492	4	1	3	0	244	3141	38	Iridian	Other	Illumina
048932625	33245349	33245349	3337	3312	24	1	10	43	77	Other	Other	HiFi
048933755	3189397	3189397	3345	3326	13	6	17	27	93	Other	Other	HiFi
049000135	23028	27446	1893	1881	10	2	1173	308	73	B10K	Other	BGI
049004235	904156	904156	3167	3156	10	1	117	106	807	Other	Other	ONT
049004275	47308070	47308070	3370	3328	41	1	4	16	88	Other	Other	HiFi
049004345	2716042	2716042	3283	3274	7	2	21	85	298	Other	Other	ONT
049004365	435700	435700	3146	3133	12	1	135	108	610	Other	Other	ONT
049004405	91068789	106649435	3388	3310	14	64	0	2	62	Other	Other	HiFi
049004495	5368111	95863590	3356	3267	23	66	5	29	92	Other	Other	HiFi
049004595	56775930	97210101	3342	3267	9	66	5	43	67	Other	Other	HiFi
049115385	91326797	111330059	3373	3261	25	87	4	13	83	Other	Other	HiFi
049174675	7513	19027973	2994	2982	12	0	265	127	177	Iridian	Other	Illumina
049174695	6624	21201148	3056	3045	10	1	226	107	158	Iridian	Other	Illumina
049174715	6812	16621992	2999	2985	14	0	256	130	164	Iridian	Other	Illumina
049174735	9024	20368261	3031	3019	12	0	247	112	132	Iridian	Other	Illumina
049174755	9121	23656301	3269	3250	19	0	65	56	86	Iridian	Other	Illumina
049174775	13801	23803631	3267	3249	18	0	68	53	75	Iridian	Other	Illumina
049174815	8397	20377587	3046	3028	18	0	236	108	144	Iridian	Other	Illumina
049176195	5342	14891975	2779	2766	13	0	428	178	189	Iridian	Other	Illumina
049176255	28540	75627000	3364	3363	1	0	22	4	56	Iridian	Other	Illumina
049176275	23270	75991457	3347	3345	2	0	35	8	92	Iridian	Other	Illumina
049176295	34452	75505413	3351	3351	0	0	33	6	51	Iridian	Other	Illumina
049176315	32658	75509498	3348	3348	0	0	35	7	64	Iridian	Other	Illumina
049176335	33089	76177608	3353	3350	3	0	32	5	56	Iridian	Other	Illumina
049176355	32089	75503997	3363	3362	0	1	22	5	53	Iridian	Other	Illumina
049176375	5704	16490587	2959	2947	12	0	295	135	169	Iridian	Other	Illumina
049176415	2997	14085508	2806	2793	13	0	428	153	261	Iridian	Other	Illumina
049176475	21830	25489078	3315	3208	106	1	53	22	66	Iridian	Other	Illumina
049176495	7334	25368143	3188	3172	15	1	124	78	119	Iridian	Other	Illumina
049176515	11956	21993545	3229	3214	15	0	93	67	94	Iridian	Other	Illumina
049176535	14956	25516055	3323	3215	106	2	42	25	80	Iridian	Other	Illumina
049176555	23158	25373198	3328	3207	117	4	39	23	71	Iridian	Other	Illumina
049176575	42527	77598070	3356	3355	1	0	27	6	54	Iridian	Other	Illumina
049176595	3594	14671215	2792	2777	15	0	420	174	240	Iridian	Other	Illumina
049176655	14638	21205973	3176	3157	18	1	142	72	109	Iridian	Other	Illumina
049176675	6118	20687949	3086	3073	13	0	197	105	193	Iridian	Other	Illumina
049176695	23678	75685444	3359	3356	2	1	24	7	69	Iridian	Other	Illumina
049176715	1217	1225	122	122	0	0	991	2250	18	Iridian	Other	Illumina
049176735	6919	44014385	3132	3127	4	1	193	65	194	Iridian	Other	Illumina
049176775	345	18464199	574	574	0	0	1460	1354	832	Iridian	Other	Illumina
049176815	1065	97384675	2254	2245	7	2	574	559	674	Iridian	Other	Illumina
049176835	36345	76721406	3331	3329	2	0	51	8	75	Iridian	Other	Illumina
049176855	893	95105955	2185	2180	4	1	619	586	644	Iridian	Other	Illumina
049176895	383	22278689	1499	1496	3	0	1167	718	863	Iridian	Other	Illumina
049176915	5067	41860650	3276	3266	10	0	81	33	124	Iridian	Other	Illumina
049176935	2241	32231224	3127	3119	8	0	193	68	215	Iridian	Other	Illumina
049176955	1928	2182	1030	1017	12	1	1258	1073	181	Iridian	Other	Illumina
049176975	9807	20146077	3158	3143	15	0	143	86	117	Iridian	Other	Illumina
049180535	4333	16159205	2794	2774	20	0	425	168	205	Iridian	Other	Illumina
049180555	45327	75739459	3368	3368	0	0	19	3	63	Iridian	Other	Illumina
049180575	13701	23516914	3291	3187	102	2	63	36	90	Iridian	Other	Illumina
049180595	42084	75608272	3364	3363	1	0	22	4	62	Iridian	Other	Illumina
049180615	4081	19805358	2991	2978	13	0	256	141	234	Iridian	Other	Illumina
049180635	7658	17697260	3063	3047	16	0	217	110	168	Iridian	Other	Illumina
049180675	7755	18283010	3033	3020	13	0	236	120	179	Iridian	Other	Illumina
049180695	21823	77814246	3363	3360	3	0	22	5	59	Iridian	Other	Illumina
049180715	8436	18759205	2991	2975	16	0	269	128	162	Iridian	Other	Illumina
049180735	34889	20287447	3359	3352	6	1	22	9	83	Iridian	Other	Illumina
049180755	11460	238825	3079	3074	5	0	257	53	97	Iridian	Other	Illumina
049180775	4515	7238	2223	2211	12	0	830	322	144	Iridian	Other	Illumina
049180815	5072	8372	2364	2353	10	1	743	273	153	Iridian	Other	Illumina
049180835	4848	9228	2028	2018	10	0	978	368	137	Iridian	Other	Illumina
049180875	13829	342711	3101	3094	6	1	234	54	81	Iridian	Other	Illumina
049180915	2655	140012706	3040	3028	11	1	160	189	256	Iridian	Other	Illumina
049180935	1585	148181254	2685	2676	7	2	340	365	411	Iridian	Other	Illumina
049180955	2637	99878281	3062	3053	8	1	147	181	270	Iridian	Other	Illumina
049181115	4668	20165163	2747	2736	11	0	436	206	278	Iridian	Other	Illumina
049181155	9334	20296754	3108	3095	13	0	192	90	138	Iridian	Other	Illumina
049181195	12657	21874383	3216	3201	15	0	99	74	101	Iridian	Other	Illumina
049181215	11191	21916001	3202	3188	14	0	121	66	111	Iridian	Other	Illumina
049181295	507	98065853	1408	1405	1	2	924	1057	650	Iridian	Other	Illumina
049181395	3377	5525	1705	1695	9	1	1135	538	332	Iridian	Other	Illumina
049181435	9191	20546677	3316	3310	6	0	48	25	156	Iridian	Other	Illumina
049181455	3214	17694348	2468	2461	7	0	687	232	351	Iridian	Other	Illumina
049181475	7678	18905710	2982	2969	12	1	277	130	186	Iridian	Other	Illumina
049181495	11169	19186883	3074	3053	21	0	218	98	125	Iridian	Other	Illumina
049181515	5805	19644728	2698	2691	7	0	476	210	230	Iridian	Other	Illumina
049181575	5925	32819148	3147	3141	5	1	181	61	149	Iridian	Other	Illumina
049181615	9885	22569584	3243	3231	11	1	125	22	168	Iridian	Other	Illumina
049181635	4706	5416	1640	1630	9	1	1121	611	105	Iridian	Other	Illumina
049181675	1487	3277	1454	1436	17	1	1418	510	337	Iridian	Other	Illumina
049181695	694	102390299	2403	2396	5	2	476	507	525	Iridian	Other	Illumina
049190835	37952886	89298488	3379	3344	35	0	2	9	43	Other	Other	HiFi
049190895	23106468	76917133	3375	3333	42	0	3	12	56	Other	Other	HiFi
049243985	52451795	129360563	3361	3338	14	9	8	21	65	Other	Other	HiFi
049306965	59305174	59305174	3347	3323	21	3	14	29	64	Other	Other	PacBio
049307565	36018199	36049785	3376	3331	43	2	2	12	63	Other	Other	HiFi
049307585	24425002	32595500	3366	932	2428	6	8	16	94	Other	Other	HiFi
049308485	1331899	1331899	3282	2797	286	199	37	71	81	Other	Other	HiFi
049308825	1991881	75022993	3367	1727	1637	3	17	6	71	Other	Other	HiFi
049309305	9293763	30569300	3369	1467	1896	6	7	14	107	Other	Other	HiFi
049309525	132089	49275370	3189	2903	285	1	102	99	93	Other	Other	HiFi
049309625	5041903	28576443	3371	3215	154	2	9	10	95	Other	Other	HiFi
049354665	137280848	142034236	3387	3249	32	106	1	2	70	Other	Other	CLR
049462935	37081975	47078771	3313	3237	73	3	19	58	62	Other	Other	HiFi
049634505	68783667	68783667	3354	3291	13	50	1	35	72	Other	Other	HiFi
049634565	90185745	90185745	3344	3254	38	52	3	43	77	Other	Other	HiFi
049634645	107607917	129579767	3353	3326	25	2	8	29	53	Other	Other	HiFi
049638725	12673905	23702079	3368	3352	15	1	7	15	433	Other	Other	ONT
049638765	32358099	33126299	3371	924	2443	4	5	14	114	Other	Other	HiFi
049638825	2804349	34928193	3364	3350	14	0	8	18	389	Other	Other	ONT
049639485	26458349	30708761	3365	3338	27	0	7	18	70	Other	Other	HiFi
049639895	32246491	73139925	3366	3362	4	0	6	18	70	Other	Other	HiFi
049640105	743701	35808772	3297	3282	15	0	45	48	574	Other	Other	ONT
049640345	8981187	9033843	2632	2555	28	49	44	714	121	Other	Other	HiFi
049640505	94784840	94784840	3387	3304	40	43	1	2	69	Other	Other	HiFi
049724495	13224848	72985942	3370	3358	9	3	6	14	63	Other	Other	HiFi
049724535	3773583	72176561	3372	3358	10	4	3	15	60	Other	Other	HiFi
049724575	11642057	67255391	3376	3361	11	4	3	11	60	Other	Other	HiFi
049739055	9089192	24378073	3329	3295	34	0	18	43	75	Other	Other	HiFi
049815525	54699724	54699724	3381	3365	15	1	7	2	50	Other	Other	HiFi
049830015	33954625	35342838	3373	874	2494	5	7	10	104	Other	Other	HiFi
049852335	30524957	121651058	3355	3274	17	64	4	31	60	Other	Other	HiFi
049862795	25596984	28043942	3382	3373	8	1	5	3	75	Other	Other	PacBio
049863035	632754	90920403	3362	555	2804	3	16	12	100	Other	Other	HiFi
049901635	1427988	1427988	3285	3219	25	41	54	51	158	Other	Other	PacBio
049901715	7104416	200959534	3289	3286	2	1	27	74	92	Other	Other	ONT
049901735	9430810	211178498	3272	3262	5	5	16	102	103	Other	Other	ONT
049901815	62574	35124745	2950	2807	139	4	185	255	558	Other	Other	ONT
049919795	35870095	35870095	3372	3340	31	1	7	11	52	Other	Other	HiFi
049942415	27838	75040556	3349	3346	2	1	36	5	74	Iridian	Other	Illumina
049942455	42433	42432072	3368	3366	1	1	18	4	63	Iridian	Other	Illumina
049942475	25478	64326235	3341	3338	2	1	40	9	85	Iridian	Other	Illumina
049942495	12726	76688323	3338	3335	3	0	42	10	90	Iridian	Other	Illumina
049942515	19505	77642345	3372	3369	3	0	16	2	78	Iridian	Other	Illumina
049942535	33272	79415790	3367	3367	0	0	20	3	61	Iridian	Other	Illumina
049942555	846	57843336	588	583	5	0	947	1854	552	Iridian	Other	Illumina
049949165	21937384	22433866	3374	3361	13	0	7	9	97	Other	Other	CLR
049996615	24588030	30621129	3388	3379	8	1	2	0	57	Other	Other	HiFi
049997475	16955	29133	1809	1770	24	15	1195	367	228	Other	Other	Illumina
049997595	1241390	1241390	3248	3222	19	7	26	116	496	Other	Other	ONT
049998635	80241939	80241939	3329	3314	13	2	14	47	57	Other	Other	HiFi
049999145	77119767	144007479	3388	3370	11	7	1	1	50	Other	Other	HiFi
049999565	863499	863499	2767	2509	84	174	450	169	208	Other	Other	HiFi
049999965	63372439	118569001	3385	3379	5	1	2	3	33	Other	Other	CLR
050000005	63372439	118569001	3385	3379	5	1	2	3	33	Other	Other	CLR
050000055	28556977	95007747	3379	3321	20	38	4	7	43	Other	Other	HiFi
050004315	1743644	4254425	3036	2736	117	183	230	124	198	Other	Other	HiFi
050042745	1773328	113866299	3317	3303	11	3	46	27	88	Other	Other	PacBio
050043525	26829641	68641415	3380	3375	5	0	2	8	42	Other	Other	ONT
050043775	10528470	10528470	3340	3330	10	0	11	39	114	Other	Other	HiFi
050043955	28741071	28741071	3357	3305	52	0	10	23	107	Other	Other	HiFi
050059765	73728110	104495363	3390	3323	4	63	0	0	73	Other	Other	HiFi
050084595	30078	31590	2299	2223	15	61	862	213	116	Other	Other	Illumina
050084645	39597849	42465204	3378	3364	14	0	7	5	81	Other	Other	CLR
050084785	1346787	24637528	3300	3212	88	0	37	53	235	Other	Other	HiFi
050084865	37168586	267093197	3320	3216	99	5	23	47	44	Other	Other	PacBio
050084885	328041	68637738	3297	2993	301	3	55	36	169	Other	Other	PacBio
050084895	73656310	99603171	3389	3258	28	103	0	1	61	Other	Other	HiFi
050125195	1803	15817622	1826	1822	4	0	967	582	734	Iridian	Other	Illumina
050140585	7895182	47099876	3382	2718	664	0	5	3	87	Other	Other	HiFi
050230035	564332	564332	3274	3256	13	5	47	69	956	Other	Other	ONT
050230965	87363	2927997	3329	3255	19	55	44	17	71	Other	Other	Illumina
050231085	32490658	32490658	3372	451	2917	4	6	12	97	Other	Other	HiFi
050231125	90477219	143096131	3388	3376	6	6	1	1	47	Other	Other	HiFi
050231175	57283861	215196393	3334	3320	9	5	10	46	42	Other	Other	HiFi
050231285	15084298	49469991	3345	3302	43	0	13	32	298	Other	Other	ONT
050234705	29902800	29902800	3382	3371	11	0	2	6	62	Other	Other	HiFi
050242785	2389023	2389023	3297	3251	46	0	13	80	73	Other	Other	HiFi
050242835	132403	132403	2097	2074	23	0	165	1126	125	Other	Other	HiFi
050306495	14937171	36527228	3368	3356	12	0	9	13	86	Other	Other	HiFi
050306515	3981673	36621189	3369	3329	40	0	5	16	97	Other	Other	HiFi
050306535	3888307	36711406	3306	3274	32	0	11	73	83	Other	Other	HiFi
050320145	99454515	99454515	3388	3294	14	80	1	1	49	Other	Other	HiFi
050436865	14740953	26566960	3390	3371	19	0	0	0	76	Other	Other	HiFi
050436925	97716	78206318	3375	3319	3	53	7	8	76	Other	Other	Illumina
050437135	141298708	141298708	3100	3001	22	77	15	275	106	Other	Other	HiFi
050437385	1075357	1075357	3266	1848	1418	0	54	70	99	Other	Other	HiFi
050491545	100783804	135568488	3387	3324	25	38	0	3	43	Other	Other	HiFi
050491585	133365324	144166349	3389	3320	32	37	0	1	47	Other	Other	HiFi
050491635	104183495	128728249	3342	3286	28	28	4	44	64	Other	Other	HiFi
050491695	99192912	135135935	3389	3328	26	35	0	1	46	Other	Other	HiFi
050491765	88310049	124587259	3383	3323	25	35	1	6	47	Other	Other	HiFi
050491865	98239835	131419195	3386	3321	28	37	0	4	48	Other	Other	HiFi
050491905	108095105	133502275	3340	3286	27	27	4	46	59	Other	Other	HiFi
050491965	108207308	111373065	3388	3315	37	36	0	2	50	Other	Other	HiFi
050492005	82387835	133185834	3382	3318	27	37	2	6	50	Other	Other	HiFi
050492055	88566946	97773028	3389	3328	25	36	0	1	52	Other	Other	HiFi
050492105	106176257	111330550	3387	3327	25	35	1	2	54	Other	Other	HiFi
050492185	101521980	109199147	3389	3327	26	36	0	1	47	Other	Other	HiFi
050492225	107895603	121282508	3389	3322	30	37	0	1	51	Other	Other	HiFi
050492395	99727028	112418370	3338	3278	28	32	3	49	59	Other	Other	HiFi
050492505	67037934	98021117	3384	3320	27	37	1	5	53	Other	Other	HiFi
050492565	97943727	99912430	3379	3319	25	35	1	10	46	Other	Other	HiFi
050492605	86790061	97486515	3341	3289	25	27	6	43	56	Other	Other	HiFi
050492665	96738800	108017953	3358	3291	32	35	2	30	52	Other	Other	HiFi
050492705	89538658	109298203	3389	3327	26	36	0	1	50	Other	Other	HiFi
050492775	88583983	111143729	3383	3320	27	36	0	7	51	Other	Other	HiFi
050492875	92014481	103467333	3389	3328	25	36	0	1	51	Other	Other	HiFi
050492915	83761181	108117273	3365	3304	26	35	2	23	51	Other	Other	HiFi
050492985	97967879	104680320	3387	3324	27	36	1	2	47	Other	Other	HiFi
050493025	96514761	104432821	3371	3308	26	37	2	17	53	Other	Other	HiFi
050493065	97134000	133231147	3381	3315	28	38	1	8	50	Other	Other	HiFi
050493125	110739791	136826388	3383	3317	30	36	3	4	49	Other	Other	HiFi
050493175	62727753	90174874	3379	3313	32	34	3	8	55	Other	Other	HiFi
050493265	120509685	132819572	3389	3327	26	36	0	1	51	Other	Other	HiFi
050493375	104084614	134278832	3389	3325	26	38	0	1	52	Other	Other	HiFi
050493415	111678983	127444954	3388	3326	26	36	1	1	51	Other	Other	HiFi
050493455	110964555	133351672	3328	3278	26	24	6	56	62	Other	Other	HiFi
050493475	100445433	131660691	3389	3325	27	37	0	1	52	Other	Other	HiFi
050493535	106909548	134940649	3388	3326	25	37	0	2	52	Other	Other	HiFi
050493585	133677246	134108251	3389	3327	27	35	0	1	51	Other	Other	HiFi
050493645	92713393	92713393	3389	3327	26	36	0	1	44	Other	Other	HiFi
050493755	98616337	111552720	3388	3326	28	34	0	2	46	Other	Other	HiFi
050493795	103460986	134697828	3363	3304	27	32	2	25	52	Other	Other	HiFi
050493885	108796911	133908376	3389	3325	27	37	0	1	49	Other	Other	HiFi
050493935	130601890	134652005	3388	3327	26	35	0	2	50	Other	Other	HiFi
050493985	94572944	135328604	3344	3286	31	27	3	43	56	Other	Other	HiFi
050494025	110522386	137048583	3388	3322	29	37	1	1	46	Other	Other	HiFi
050494065	112316803	132989471	3376	3312	27	37	0	14	49	Other	Other	HiFi
050494085	103414596	133176866	3350	3291	31	28	3	37	59	Other	Other	HiFi
050494185	136753856	136753856	3389	3321	31	37	0	1	49	Other	Other	HiFi
050494665	101410558	135952520	3388	3324	26	38	0	2	53	Other	Other	HiFi
050494785	99783586	133423702	3387	3325	27	35	0	3	55	Other	Other	HiFi
050494905	102971584	126225561	3381	3318	28	35	1	8	49	Other	Other	HiFi
050495045	115938779	135121617	3364	3304	27	33	2	24	51	Other	Other	HiFi
050495135	102235777	134475779	3385	3325	25	35	1	4	44	Other	Other	HiFi
050495215	97321608	110821550	3347	3292	27	28	2	41	60	Other	Other	HiFi
050495255	97964146	132793541	3382	3314	30	38	3	5	56	Other	Other	HiFi
050495315	104024592	132245320	3389	3325	27	37	0	1	50	Other	Other	HiFi
050495845	1966309	42774560	3355	3325	28	2	12	23	72	Other	Other	HiFi
050506835	132757960	141277980	3389	3327	26	36	0	1	44	Other	Other	HiFi
050511675	4149	22623212	2799	2775	24	0	439	149	286	Iridian	Other	Illumina
050511735	4077	22894199	2593	2587	6	0	566	229	337	Iridian	Other	Illumina
050511755	8537	21542582	3071	3066	5	0	228	90	135	Iridian	Other	Illumina
050511795	3835	5892	1460	1448	11	1	1340	562	60	Iridian	Other	Illumina
050511815	5105	11935	2671	2659	11	1	572	140	137	Iridian	Other	Illumina
050511835	4561	19410230	2824	2816	8	0	415	150	214	Iridian	Other	Illumina
050511855	3197	19052131	2610	2605	4	1	557	221	297	Iridian	Other	Illumina
050511875	6982	138136	3108	3096	10	2	219	59	79	Iridian	Other	Illumina
050573435	23187	76990411	3289	3286	2	1	81	20	115	Iridian	Other	Illumina
050573455	15266	74836690	3324	3322	1	1	54	11	90	Iridian	Other	Illumina
050573475	13505	19957730	3030	3019	10	1	236	123	171	Iridian	Other	Illumina
050573535	20905	17578950	3371	3365	4	2	15	4	89	Iridian	Other	Illumina
050573555	6642	32739253	3200	3199	1	0	142	48	143	Iridian	Other	Illumina
050573655	10721	21175671	3183	3176	6	1	152	54	119	Iridian	Other	Illumina
050573675	4123	22222250	2873	2868	5	0	392	123	210	Iridian	Other	Illumina
050573715	3271	28658551	2801	2796	5	0	364	222	238	Iridian	Other	Illumina
050573755	337	338	13	11	2	0	398	2975	6	Iridian	Other	Illumina
050573775	1459	3951	1937	11	1926	0	951	498	565	Iridian	Other	Illumina
050574305	29202791	39226643	3329	3294	32	3	12	49	61	Other	Other	HiFi
050574515	3346449	143945165	3363	3328	26	9	10	17	74	Other	Other	HiFi
050575085	13224000	13224000	3377	3354	23	0	6	7	82	Other	Other	HiFi
050575185	41707044	41707044	3347	3320	26	1	16	27	63	Other	Other	HiFi
050575255	71801	4597212	3265	3251	14	0	56	69	88	Other	Other	Illumina
050575275	44630	4788332	3257	3241	16	0	59	74	95	Other	Other	Illumina
050575475	3133124	3133124	3368	3326	41	1	14	8	81	Other	Other	HiFi
050575495	5977474	5977474	3367	3288	78	1	8	14	86	Other	Other	HiFi
050575535	2755359	2755359	3336	3263	72	1	34	19	100	Other	Other	HiFi
050578055	23843553	23843553	3382	3362	20	0	2	6	76	Other	Other	HiFi
050578075	15080	42754	2454	2448	3	3	744	184	73	Other	Other	Illumina
050613475	31892113	36570103	3381	3363	12	6	6	3	59	Other	Other	HiFi
050613815	94324657	203681815	3332	3322	7	3	14	44	49	Other	Other	HiFi
050613895	2529731	153064829	3259	3228	27	4	46	85	55	Other	Other	HiFi
050624465	54742630	165248668	3301	3157	27	117	12	77	99	Other	Other	HiFi
050626335	3211168	34841370	3335	3287	47	1	21	34	90	Other	Other	HiFi
050655445	85586699	178810477	3340	3322	11	7	4	46	65	Other	Other	HiFi
050655735	57875299	70278893	3221	3208	12	1	7	162	57	Other	Other	ONT
050656315	141000299	154368220	3389	3318	35	36	0	1	46	Other	Other	HiFi
050881965	30447840	30447840	3372	1104	2264	4	6	12	90	Other	Other	HiFi
050916515	3737	21394239	2737	2727	10	0	477	174	258	Iridian	Other	Illumina
050916685	71454981	92258836	3389	3266	18	105	0	1	65	Other	Other	CLR
050926195	4648668	47421265	3349	3314	33	2	15	26	71	Other	Other	Illumina
050926205	47681809	139036104	3388	3301	16	71	0	2	75	Other	Other	ONT
050947425	18147389	88319617	3385	3383	2	0	0	5	49	Other	Other	HiFi
050947455	8675653	410882874	3232	3202	27	3	42	116	50	Other	Other	HiFi
050947545	122914	71570192	3233	3216	14	3	58	98	106	Other	Other	Illumina
050947775	1619376	41660871	3309	3295	14	0	13	68	322	Other	Other	PacBio
050947845	12472032	12963786	3349	3284	64	1	7	34	53	Other	Other	HiFi
050947925	265203	45450274	3371	3360	11	0	10	9	68	Other	Other	PacBio
051013605	3134	31902561	3105	3092	11	2	204	81	203	Iridian	Other	Illumina
051016625	34289	76939095	3325	3325	0	0	53	11	62	Iridian	Other	Illumina
051016645	4804	21902564	3009	2996	11	2	286	92	176	Iridian	Other	Illumina
051016685	3899	30931110	3100	3096	4	0	207	83	189	Iridian	Other	Illumina
051016705	1542	10818326	1857	7	1850	0	999	526	563	Iridian	Other	Illumina
051020865	16043130	16043130	3346	3335	11	0	11	33	132	Other	Other	HiFi
051027255	26575253	26575253	3390	3383	7	0	0	0	50	Other	Other	CLR
051106085	102689456	117936486	3384	3313	11	60	0	6	70	Other	Other	HiFi
051106095	134074000	266210064	3364	3349	13	2	5	21	48	Other	Other	HiFi
051107095	2084	14835150	3079	3066	11	2	216	94	329	Other	Other	Illumina
051107105	3180	14662448	3271	3244	25	2	81	37	199	Other	Other	Illumina
051107145	5625	15396217	3269	3249	19	1	85	35	135	Other	Other	Illumina
051107165	4241	15375923	3199	3178	20	1	129	61	203	Other	Other	BGI
051107185	3238	15825868	3274	3251	21	2	85	31	167	Other	Other	Illumina
051107215	8126	15207920	3255	3232	22	1	104	31	142	Other	Other	Illumina
051107335	58593296	147818333	3334	3302	13	19	5	51	66	Other	Other	HiFi
051107445	60698384	157387023	3386	3337	9	40	1	3	55	Other	Other	HiFi
051107495	26989190	27314691	3384	3372	12	0	4	2	56	Other	Other	HiFi
051107505	49393690	159727393	3381	3302	66	13	3	6	56	Other	Other	HiFi
051107595	101513163	156917333	3288	3267	10	11	12	90	71	Other	Other	HiFi
051107935	43299	8734711	3227	3185	17	25	80	82	101	Other	Other	Illumina
051110555	2208	13370259	3289	3256	33	0	71	29	168	Other	Other	Illumina
051122635	86411128	110773387	3386	3323	9	54	1	3	73	Other	Other	HiFi
051143605	51740598	108114398	3365	3319	12	34	7	18	53	Other	Other	HiFi
051167395	11731257	18993287	3371	3320	50	1	6	13	73	Other	Other	HiFi
051167445	15136291	37724434	3376	3357	19	0	3	11	60	Other	Other	HiFi
051167465	28128084	30265916	3373	1098	2272	3	6	11	107	Other	Other	HiFi
051168715	25469312	31502199	3376	3346	30	0	5	9	69	Other	Other	HiFi
051168745	28388427	32287255	3376	3355	21	0	4	10	79	Other	Other	HiFi
051168995	16320677	20904794	3348	3275	72	1	11	31	63	Other	Other	HiFi
051175735	9187813	9187813	3360	3349	11	0	11	19	54	Other	Other	HiFi
051175815	14486001	14486001	3351	3341	7	3	6	33	53	Other	Other	HiFi
051175835	5709434	5709434	3361	3357	4	0	9	20	66	Other	Other	HiFi
051175865	20054999	20054999	3356	3348	8	0	14	20	69	Other	Other	HiFi
051175885	5242973	5242973	3383	3376	7	0	4	3	46	Other	Other	HiFi
051176035	7586340	7586340	3275	3236	17	22	30	85	88	Other	Other	HiFi
051176105	2590683	2590683	3360	3353	3	4	12	18	61	Other	Other	HiFi
051176145	7769302	7769302	3344	3290	6	48	22	24	72	Other	Other	HiFi
051176215	10659787	10659787	3376	3364	11	1	3	11	50	Other	Other	HiFi
051176245	9559700	9559700	3369	3364	5	0	5	16	66	Other	Other	HiFi
051176275	5571114	5571114	3376	3371	4	1	3	11	43	Other	Other	HiFi
051176345	9737246	9737246	3365	3345	19	1	11	14	48	Other	Other	HiFi
051176395	18951180	18951180	3364	3356	8	0	4	22	57	Other	Other	HiFi
051176445	2543090	2543090	3298	3290	7	1	14	78	53	Other	Other	HiFi
051176495	11613869	11613869	3374	3336	38	0	8	8	57	Other	Other	HiFi
051176545	1701252	1701252	3282	2834	445	3	40	67	78	Other	Other	HiFi
051176615	10625239	10625239	3375	3186	26	163	8	7	81	Other	Other	HiFi
051200465	895397	114620712	2968	2956	9	3	133	289	57	Other	Other	HiFi
051200555	24398468	24398468	3369	3362	7	0	5	16	55	Other	Other	HiFi
051200695	7375059	7375059	3287	2810	476	1	11	92	71	Other	Other	HiFi
051201465	52416241	52416241	3364	3344	12	8	7	19	105	Other	Other	PacBio
051201485	29203291	31659095	3388	3361	26	1	2	0	62	Other	Other	HiFi
051225735	138122305	148896876	3378	3269	25	84	4	8	72	Other	Other	HiFi
051225755	18697453	28100061	3353	3336	17	0	4	33	67	Other	Other	HiFi
051225775	20593214	26514283	3344	3324	20	0	7	39	75	Other	Other	HiFi
900005705	9390	383627	2682	1846	832	4	369	331	207	Other	Other	Other
900006375	3657	178272	3062	3053	4	5	266	60	143	Other	Other	Illumina
900006655	9406846	20634945	3371	3316	20	35	3	16	220	Other	Other	CLR
900066035	1066117	1191366	3386	3259	125	2	3	1	279	Other	Other	Other
900067755	33259	2290546	3302	3298	4	0	58	29	89	Other	Other	Illumina
900080235	703847	794648	3290	3151	138	1	61	38	262	Other	Other	PacBio
900092035	38877	21959719	2804	2775	27	2	349	235	1381	Other	Other	Illumina
900094665	30917	122627250	3356	3281	16	59	19	15	89	Other	Other	Illumina
900095145	29465	111406228	3354	3299	10	45	18	18	86	Other	Other	Illumina
900108605	32336	6814223	3331	3295	9	27	40	19	116	Other	Other	Illumina
900168385	2701	295259	2924	2898	12	14	346	115	360	Other	Other	Illumina
900186095	97133	62039716	3355	3325	9	21	25	10	77	Other	Other	Illumina
900205225	96283	10035936	3300	3297	3	0	52	38	88	Other	Other	Illumina
900216065	105778	16846143	3271	3255	16	0	85	34	90	Other	Other	Illumina
900231065	173312	1671595	3347	3341	6	0	27	16	75	Other	Other	Illumina
900232925	11840837	11840837	3353	3302	16	35	17	20	89	Other	Other	ONT
900245895	368212	368212	3218	3183	19	16	120	51	86	Other	Other	PacBio
900245905	662519	662519	3302	3250	19	33	59	29	75	Other	Other	PacBio
900246015	130633	20042208	3136	2916	219	1	95	159	1845	Other	Other	Illumina
900246225	4438245	38669361	3349	3293	50	6	10	31	63	Other	Other	Other
900291075	77605	209126	3256	3222	34	0	71	61	478	Other	Other	PacBio
900302275	4524	6820	1931	1915	16	0	979	461	89	Other	Other	Illumina
900302285	8161	15180	2195	2187	7	1	864	313	95	Other	Other	Illumina
900302295	4177	6391	1368	1357	9	2	1244	750	74	Other	Other	Illumina
900302305	5803	9571	2220	2213	7	0	878	275	71	Other	Other	Illumina
900302315	4532	10640	2099	2093	6	0	857	415	118	Other	Other	Illumina
900302325	3126	3555	1211	1206	5	0	1344	806	81	Other	Other	Illumina
900302335	3458	4502	1382	1373	8	1	1232	754	79	Other	Other	Illumina
900302345	4562	7633	1709	1702	6	1	1078	572	108	Other	Other	Illumina
900302355	4843	7082	1823	1815	7	1	1121	424	104	Other	Other	Illumina
900302375	4956	6483	1859	1854	5	0	1070	435	61	Other	Other	Illumina
900302385	3803	4892	1593	1589	4	0	1162	610	80	Other	Other	Illumina
900302395	4452	5922	697	695	2	0	1510	1154	57	Other	Other	Illumina
900302405	7314	9654	1859	1854	5	0	1073	440	95	Other	Other	Illumina
900302415	3248	3976	1123	1119	4	0	1177	1063	77	Other	Other	Illumina
900302425	3682	4650	1576	1569	6	1	1171	616	85	Other	Other	Illumina
900302515	3221	3572	1134	1128	4	2	1279	952	74	Other	Other	Illumina
900302525	3215	3697	1221	1218	3	0	1264	881	69	Other	Other	Illumina
900302535	8761	21768	2475	2459	14	2	670	231	124	Other	Other	Illumina
900302545	4051	5222	1222	1212	8	2	1388	748	88	Other	Other	Illumina
900302555	9816	21306	2476	2467	8	1	658	238	96	Other	Other	Illumina
900302565	5765	16818	2219	2212	5	2	792	367	131	Other	Other	Illumina
900302575	3603	4335	1306	1301	4	1	1257	796	89	Other	Other	Illumina
900302585	6781	9773	2017	2010	6	1	1003	351	52	Other	Other	Illumina
900302595	3379	3951	1100	1092	6	2	1262	999	86	Other	Other	Illumina
900302605	5112	7469	1553	1542	8	3	1227	588	77	Other	Other	Illumina
900302615	9243	21389	2612	2599	12	1	609	161	98	Other	Other	Illumina
900302625	16808	46920	2780	2774	6	0	476	125	102	Other	Other	Illumina
900302635	4581	5920	826	824	2	0	1658	869	71	Other	Other	Illumina
900302645	4140	5972	1283	1279	4	0	1371	699	93	Other	Other	Illumina
900302655	9467	16564	2223	2217	6	0	886	266	99	Other	Other	Illumina
900302665	18817	50227	2975	2965	8	2	354	58	93	Other	Other	Illumina
900302675	5460	7329	1535	1528	6	1	1229	599	72	Other	Other	Illumina
900302685	11633	28198	2688	2680	7	1	550	140	91	Other	Other	Illumina
900302695	17055	71786	3095	3088	6	1	252	38	69	Other	Other	Illumina
900302745	7343	16796	2111	2106	5	0	814	447	156	Other	Other	Illumina
900302755	8509	14223	2049	2036	13	0	974	355	63	Other	Other	Illumina
900303205	3267	4433	1476	1472	4	0	1208	686	86	Other	Other	Illumina
900303215	3900	6379	1766	1760	6	0	1093	510	105	Other	Other	Illumina
900303225	3431	4715	1656	1650	4	2	1103	604	82	Other	Other	Illumina
900303235	3282	3702	1062	1058	4	0	1324	972	86	Other	Other	Illumina
900303245	11209	32464	2706	2698	8	0	451	228	119	Other	Other	Illumina
900303255	6729	11480	1902	1898	4	0	866	606	88	Other	Other	Illumina
900303265	17578	45752	3041	3031	9	1	262	85	84	Other	Other	Illumina
900303275	6086	9774	2135	2129	5	1	804	442	201	Other	Other	Illumina
900303285	860710	2502259	3297	3270	24	3	30	63	55	Other	Other	ONT
900312545	3670	5117	1204	1200	4	0	1270	898	89	Other	Other	Illumina
900312555	4213	5470	1448	1443	4	1	1333	578	91	Other	Other	Illumina
900312565	4286	5987	1452	1446	6	0	1224	695	60	Other	Other	Illumina
900312575	5636	8444	1615	1606	9	0	1231	525	160	Other	Other	Illumina
900312585	3697	4932	1343	1339	4	0	1233	778	90	Other	Other	Illumina
900312595	2928	3201	333	330	2	1	1298	1742	53	Other	Other	Illumina
900312615	3373	4684	999	997	2	0	1341	1024	59	Other	Other	Illumina
900312625	3471	4482	1095	1093	2	0	1344	925	100	Other	Other	Illumina
900312635	3457	4344	1272	1269	3	0	1260	830	114	Other	Other	Illumina
900312935	9554	16922	2570	2561	9	0	568	245	137	Other	Other	Illumina
900312945	3792	4774	1318	1314	4	0	1245	806	78	Other	Other	Illumina
900312955	5716	9473	1756	1749	7	0	1035	584	114	Other	Other	Illumina
900323295	4136	5266	1563	1555	7	1	1220	582	111	Other	Other	Illumina
900323305	6231	19998	2608	2598	10	0	555	217	128	Other	Other	Illumina
900323315	9362	21275	2423	2414	9	0	684	262	97	Other	Other	Illumina
900323325	3928	5368	1017	1008	9	0	1212	1139	42	Other	Other	Illumina
900323335	4642	6332	1600	1593	6	1	1269	496	86	Other	Other	Illumina
900323345	12029	24689	2594	2587	7	0	619	168	119	Other	Other	Illumina
900323355	3538	4444	1260	1257	3	0	1228	871	80	Other	Other	Illumina
900323365	8046	18672	2378	2373	5	0	757	237	153	Other	Other	Illumina
900323375	4393	6111	1493	1420	16	57	1037	832	83	Other	Other	Illumina
900327885	55145	2154052	3360	3351	9	0	25	5	78	Other	Other	Illumina
900408965	2231376	8960300	3353	3315	32	6	15	22	80	Other	Other	PacBio
900411745	29908	74035964	3155	3152	3	0	173	62	298	Other	Other	Illumina
900490495	2300191	10287669	3101	3029	71	1	77	212	102	Other	Other	PacBio
900497675	131583	667839	3331	3215	112	4	35	24	62	Other	Other	Illumina
900497805	113054	28503419	3360	3074	276	10	14	16	57	Other	Other	Illumina
900499035	9398	96617	2514	2321	188	5	517	353	198	Other	Other	Illumina
900518725	31763	5997050	3112	3060	48	4	172	105	135	Other	Other	Illumina
900518735	50443	14685528	3240	3182	57	1	74	76	102	Other	Other	Illumina
900536245	2494056	2567038	3368	3349	18	1	15	7	472	Other	Other	PacBio
900607315	1846793	29494812	3370	3347	23	0	11	9	420	Other	Other	PacBio
900610375	22581	24210077	3315	3306	9	0	55	20	130	Other	Other	PacBio
900631625	97662	143424588	3383	3254	21	108	5	2	67	Other	Other	Other
900642305	537425	139181869	3294	3252	15	27	55	41	927	Other	Other	Other
900660295	2172	3367	512	511	1	0	1198	1663	120	Other	Other	Illumina
900660305	2690	3573	512	511	1	0	1323	1529	98	Other	Other	Illumina
900660315	4028	6032	1412	1408	3	1	1344	612	58	Other	Other	Illumina
900660325	3062	3335	520	519	1	0	1643	1190	43	Other	Other	Illumina
900660355	7812	15562	2289	2278	11	0	784	296	115	Other	Other	Illumina
900660455	8514	18145	2302	2295	7	0	751	321	158	Other	Other	Illumina
900661375	99542	1519745	3255	3243	3	9	80	55	109	Other	Other	Illumina
900683385	3719	4562	1041	1038	2	1	1242	1083	63	Other	Other	Illumina
900700415	1006413	29845739	3294	3187	104	3	58	38	113	Other	Other	Other
901007665	15935	115785	3162	3155	7	0	173	54	116	Other	Other	Illumina
901007705	17669	107234	3091	3086	4	1	223	74	86	Other	Other	Illumina
901007715	8271	17099	2310	2268	39	3	707	363	84	Other	Other	Illumina
901007745	10411	31191	2845	2825	16	4	389	148	118	Other	Other	Illumina
901007775	27594	75189	2860	2846	13	1	410	116	108	Other	Other	Illumina
901007785	3393	3916	617	613	3	1	1477	1261	57	Other	Other	Illumina
901007805	10333	40759	2920	2904	14	2	322	142	120	Other	Other	Illumina
901007815	7238	17184	2358	2340	17	1	695	326	108	Other	Other	Illumina
901007825	13365	41786	2972	2963	9	0	297	117	87	Other	Other	Illumina
901007895	14947	87573	3068	3062	5	1	185	133	150	Other	Other	Illumina
901007905	5245	6841	1029	1024	4	1	1478	856	85	Other	Other	Illumina
901007915	25809	3046963	3277	3255	19	3	40	73	143	Other	Other	Illumina
901111295	12681	54849	2732	2600	132	0	492	159	68	Other	Other	Illumina
901111305	14572	61910	2756	2625	130	1	469	159	79	Other	Other	Illumina
901111315	16529	64942	2814	2690	121	3	428	137	94	Other	Other	Illumina
901343595	189547	892188	3268	3152	28	88	78	44	127	Other	Other	Illumina
901933205	16035651	70356807	3363	3355	6	2	9	18	150	Other	Other	ONT
902150015	141398	4615526	3330	3327	3	0	45	15	189	Other	Other	Illumina
902168055	236229	16980747	3368	3363	5	0	13	9	57	Other	Other	Other
902168325	19831	38248	2155	2057	54	44	976	242	125	Other	Other	Illumina
902168405	19239	34920	2157	2027	98	32	934	273	128	Other	Other	Illumina
902168415	15784	32296	1900	1835	23	42	1148	326	147	Other	Other	Illumina
902168425	20477	40046	2303	2170	69	64	848	226	119	Other	Other	Illumina
902175115	22496	1971137	3310	3261	46	3	38	42	115	Other	Other	ONT
902410095	535445	25201542	3275	3197	78	0	20	95	217	Other	Other	CLR
902460175	143077	5258708	3319	3258	10	51	60	11	100	Other	Other	Illumina
902635505	62339597	611347268	3346	3320	8	18	13	31	69	Other	Other	ONT
902685375	23089617	29119677	3346	3303	36	7	15	29	109	Other	Other	CLR
902702925	64291	119957392	3199	3125	41	33	120	71	206	Other	Other	Illumina
902712895	195709	20747807	3365	3222	20	123	18	7	97	Other	Other	Illumina
902729225	255763	18871253	3353	3349	4	0	19	18	95	Other	Other	ONT
902729475	74168	6564238	3336	3264	23	49	36	18	87	Other	Other	Other
902729485	103650	1066131	3184	3122	13	49	164	40	95	Other	Other	Other
902806625	15143611	71061686	3369	3362	5	2	7	14	152	Other	Other	ONT
902806735	74950	20649317	3288	3216	11	61	27	75	67	Other	Other	Illumina
902806745	73181	10959471	3250	3179	12	59	43	97	81	Other	Other	Illumina
902806755	54966	13349786	3241	3145	16	80	38	111	80	Other	Other	Illumina
902806765	44755	692790	3105	2990	18	97	188	93	90	Other	Other	Other
902806775	2938971	2938971	3361	3228	16	117	20	9	105	Other	Other	ONT
902810485	79699	1430931	3315	3300	15	0	56	19	87	Other	Other	Illumina
902810495	46763	1826695	3348	3275	65	8	30	12	65	Other	Other	PacBio
902810505	32181	1635562	3341	3247	92	2	37	12	84	Other	Other	PacBio
902810595	533126	52020451	3263	2064	1189	10	51	76	224	Other	Other	PacBio
902825105	2018310	69160875	3382	3330	7	45	3	5	254	Other	Other	CLR
902825255	276677	279876	3297	3280	17	0	60	32	322	Other	Other	PacBio
902827115	656910	42832159	3130	3106	24	0	93	166	161	Other	Other	CLR
902827135	1048452	4997231	3105	3034	69	2	75	210	227	Other	Other	CLR
902827165	1402669	8748152	3294	3260	32	2	35	61	188	Other	Other	CLR
902827175	534678	1921211	3072	3048	24	0	110	208	228	Other	Other	CLR
902982915	13337272	13337272	3374	3366	6	2	4	12	174	Other	Other	Illumina
902985625	881774	137735634	2780	2719	24	37	163	447	675	Other	Other	PacBio
903064625	229616	236994	3246	3134	111	1	67	76	636	Other	Other	PacBio
903066815	41649	41687	2830	2822	8	0	452	103	74	Other	Other	Illumina
903066825	56524	57399	2973	2964	9	0	339	78	68	Other	Other	Illumina
903067045	38564	38580	2894	2891	3	0	409	84	90	Other	Other	Illumina
903067055	65094	65100	3065	3060	5	0	256	66	71	Other	Other	Illumina
903067065	6374	6413	1895	1885	7	3	1068	408	64	Other	Other	Illumina
903067075	21328	21350	2447	2440	7	0	730	208	77	Other	Other	Illumina
903067085	36666	36709	2865	2856	9	0	420	103	75	Other	Other	Illumina
903067095	41812	41813	2811	2803	8	0	483	92	82	Other	Other	Illumina
903067105	59269	59589	3046	3034	12	0	270	72	81	Other	Other	Illumina
903067115	22066	22071	2477	2470	7	0	704	201	89	Other	Other	Illumina
903068095	38660	38711	2883	2872	11	0	396	106	86	Other	Other	Illumina
903068105	16672	16679	2404	2399	5	0	781	196	75	Other	Other	Illumina
903068115	25818	25849	2701	2690	11	0	555	124	75	Other	Other	Illumina
903068135	37860	40882	2919	2911	8	0	373	94	82	Other	Other	Illumina
903131615	27464	3406122	3296	3287	9	0	60	34	99	Other	Other	Illumina
903171835	8436	482943	2995	2979	15	1	263	132	254	Other	Other	Illumina
903231385	1765443	2011554	3356	3265	10	81	24	10	414	Other	Other	Other
903231565	881774	137735634	2780	2719	24	37	163	447	675	Other	Other	PacBio
903364295	21564	610905	3241	3228	13	0	107	42	192	Other	Other	Illumina
903645265	860028	137760107	2787	2727	25	35	167	436	671	Other	Other	PacBio
903684855	3603372	54392677	3249	3225	21	3	26	115	129	Other	Other	PacBio
903684865	4531818	52957805	3252	3225	23	4	22	116	108	Other	Other	PacBio
903798025	53453	6531461	3150	3135	15	0	136	103	132	Other	Other	Illumina
903798035	18826	4632361	2704	2670	32	2	459	224	151	Other	Other	Illumina
903798115	22545	18165534	2969	2942	25	2	257	162	131	Other	Other	Illumina
903798125	13929	5707536	2491	2462	28	1	553	339	142	Other	Other	Illumina
903798145	1517104	55996547	3263	3224	38	1	49	78	149	Other	Other	CLR
903798165	17459	48671076	2615	2589	24	2	530	242	177	Other	Other	Illumina
903798175	17829	51269298	2662	2636	24	2	521	206	174	Other	Other	Illumina
903798185	17916	49099944	2770	2751	18	1	422	197	183	Other	Other	Illumina
903798195	1264270	64228523	3293	3239	54	0	26	71	146	Other	Other	CLR
903798205	16685	13583820	2789	2765	23	1	399	198	179	Other	Other	Illumina
903995575	6953386	6953386	3356	3301	11	44	25	9	1661	Other	Other	CLR
904060995	6953386	6953386	3356	3301	11	44	25	9	1661	Other	Other	CLR
904066995	8200425	32826315	3227	3214	13	0	8	155	524	Other	Other	CLR
904425465	5645235	40163545	3375	3344	29	2	9	6	110	Other	Other	PacBio
905066775	98300	105661561	3191	3183	8	0	148	51	79	Other	Other	Illumina
905123515	11058985	104847410	3381	3307	18	56	4	5	101	Other	Other	Other
905123885	18716610	84476814	3374	3263	62	49	6	10	246	Other	Other	Other
905146905	35077230	53959811	3388	3274	46	68	1	1	93	Other	Other	PacBio
905221575	9240127	28473900	3372	1104	2264	4	6	12	99	Other	Other	ONT
905237065	28058890	28058890	3377	1654	1716	7	6	7	186	Other	Other	Other
905237075	12677075	29885359	3387	3367	20	0	3	0	89	Other	Other	Illumina
905250895	121508	121508	3123	3106	17	0	142	125	487	Other	Other	Other
905309105	845096	845096	3237	3232	4	1	35	118	2562	Other	Other	ONT
905309355	404886	404886	2980	2979	0	1	91	317	2535	Other	Other	ONT
905309365	942347	942347	3255	3251	4	0	29	106	2581	Other	Other	ONT
905309375	903899	903899	3273	3270	3	0	39	78	2527	Other	Other	ONT
905309385	737055	737055	3273	3269	4	0	34	83	2535	Other	Other	ONT
905309395	971613	971613	3261	3257	4	0	31	98	2594	Other	Other	ONT
905309405	802725	802725	3232	3229	2	1	37	120	2599	Other	Other	ONT
905309415	708738	708738	3170	3163	7	0	38	182	2626	Other	Other	ONT
905309425	624727	624727	3085	3083	2	0	49	256	2565	Other	Other	ONT
905309435	742721	742721	3187	3185	1	1	42	160	2595	Other	Other	ONT
905309455	746317	746317	3232	3226	4	2	43	115	2570	Other	Other	ONT
905309465	475444	475444	3255	3251	3	1	47	87	2462	Other	Other	ONT
905332405	3330911	3330911	3363	3349	13	1	14	13	1543	Other	Other	Other
905332855	7957	1562819	2601	2596	5	0	362	423	336	Other	Other	Illumina
905335845	159795	141782568	3381	3366	10	5	7	2	83	Other	Other	Illumina
905336975	1857	2005	366	359	3	4	1374	1613	72	Other	Other	Illumina
905400935	155485	3110431	3184	3151	20	13	146	59	91	Other	Other	Illumina
907164435	33040	124365287	3310	3229	54	27	51	28	70	Other	Other	Illumina
907164505	33625	125230826	3299	3270	11	18	29	62	75	Other	Other	Illumina
907164525	35791	6438253	3292	3242	13	37	66	32	150	Other	Other	Illumina
907164565	77214	20181630	3319	3280	5	34	52	19	80	Other	Other	Illumina
907169655	26477	126270630	3344	3285	24	35	23	23	114	Other	Other	Illumina
910591475	1399758	1399758	3320	3180	136	4	33	37	337	Other	Other	HiFi
910950805	12742779	74438198	3309	3301	6	2	16	65	95	Other	Other	CLR
911649635	6401659	6401659	3377	3360	17	0	2	11	175	Other	Other	ONT
911728415	11300158	11300158	3343	3331	11	1	17	30	211	Other	Other	Other
914753205	268406	26027505	3375	3298	20	57	12	2	87	Other	Other	Illumina
916098195	50515269	50515269	3385	3307	6	72	2	3	1465	Other	Other	ONT
916313395	31041	1431534	2910	2756	151	3	296	183	273	Other	Other	Illumina
916700675	7951	8599	417	413	4	0	695	2270	14	Other	Other	PacBio
916700685	29796	53184	2843	2825	17	1	451	95	74	Other	Other	PacBio
916700695	44384	64805	2977	2954	21	2	347	65	72	Other	Other	PacBio
916700705	44439	78540	3008	2995	13	0	320	58	71	Other	Other	PacBio
916700715	65850	90495	3050	3031	19	0	286	50	58	Other	Other	PacBio
916700725	73964	131154	3113	3098	14	1	226	49	74	Other	Other	PacBio
916700735	26613	38038	2738	2726	12	0	531	112	62	Other	Other	PacBio
916700745	78191	126839	3069	3055	13	1	268	53	56	Other	Other	PacBio
916700755	66819	94772	3058	3049	9	0	280	51	69	Other	Other	PacBio
916700765	47978	67600	2989	2971	17	1	330	68	66	Other	Other	PacBio
916700775	7502063	34459884	3379	3367	11	1	7	4	63	Other	Other	PacBio
916700785	60413	98256	3034	3020	14	0	288	67	83	Other	Other	PacBio
916700795	31093	43611	2762	2749	13	0	524	98	69	Other	Other	PacBio
916700805	38302	53636	2916	2898	18	0	383	85	75	Other	Other	PacBio
916700815	9468	10605	809	796	13	0	914	1654	38	Other	Other	PacBio
916700825	29842	46442	2831	2818	13	0	446	107	68	Other	Other	PacBio
916700835	41631	68888	2956	2943	13	0	353	77	70	Other	Other	PacBio
916700845	33800	50197	2802	2791	10	1	483	98	68	Other	Other	PacBio
916700855	37523	62274	2907	2899	8	0	394	85	70	Other	Other	PacBio
916700865	46073	68926	2966	2948	18	0	355	66	70	Other	Other	PacBio
916700875	5849361	34133339	3348	3046	301	1	9	33	77	Other	Other	CLR
916700885	45585	68700	2985	2974	10	1	331	70	60	Other	Other	PacBio
916700895	67714	111038	3108	3093	15	0	236	45	68	Other	Other	PacBio
916700905	54974	76465	2987	2967	19	1	335	68	67	Other	Other	PacBio
916700915	67010	111882	3118	3102	15	1	227	44	76	Other	Other	PacBio
916700925	32065	46329	2794	2781	13	0	494	94	63	Other	Other	PacBio
916700935	23430	41075	2774	2751	21	2	518	95	63	Other	Other	PacBio
916700945	78869	159243	3157	3141	16	0	196	35	75	Other	Other	PacBio
916700955	63939	102076	3038	3025	13	0	296	56	69	Other	Other	PacBio
916700965	35845	66160	2988	2975	13	0	336	63	67	Other	Other	PacBio
916700975	58160	77714	2946	2929	16	1	376	67	78	Other	Other	PacBio
916700985	9548	10208	733	731	2	0	833	1810	25	Other	Other	PacBio
916700995	27170	43437	2778	2763	13	2	494	111	72	Other	Other	PacBio
916701005	65244	97631	3068	3048	20	0	272	47	66	Other	Other	PacBio
916701015	31449	51023	2885	2861	22	2	422	80	62	Other	Other	PacBio
916701025	34321	42717	2799	2783	15	1	493	95	66	Other	Other	PacBio
916701035	39222	59270	2916	2901	13	2	404	68	65	Other	Other	PacBio
916701045	48330	63887	2954	2935	16	3	354	75	71	Other	Other	PacBio
916701055	47149	65103	2915	2904	11	0	393	80	69	Other	Other	PacBio
916701065	10082049	10082049	3332	3173	157	2	11	47	59	Other	Other	CLR
916701075	67310	101084	3028	3016	12	0	298	61	72	Other	Other	PacBio
916701085	74842	127913	3080	3068	12	0	255	54	56	Other	Other	PacBio
916701095	62132	89450	2998	2987	11	0	334	55	67	Other	Other	PacBio
916701105	70641	107775	3041	3026	13	2	296	53	68	Other	Other	PacBio
916701115	61743	87487	3064	3045	19	0	272	52	69	Other	Other	PacBio
916701125	62781	86601	3032	3017	14	1	293	61	73	Other	Other	PacBio
916701135	47551	73568	2969	2951	16	2	347	70	70	Other	Other	PacBio
916701145	39833	53145	2938	2918	20	0	377	74	75	Other	Other	PacBio
916701155	48186	70391	2990	2979	9	2	326	72	72	Other	Other	PacBio
916701165	51225	76383	3006	2990	16	0	322	61	76	Other	Other	PacBio
916701175	38978	61291	2921	2906	14	1	379	87	67	Other	Other	PacBio
916701185	68979	105353	3044	3017	27	0	275	67	64	Other	Other	PacBio
916701195	50521	66048	3019	3001	18	0	305	63	77	Other	Other	PacBio
916701205	45706	66704	2984	2967	16	1	336	64	62	Other	Other	PacBio
916701215	73192	134207	3133	3110	23	0	217	39	74	Other	Other	PacBio
916701225	64957	89614	2993	2978	15	0	330	64	64	Other	Other	PacBio
916701235	27144	38684	2757	2721	36	0	509	121	81	Other	Other	PacBio
916701245	77435	118294	3103	3093	10	0	238	46	78	Other	Other	PacBio
916701255	95885	148289	3175	3155	20	0	182	32	65	Other	Other	PacBio
916701265	55147	83344	2969	2954	15	0	348	71	65	Other	Other	PacBio
916701275	8557142	33117565	3367	3135	231	1	7	16	65	Other	Other	CLR
916701285	61026	92797	2973	2956	16	1	354	63	65	Other	Other	PacBio
916701295	51098	79165	2996	2980	14	2	328	62	66	Other	Other	PacBio
916701305	45872	64491	2924	2913	10	1	380	81	57	Other	Other	PacBio
916701315	83069	124797	3118	3104	14	0	225	45	81	Other	Other	PacBio
916701325	29157	43601	2806	2796	10	0	468	109	74	Other	Other	PacBio
916701335	44916	62149	2962	2944	18	0	356	71	68	Other	Other	PacBio
916701345	60486	95001	3051	3040	9	2	286	51	69	Other	Other	PacBio
916701355	53955	70026	2996	2981	15	0	333	58	72	Other	Other	PacBio
916701365	72882	102914	3064	3044	20	0	269	52	73	Other	Other	PacBio
916701375	57724	81965	3000	2984	14	2	327	62	62	Other	Other	PacBio
916701385	67673	117388	3065	3051	14	0	271	53	75	Other	Other	PacBio
916701395	30393	41738	2829	2796	33	0	419	137	64	Other	Other	PacBio
916701405	23909	41098	2805	2793	12	0	485	95	67	Other	Other	PacBio
916701415	32412	48408	2884	2865	18	1	413	89	80	Other	Other	PacBio
916701425	19216	27764	2677	2660	17	0	585	119	72	Other	Other	PacBio
916701435	87095	131311	3082	3068	13	1	263	45	62	Other	Other	PacBio
916701445	48464	79690	3027	3001	26	0	295	64	71	Other	Other	PacBio
916701455	54830	75726	2989	2976	11	2	321	76	66	Other	Other	PacBio
916701465	37664	56961	2892	2882	10	0	413	82	67	Other	Other	PacBio
916701475	60150	100861	3046	3032	14	0	280	62	59	Other	Other	PacBio
916701485	54279	77240	2982	2969	11	2	327	80	70	Other	Other	PacBio
916701495	29393	55522	2906	2888	17	1	398	85	75	Other	Other	PacBio
916701505	37656	67405	2922	2908	13	1	384	79	67	Other	Other	PacBio
916701515	24295	34427	2715	2708	7	0	554	114	69	Other	Other	PacBio
916701525	84139	125260	3126	3113	13	0	222	37	70	Other	Other	PacBio
916701535	56019	85112	3053	3034	18	1	276	60	66	Other	Other	PacBio
916701545	33796	65958	2991	2981	9	1	321	77	74	Other	Other	PacBio
916701555	2984042	31719422	3338	2714	622	2	12	40	87	Other	Other	CLR
916701565	1927	2845	712	711	1	0	1737	908	118	Other	Other	PacBio
916701575	3823502	31724414	3316	2769	546	1	9	65	80	Other	Other	CLR
916701585	34860	56928	2835	2825	10	0	449	101	73	Other	Other	PacBio
916701595	47037	75291	2989	2970	17	2	331	68	73	Other	Other	PacBio
916701605	85282	113399	3075	3060	15	0	254	58	66	Other	Other	PacBio
916701615	10148	11971	1252	1243	9	0	847	1283	54	Other	Other	PacBio
916701625	51203	84806	3007	2992	14	1	328	52	60	Other	Other	PacBio
916701635	15546	20192	2456	2441	14	1	744	181	69	Other	Other	PacBio
916701645	2047198	2047198	3359	3345	13	1	18	13	73	Other	Other	PacBio
916701655	41071	66236	2892	2871	20	1	411	84	70	Other	Other	PacBio
916701665	42036	60826	2910	2891	18	1	396	83	63	Other	Other	PacBio
916701675	29583	56458	2885	2850	34	1	429	72	58	Other	Other	PacBio
916701685	31483	66162	2920	2887	32	1	398	71	77	Other	Other	PacBio
917880005	37125998	37125998	3383	3305	10	68	5	1	1448	Other	Other	ONT
917880015	46382249	46382249	3381	3362	19	0	4	5	174	Other	Other	ONT
919967415	23439045	28642601	3383	3369	11	3	1	6	58	Other	Other	ONT
920103865	44825	16314906	3335	3293	5	37	37	18	89	Other	Other	Other
921997125	8562414	127227482	3381	3273	16	92	3	6	74	Other	Other	Other
921997135	10023970	129120363	3379	3282	12	85	4	7	53	Other	Other	CLR
921997145	35826829	127177172	3381	3267	19	95	2	7	74	Other	Other	CLR
921998315	49659417	130880718	3382	3274	16	92	1	7	71	Other	Other	CLR
921998325	6749549	127269091	3383	3274	11	98	1	6	74	Other	Other	CLR
921998335	26698258	126992800	3380	3262	13	105	3	7	69	Other	Other	CLR
921998355	16959821	127192181	3380	3268	16	96	2	8	78	Other	Other	CLR
921998555	5000807	126792426	3382	3275	12	95	1	7	73	Other	Other	CLR
921998905	12206296	126990816	3382	3270	16	96	1	7	75	Other	Other	CLR
921999095	14400882	133124609	3382	3271	13	98	2	6	72	Other	Other	CLR
921999865	8304515	126851431	3381	3274	14	93	2	7	85	Other	Other	CLR
922020495	42506160	42506160	3381	3376	5	0	4	5	177	Other	Other	ONT
922035795	29924	1492520	3221	3156	65	0	136	30	95	Other	Other	Illumina
922788865	1823359	1823359	3343	3328	15	0	21	26	190	Other	Other	Illumina
922820385	18487566	41925174	3380	3319	58	3	3	7	54	Other	Other	CLR
923944775	27893759	27893759	3377	1743	1631	3	8	5	357	Other	Other	Other
928851695	60712129	60712129	3384	3312	9	63	5	1	324	Other	Other	ONT
931345325	5216392	5216392	3367	1754	1608	5	17	6	448	Other	Other	Other
931345555	8181635	8181635	3364	1761	1597	6	20	6	231	Other	Other	Other
931345645	9391664	9391664	3370	1745	1620	5	13	7	288	Other	Other	Other
931345835	10290042	10290042	3370	1720	1643	7	16	4	369	Other	Other	Other
931345925	3255277	3255277	3343	1766	1571	6	40	7	218	Other	Other	Other
931345955	8712972	8712972	3370	1726	1637	7	15	5	318	Other	Other	Other
931346615	31004729	31004729	3384	1721	1658	5	0	6	652	Other	Other	Other
931346935	19218354	19218354	3382	1692	1685	5	4	4	196	Other	Other	Other
931347365	9607833	26727604	3379	1753	1619	7	6	5	1351	Other	Other	Other
931347555	3912010	4231848	3360	1751	1604	5	21	9	320	Other	Other	Other
933207985	130439	330123935	3156	3089	63	4	110	124	69	Other	Other	ONT
933666475	101487	155347655	3328	3258	7	63	36	26	84	Other	Other	PacBio
933851455	101547	155658852	3327	3255	7	65	37	26	84	Other	Other	PacBio
935064755	21206903	21206903	3386	3262	17	107	4	0	313	Other	Other	ONT
935104035	58036521	58036521	2410	2397	6	7	37	943	188	Other	Other	ONT
943294205	19817032	71481950	3382	3276	106	0	0	8	77	Other	Other	PacBio
943590805	2259	3495	1387	1375	12	0	1302	667	121	Other	Other	Illumina
943590825	31686	7334138	3041	3027	14	0	241	105	125	Other	Other	Illumina
943590835	17341	809583	2600	2594	6	0	490	293	166	Other	Other	Illumina
943590845	11955	67980	2350	2331	19	0	620	412	139	Other	Other	Illumina
943590855	17282	1316339	2669	2646	23	0	427	289	167	Other	Other	Illumina
943590865	16621	1691959	2712	2692	20	0	417	256	166	Other	Other	Illumina
943590875	3739	7708	2026	2016	10	0	900	447	147	Other	Other	Illumina
943590885	16240	59737	2585	2577	7	1	518	279	137	Other	Other	Illumina
943590895	15552	485571	2539	2526	13	0	518	320	168	Other	Other	Illumina
943590975	21363	1385158	2821	2811	9	1	354	207	174	Other	Other	Illumina
943591025	4508	37276	2236	2223	13	0	778	366	241	Other	Other	Illumina
943591055	15896	848138	2529	2510	18	1	501	355	174	Other	Other	Illumina
943591095	1625	4887	1547	1541	6	0	1234	586	108	Other	Other	Illumina
943593335	4447	9221	1974	1964	10	0	1019	379	201	Other	Other	Illumina
943593355	8086	47362	2094	2079	15	0	852	432	218	Other	Other	Illumina
943593645	33439	14072178	3054	3042	12	0	234	100	106	Other	Other	Illumina
943593825	15823	943082	2509	2480	27	2	538	333	153	Other	Other	Illumina
943594065	1913	5842	1936	1927	9	0	960	474	148	Other	Other	Illumina
943594155	2280	3966	1318	1301	17	0	1344	694	161	Other	Other	Illumina
943737965	25775705	25775705	3374	3279	64	31	6	10	72	Other	Other	Other
945876875	9088310	9088310	3381	3332	17	32	2	7	62	Other	Other	HiFi
946052875	66457535	88543157	3390	3326	10	54	0	0	74	Other	Other	PacBio
946959425	7813463	27869692	3387	3366	21	0	2	1	79	Other	Other	Illumina
947000775	14490642	14490642	3387	3367	19	1	1	2	123	Other	Other	Illumina
947044405	4630249	4630249	3296	3282	11	3	37	57	213	Other	Other	ONT
947044825	3664905	3664905	3370	3303	9	58	18	2	79	Other	Other	CLR
947044835	154774	20988557	3370	3311	8	51	15	5	74	Other	Other	Illumina
947076645	856586	30663183	3322	3307	14	1	27	41	78	Other	Other	ONT
947078765	1402603	32151288	3347	3332	14	1	23	20	83	Other	Other	ONT
947078775	1481527	32701709	3345	3334	10	1	18	27	87	Other	Other	ONT
947078785	1371104	31686811	3339	3327	11	1	27	24	85	Other	Other	ONT
947078795	1230570	29929305	3347	3332	14	1	19	24	76	Other	Other	ONT
947078805	469492	30134136	3281	3273	7	1	40	69	95	Other	Other	ONT
947078815	1738765	31949249	3354	3346	8	0	16	20	78	Other	Other	ONT
947078825	1347261	31786662	3356	3345	10	1	17	17	82	Other	Other	ONT
947078835	1329554	32821559	3345	3330	12	3	20	25	78	Other	Other	ONT
947078845	1651551	32879881	3341	3329	11	1	17	32	85	Other	Other	ONT
947078855	1513901	31966431	3354	3340	13	1	16	20	83	Other	Other	ONT
947078865	1359825	31623302	3340	3327	12	1	16	34	79	Other	Other	ONT
947095605	41304940	41304940	3386	3337	13	36	3	1	493	Other	Other	ONT
947331505	29494169	37566138	3383	3116	267	0	0	7	39	Other	Other	PacBio
947593165	32925788	137857036	3382	3269	16	97	2	6	72	Other	Other	CLR
947598445	21687892	35291912	3379	3318	59	2	3	8	57	Other	Other	HiFi
947599735	21715937	134505790	3383	3265	16	102	1	6	70	Other	Other	CLR
947686815	1481499	89641981	3371	3349	9	13	7	12	64	Other	Other	ONT
947846985	16421795	82413236	3383	3379	4	0	6	1	57	Other	Other	PacBio
948146095	106986	106986	3083	2955	127	1	111	196	117	Other	Other	HiFi
948472985	712766	712766	3090	3082	6	2	131	169	244	Other	Other	ONT
948474755	444732	444732	3020	3007	7	6	184	185	165	Other	Other	ONT
949782905	22482685	69829200	3387	3226	19	142	0	3	83	Other	Other	HiFi
949786385	19200283	94124810	3341	3311	18	12	9	40	53	Other	Other	HiFi
949786395	20532404	92738233	3301	3271	19	11	6	83	62	Other	Other	HiFi
949786405	26219289	108432058	3343	3314	19	10	6	41	57	Other	Other	HiFi
949786415	1332236	97176920	3318	3256	17	45	34	38	80	Other	Other	HiFi
949786425	29018958	102486503	3306	3276	18	12	8	76	64	Other	Other	HiFi
949786435	1422290	96210102	3309	3253	19	37	28	53	85	Other	Other	HiFi
949787125	2287010	112723509	3331	3299	15	17	30	29	87	Other	Other	HiFi
949820135	34907720	129271642	3374	3323	17	34	6	10	62	Other	Other	HiFi
951230385	611229	627725	3141	3129	9	3	143	102	708	Other	Other	PacBio
951411735	7862886	77552753	3305	3298	7	0	5	80	69	Other	Other	HiFi
951849835	69851389	69851389	3390	3248	26	116	0	0	96	Other	Other	HiFi
951851355	59031	70360	1	1	0	0	4	3385	3	Other	Other	PacBio
958301615	308637	389727	3178	3145	28	5	111	100	528	Other	Other	PacBio
962446985	21535717	34328652	3382	3364	17	1	5	3	63	Other	Other	ONT
963422255	146778	69738971	3381	3252	22	107	7	2	102	Other	Other	Illumina
963422785	247290	64250083	3370	3300	15	55	16	4	115	Other	Other	Illumina
963457675	269587	269587	3212	3160	52	0	86	90	69	Other	Other	HiFi
963556495	38296799	56937854	3375	3366	7	2	5	10	77	Other	Other	ONT
963573345	28615	28615	1590	1524	35	31	1311	465	308	Other	Other	Illumina
963573355	23426	23426	1554	1507	20	27	1343	466	259	Other	Other	Illumina
963573365	36497	36500	1911	1867	14	30	1133	324	204	Other	Other	Illumina
963573375	35974	35974	1837	1782	23	32	1191	340	236	Other	Other	Illumina
963573385	71276	71282	2513	2466	17	30	742	127	146	Other	Other	Illumina
963573395	28419	28419	1568	1516	25	27	1326	467	295	Other	Other	Illumina
963573405	28671	28671	1708	1653	20	35	1278	382	229	Other	Other	Illumina
963573415	46753	46753	2225	2181	15	29	927	221	185	Other	Other	Illumina
963573425	76643	76643	2582	2539	15	28	680	123	136	Other	Other	Illumina
963573435	30116	30116	1828	1809	7	12	1229	311	135	Other	Other	Illumina
963573445	39707	39714	1980	1928	20	32	1128	267	187	Other	Other	Illumina
963573455	24060	24060	1562	1508	22	32	1325	474	238	Other	Other	Illumina
963573465	37254	37254	2014	1950	27	37	1059	299	268	Other	Other	Illumina
963573475	18795	18795	1463	1416	25	22	1402	501	274	Other	Other	Illumina
963573485	32893	32900	1747	1695	22	30	1238	370	254	Other	Other	Illumina
963573495	15062	15062	1505	1448	30	27	1369	490	323	Other	Other	Illumina
963573505	27314	27314	1584	1530	30	24	1310	480	314	Other	Other	Illumina
963573515	13434	13434	1414	1370	24	20	1400	543	322	Other	Other	Illumina
963573525	18692	18692	1717	1694	9	14	1223	416	175	Other	Other	Illumina
963573535	10071	10071	1302	1262	23	17	1369	680	295	Other	Other	Illumina
963573545	27613	27613	1633	1574	23	36	1319	413	254	Other	Other	Illumina
963573555	53900	53900	2391	2328	19	44	803	180	177	Other	Other	Illumina
963573565	29725	29725	1900	1823	28	49	1167	296	280	Other	Other	Illumina
963573575	32394	32397	1752	1704	25	23	1244	371	228	Other	Other	Illumina
963573585	25934	25934	1592	1540	18	34	1312	454	233	Other	Other	Illumina
963573595	31273	31274	1856	1806	14	36	1200	312	223	Other	Other	Illumina
963573605	51917	51919	2358	2301	23	34	830	191	177	Other	Other	Illumina
963573625	30662	30662	1735	1688	18	29	1245	380	252	Other	Other	Illumina
963573635	13608	13608	1284	1239	22	23	1447	625	284	Other	Other	Illumina
963573645	42637	42637	2178	2138	16	24	973	222	199	Other	Other	Illumina
963573655	25018	25020	1797	1716	36	45	1232	338	332	Other	Other	Illumina
963573665	26378	26378	1646	1604	16	26	1300	416	248	Other	Other	Illumina
963573675	37415	37415	1933	1903	8	22	1132	299	150	Other	Other	Illumina
963573685	34612	34612	1702	1660	20	22	1265	391	218	Other	Other	Illumina
963573695	42491	42491	2170	2120	16	34	997	209	213	Other	Other	Illumina
963573705	31336	31336	1837	1812	6	19	1217	316	137	Other	Other	Illumina
963573715	31363	31370	1780	1737	18	25	1254	325	251	Other	Other	Illumina
963573725	28225	28225	1779	1759	8	12	1241	340	152	Other	Other	Illumina
963573735	30922	30922	1702	1652	21	29	1284	374	232	Other	Other	Illumina
963573745	28001	28009	1768	1722	22	24	1238	364	248	Other	Other	Illumina
963573755	46755	46755	2256	2222	13	21	919	202	196	Other	Other	Illumina
963573765	30908	30908	1864	1798	25	41	1163	335	238	Other	Other	Illumina
963573775	36079	36079	1967	1909	25	33	1098	305	264	Other	Other	Illumina
963573785	32324	32324	1822	1802	12	8	1238	308	154	Other	Other	Illumina
963573795	71453	71457	2544	2494	18	32	710	131	153	Other	Other	Illumina
963573805	24699	24698	1591	1549	16	26	1325	444	242	Other	Other	Illumina
963573825	31402	31402	1759	1714	19	26	1239	368	234	Other	Other	Illumina
963573835	17621	17621	1624	1602	11	11	1299	439	162	Other	Other	Illumina
963573845	28340	28343	1847	1765	32	50	1186	324	280	Other	Other	Illumina
963573855	31775	31775	1828	1811	8	9	1214	325	167	Other	Other	Illumina
963573865	13801	13801	1303	1271	19	13	1451	608	305	Other	Other	Illumina
963573885	52164	52164	2273	2231	17	25	904	196	198	Other	Other	Illumina
963573905	26848	26852	1665	1616	20	29	1292	410	246	Other	Other	Illumina
963573915	26858	26859	1664	1615	22	27	1286	410	247	Other	Other	Illumina
963573925	25257	25261	1759	1684	32	43	1220	386	327	Other	Other	Illumina
963573935	24464	24469	1863	1746	54	63	1143	365	433	Other	Other	Illumina
963573945	29721	29721	1824	1740	27	57	1197	349	259	Other	Other	Illumina
963573955	68772	68795	2518	2474	17	27	739	127	140	Other	Other	Illumina
963573965	61605	61606	2445	2395	18	32	775	160	174	Other	Other	Illumina
963573975	38139	38139	1978	1893	22	63	1084	307	254	Other	Other	Illumina
963573985	58585	58589	2412	2356	19	37	800	168	172	Other	Other	Illumina
963573995	10276	10277	1480	1404	40	36	1303	581	519	Other	Other	Illumina
963574005	44982	44982	2229	2175	20	34	923	224	201	Other	Other	Illumina
963574015	26268	26269	1544	1483	29	32	1338	483	315	Other	Other	Illumina
963574025	12563	12563	1218	1182	24	12	1473	672	308	Other	Other	Illumina
963574045	24793	24794	1542	1489	20	33	1345	457	247	Other	Other	Illumina
963574055	27568	27575	1678	1633	17	28	1278	402	228	Other	Other	Illumina
963574065	38660	38660	1903	1861	12	30	1158	319	195	Other	Other	Illumina
963574075	24473	24476	1616	1563	20	33	1284	454	266	Other	Other	Illumina
963574085	29382	29384	1721	1662	21	38	1261	392	230	Other	Other	Illumina
963574095	28032	28046	1718	1671	21	26	1263	382	244	Other	Other	Illumina
963574105	61113	61113	2372	2325	15	32	820	186	171	Other	Other	Illumina
963574115	23370	23371	1705	1652	16	37	1285	383	209	Other	Other	Illumina
963574125	27695	27696	1635	1581	24	30	1275	444	254	Other	Other	Illumina
963574135	37166	37166	1847	1802	16	29	1210	313	194	Other	Other	Illumina
963574145	34358	34358	1883	1810	25	48	1155	319	239	Other	Other	Illumina
963574155	25355	25355	1581	1530	22	29	1320	455	237	Other	Other	Illumina
963574165	30240	30240	1925	1855	31	39	1116	326	316	Other	Other	Illumina
963574175	53522	53527	2335	2287	16	32	884	166	182	Other	Other	Illumina
963574185	26126	26130	1594	1546	19	29	1305	459	248	Other	Other	Illumina
963574195	27495	27495	1551	1497	32	22	1337	477	313	Other	Other	Illumina
963574205	58193	58196	2412	2358	21	33	798	165	168	Other	Other	Illumina
963574215	31222	31222	1933	1850	36	47	1147	284	317	Other	Other	Illumina
963574225	71029	71029	2516	2453	17	46	721	145	135	Other	Other	Illumina
963574235	31884	31885	1867	1789	36	42	1166	335	247	Other	Other	Illumina
963574245	45079	45084	2007	1965	15	27	1083	285	185	Other	Other	Illumina
963574255	34722	34724	1809	1738	34	37	1220	346	283	Other	Other	Illumina
963574265	27302	27304	1735	1684	21	30	1254	376	234	Other	Other	Illumina
963574275	32750	32755	1758	1718	15	25	1247	359	226	Other	Other	Illumina
963574285	32714	32714	1821	1760	21	40	1211	335	233	Other	Other	Illumina
963574295	26417	26417	1597	1555	20	22	1303	459	249	Other	Other	Illumina
963574315	44321	44330	1997	1961	9	27	1111	262	160	Other	Other	Illumina
963574325	41249	41249	2074	2014	18	42	1064	241	187	Other	Other	Illumina
963574335	33153	33156	1868	1818	22	28	1173	331	232	Other	Other	Illumina
963574345	31817	31816	1983	1890	41	52	1085	301	326	Other	Other	Illumina
963574355	32936	32936	2262	2172	41	49	893	221	298	Other	Other	Illumina
963574365	31292	31292	1863	1786	31	46	1172	327	221	Other	Other	Illumina
963574375	34138	34138	1798	1752	16	30	1226	347	238	Other	Other	Illumina
963574385	26727	26727	1620	1571	20	29	1323	422	238	Other	Other	Illumina
963574395	30751	30751	1896	1832	24	40	1151	327	306	Other	Other	Illumina
963574405	22421	22420	1471	1433	21	17	1314	585	258	Other	Other	Illumina
963574415	20071	20070	1377	1339	25	13	1346	636	266	Other	Other	Illumina
963574425	43246	43246	1990	1957	10	23	1103	274	147	Other	Other	Illumina
963574435	30011	30010	1754	1731	11	12	1253	370	162	Other	Other	Illumina
963574445	30306	30306	1877	1816	21	40	1138	357	301	Other	Other	Illumina
963574455	31153	31153	1977	1899	34	44	1086	310	305	Other	Other	Illumina
963574465	31435	31435	1826	1795	14	17	1222	316	150	Other	Other	Illumina
963574475	40787	40787	1955	1933	11	11	1137	282	137	Other	Other	Illumina
963574485	36188	36188	1887	1864	11	12	1156	333	158	Other	Other	Illumina
963574495	26448	26448	1814	1767	21	26	1192	356	251	Other	Other	Illumina
963574505	37857	37857	2003	1942	22	39	1075	291	259	Other	Other	Illumina
963574515	33380	33380	1808	1750	22	36	1201	351	222	Other	Other	Illumina
963574525	33513	33513	1866	1820	16	30	1174	329	244	Other	Other	Illumina
963574535	58812	58813	2392	2345	12	35	816	170	160	Other	Other	Illumina
963574545	26055	26057	1851	1780	31	40	1193	334	326	Other	Other	Illumina
963574555	33797	33814	1791	1748	17	26	1235	344	226	Other	Other	Illumina
963574565	52773	52774	2285	2234	18	33	884	207	192	Other	Other	Illumina
963574575	25380	25380	1717	1649	33	35	1223	420	335	Other	Other	Illumina
963574585	37570	37570	1840	1783	23	34	1167	365	300	Other	Other	Illumina
963574595	39058	39058	1983	1950	12	21	1092	291	145	Other	Other	Illumina
963574605	28701	28702	1888	1804	41	43	1168	318	295	Other	Other	Illumina
963574615	26596	26599	1797	1736	20	41	1236	334	237	Other	Other	Illumina
963574625	58159	58159	2336	2282	17	37	857	186	181	Other	Other	Illumina
963574635	56688	56688	2328	2285	13	30	862	185	173	Other	Other	Illumina
963574645	49680	49680	2301	2266	14	21	888	190	199	Other	Other	Illumina
963574655	28107	28108	1949	1831	41	77	1096	326	379	Other	Other	Illumina
963574665	34268	34268	1867	1826	12	29	1208	299	171	Other	Other	Illumina
963574675	22326	22326	1762	1639	53	70	1213	384	405	Other	Other	Illumina
963574685	44010	44019	2046	1990	16	40	1071	258	195	Other	Other	Illumina
963574695	38013	38014	1908	1867	11	30	1155	300	162	Other	Other	Illumina
963574705	48015	48015	2244	2196	21	27	902	223	189	Other	Other	Illumina
963574715	30627	30627	1780	1737	19	24	1227	354	221	Other	Other	Illumina
963574725	29403	29403	1669	1616	21	32	1292	398	242	Other	Other	Illumina
963574735	32246	32260	1989	1895	32	62	1108	271	326	Other	Other	Illumina
963574745	34701	34707	1778	1705	38	35	1255	339	277	Other	Other	Illumina
963574755	36465	36467	1780	1713	26	41	1237	351	286	Other	Other	Illumina
963574765	29594	29601	1835	1796	19	20	1209	324	214	Other	Other	Illumina
963574775	24688	24690	1580	1529	19	32	1332	452	245	Other	Other	Illumina
963574785	38029	38033	1983	1917	26	40	1081	305	254	Other	Other	Illumina
963574805	33135	33139	1817	1768	16	33	1203	345	213	Other	Other	Illumina
963574815	32616	32616	1870	1822	20	28	1194	302	223	Other	Other	Illumina
963574835	26149	26152	1656	1606	17	33	1276	434	249	Other	Other	Illumina
963574845	17136	17142	1418	1372	23	23	1390	547	314	Other	Other	Illumina
963574855	28586	28598	1669	1619	21	29	1306	385	254	Other	Other	Illumina
963574865	27633	27633	1748	1702	21	25	1238	374	229	Other	Other	Illumina
963574875	40718	40718	1972	1945	12	15	1114	281	159	Other	Other	Illumina
963574885	41219	41219	1933	1908	11	14	1139	290	136	Other	Other	Illumina
963574895	36835	36835	1810	1782	12	16	1243	317	140	Other	Other	Illumina
963574905	41218	41228	2142	2090	18	34	1020	211	201	Other	Other	Illumina
963574915	29080	29083	1902	1812	40	50	1149	319	319	Other	Other	Illumina
963574925	39109	39111	1997	1945	13	39	1096	284	177	Other	Other	Illumina
963574935	51908	51921	2338	2277	20	41	852	185	168	Other	Other	Illumina
963574945	37908	37908	1877	1851	12	14	1191	301	137	Other	Other	Illumina
963574955	27061	27072	1838	1747	44	47	1204	326	353	Other	Other	Illumina
963574965	44663	44663	1991	1969	8	14	1108	274	120	Other	Other	Illumina
963574975	46168	46168	2244	2196	13	35	904	220	192	Other	Other	Illumina
963574985	25013	25020	1592	1541	21	30	1306	466	241	Other	Other	Illumina
963574995	38403	38403	1929	1907	8	14	1147	293	142	Other	Other	Illumina
963575005	30080	30082	1917	1835	31	51	1153	298	313	Other	Other	Illumina
963575015	38956	38956	1925	1903	8	14	1157	293	144	Other	Other	Illumina
963575025	35867	35879	2040	1972	25	43	1059	269	259	Other	Other	Illumina
963575035	37805	37805	1971	1947	7	17	1139	264	152	Other	Other	Illumina
963575045	31127	31132	1869	1814	21	34	1179	322	208	Other	Other	Illumina
963575055	33545	33545	1941	1881	24	36	1121	299	196	Other	Other	Illumina
963575065	30319	30319	1857	1810	16	31	1176	329	218	Other	Other	Illumina
963575075	33287	33287	1873	1842	8	23	1186	303	175	Other	Other	Illumina
963575085	41504	41506	1977	1946	8	23	1092	300	176	Other	Other	Illumina
963575095	30225	30225	1830	1757	25	48	1202	330	240	Other	Other	Illumina
963575105	35755	35755	2021	1964	24	33	1080	271	239	Other	Other	Illumina
963575115	33929	33931	1880	1832	18	30	1176	322	230	Other	Other	Illumina
963575125	30586	30587	1808	1767	16	25	1222	341	156	Other	Other	Illumina
963575145	30883	30883	1744	1678	34	32	1201	425	322	Other	Other	Illumina
963575155	27218	27218	1743	1721	12	10	1270	352	148	Other	Other	Illumina
963575165	30803	30803	1794	1776	9	9	1228	343	161	Other	Other	Illumina
963575175	42001	42001	1909	1886	10	13	1159	297	154	Other	Other	Illumina
963575185	54617	54617	2267	2232	9	26	907	200	179	Other	Other	Illumina
963575195	32978	32978	1938	1898	10	30	1137	292	201	Other	Other	Illumina
963575205	32228	32234	1872	1801	27	44	1162	326	229	Other	Other	Illumina
963575215	27240	27241	1694	1654	13	27	1255	410	230	Other	Other	Illumina
963575225	22862	22862	1676	1629	18	29	1321	373	215	Other	Other	Illumina
963575235	48896	48896	2260	2212	13	35	894	217	186	Other	Other	Illumina
963575245	46107	46114	2249	2199	16	34	915	215	186	Other	Other	Illumina
963575255	50972	50975	2279	2242	12	25	894	199	173	Other	Other	Illumina
963575265	28282	28282	1913	1826	37	50	1141	316	314	Other	Other	Illumina
963575275	54303	54303	2299	2260	11	28	875	201	169	Other	Other	Illumina
963575285	28038	28049	1883	1798	34	51	1151	325	323	Other	Other	Illumina
963575295	32391	32393	1834	1745	30	59	1186	348	253	Other	Other	Illumina
963575305	42573	42573	2161	2118	14	29	981	236	203	Other	Other	Illumina
963576455	6446225	37578393	3372	3345	25	2	4	14	104	Other	Other	CLR
963678695	5518951	34685444	3382	3371	10	1	7	1	72	Other	Other	PacBio
963693515	17739480	97242187	3377	3346	8	23	2	11	58	Other	Other	HiFi
963761025	1069603	93605039	3378	3367	10	1	1	11	110	Other	Other	CLR
963879515	91242619	104743180	3385	3314	7	64	0	5	74	Other	Other	HiFi
963919705	60754688	60754688	3376	3280	18	78	3	11	81	Other	Other	Other
963919715	19920595	19920595	3376	3218	37	121	5	9	109	Other	Other	Other
963920245	23225884	101304757	3378	3318	7	53	2	10	124	Other	Other	Other
963920255	15542257	103650328	3386	3323	7	56	1	3	103	Other	Other	Other
963920265	13342434	102508182	3363	3305	11	47	2	25	118	Other	Other	Other
963921235	23327000	152437164	3317	3302	12	3	21	52	39	Other	Other	ONT
963921475	1748220	1748220	3348	3329	18	1	31	11	58	Other	Other	ONT
963921485	142074565	142074565	3388	3368	14	6	1	1	119	Other	Other	Other
963921495	93255103	93255103	3390	3316	17	57	0	0	68	Other	Other	Other
963921515	1599425	1649920	3107	3058	13	36	202	79	97	Other	Other	ONT
963924695	42377883	186628349	3337	3300	8	29	3	50	66	Other	Other	HiFi
963931945	6729380	478304964	3309	3298	11	0	21	60	58	Other	Other	HiFi
963966175	106316	839301	3257	3182	17	58	116	13	93	Other	Other	Illumina
963966215	164650	1184380	3266	3203	10	53	98	25	87	Other	Other	Illumina
963966345	126263	851598	3250	3182	15	53	113	25	88	Other	Other	Illumina
963966355	178514	59483679	3372	3303	13	56	15	3	85	Other	Other	Illumina
963966425	199136	38294242	3380	3307	16	57	9	1	83	Other	Other	Illumina
963981305	77662214	100920001	3389	3271	20	98	0	1	85	Other	Other	ONT
963992745	4748776	156600181	3314	3183	36	95	24	52	83	Other	Other	PacBio
964019205	348692	348692	3023	2975	11	37	198	165	2206	Other	Other	Other
964019265	620092	620092	3195	3153	8	34	101	93	2098	Other	Other	Other
964019275	514721	514721	2881	2844	11	26	206	300	2179	Other	Other	Other
964023255	35196120	89933864	3386	3364	10	12	3	1	57	Other	Other	ONT
964023265	36577919	89565925	3386	3366	9	11	3	1	53	Other	Other	ONT
964023405	35188814	119125257	3378	3335	11	32	3	9	59	Other	Other	ONT
964033665	4374348	5863758	3379	3372	7	0	11	0	378	Other	Other	PacBio
964033675	1772797	2047709	3373	3364	9	0	12	5	187	Other	Other	PacBio
964034765	1165360	43016011	3163	3144	18	1	107	120	123	Other	Other	PacBio
964059215	54932	111895	2902	2815	19	68	419	68	198	Other	Other	Illumina
964187705	4199513	38642748	3333	3302	29	2	14	43	71	Other	Other	HiFi
964188515	7572294	38752591	3325	3289	35	1	13	52	82	Other	Other	HiFi
964188535	78831185	137126213	3343	3237	17	89	5	42	82	Other	Other	HiFi
964188545	107094373	139012417	3383	3270	26	87	1	6	61	Other	Other	HiFi
964211915	40310727	40310727	3384	3375	8	1	4	2	48	Other	Other	HiFi
964260565	126712	28087346	3209	3175	32	2	88	93	135	Other	Other	PacBio
964260575	272617	27969116	3326	3289	37	0	30	34	125	Other	Other	PacBio
964260585	661169	22468847	3360	3340	20	0	8	22	102	Other	Other	PacBio
964260595	193655	49001811	3267	3247	20	0	49	74	116	Other	Other	PacBio
964260605	143622	28921266	3203	3113	90	0	63	124	129	Other	Other	PacBio
964261345	3219654	97315161	3330	3253	24	53	19	41	293	Other	Other	ONT
964261355	2750000	96917872	3334	3245	23	66	28	28	279	Other	Other	ONT
964264385	41193119	149238926	3387	3314	14	59	1	2	50	Other	Other	ONT
964265115	32743049	121923953	3337	3324	9	4	9	44	48	Other	Other	ONT
964269795	17256112	34740752	3341	3328	13	0	2	47	72	Other	Other	HiFi
964270355	43164142	43164142	3388	3245	21	122	1	1	215	Other	Other	ONT
964273455	4280269	39184602	3382	3337	38	7	4	4	119	Other	Other	CLR
964273965	2109090	2109090	3375	3351	19	5	11	4	113	Other	Other	CLR
964274065	8390905	38071527	3384	3332	42	10	3	3	82	Other	Other	CLR
964304535	23228627	26133466	3386	3370	16	0	2	2	67	Other	Other	HiFi
964304545	25325996	26778219	3384	3348	36	0	3	3	56	Other	Other	HiFi
964304555	24996832	26049824	3386	3333	53	0	2	2	55	Other	Other	HiFi
964304585	64160893	146036623	3387	3367	7	13	1	2	40	Other	Other	ONT
964304595	47690202	305542590	3379	3319	12	48	3	8	55	Other	Other	ONT
964304605	22004483	33033172	3389	3387	2	0	1	0	53	Other	Other	ONT
964304615	33298157	33678863	3386	3380	6	0	1	3	57	Other	Other	HiFi
964340495	54718507	153613759	3335	3309	19	7	11	44	56	Other	Other	ONT
964659585	36526383	174378910	3335	3304	23	8	12	43	60	Other	Other	ONT
964660975	10936441	32021586	3352	3339	13	0	9	29	106	Other	Other	ONT
965117115	5360101	129734102	3386	3382	3	1	2	2	53	Other	Other	ONT
965118095	1358293	1358293	3357	1403	1940	14	26	7	115	Other	Other	PacBio
965118105	24563559	83774284	3338	3323	6	9	12	40	414	Other	Other	PacBio
965119265	26435831	26435831	3385	3370	15	0	5	0	59	Other	Other	HiFi
965119275	24876984	24876984	3384	3360	24	0	5	1	56	Other	Other	HiFi
965120235	28485	55067	2543	2528	3	12	702	135	81	Other	Other	Illumina
965140175	31116631	43855677	3353	3309	44	0	6	31	64	Other	Other	HiFi
965153035	72688778	72688778	3389	3309	34	46	0	1	46	Other	Other	HiFi
965153045	68853064	68853064	3389	3314	16	59	0	1	65	Other	Other	HiFi
965153055	47390133	47390133	3386	3290	53	43	2	2	55	Other	Other	HiFi
965153065	50849377	50849377	3387	3296	49	42	1	2	54	Other	Other	HiFi
965153075	56481928	56481928	3386	3294	50	42	1	3	49	Other	Other	HiFi
965153115	60570182	60570182	3389	3308	35	46	0	1	49	Other	Other	HiFi
965153135	65627324	65627324	3387	3295	15	77	1	2	54	Other	Other	HiFi
965153145	58956179	58956179	3389	3305	41	43	0	1	49	Other	Other	HiFi
965153165	60120431	60120431	3388	3312	31	45	0	2	47	Other	Other	HiFi
965153475	7274285	7274285	3371	3316	4	51	13	6	950	Other	Other	Other
965153485	13043361	13043361	3366	3303	6	57	6	18	651	Other	Other	Other
965153495	7291970	7291970	3378	3329	5	44	3	9	1076	Other	Other	Other
965153505	8092430	8092430	3373	3326	6	41	9	7	1030	Other	Other	Other
965153515	6976770	6976770	3365	3297	9	59	8	17	1127	Other	Other	Other
965153525	8712481	8712481	3370	3316	8	46	9	11	1022	Other	Other	Other
965153535	13471457	13471457	3379	3320	7	52	8	3	731	Other	Other	Other
965153545	11692668	11692668	3362	3302	6	54	5	23	881	Other	Other	Other
965153555	6615553	6615553	3377	3319	9	49	9	4	858	Other	Other	Other
965153565	15080717	15080717	3379	3315	5	59	2	9	701	Other	Other	Other
965153575	12504117	12504117	3382	3328	8	46	2	6	593	Other	Other	Other
965153585	13849846	13849846	3359	3303	5	51	4	27	817	Other	Other	Other
965153595	8375793	8375793	3366	3307	6	53	8	16	721	Other	Other	Other
965153605	15368662	15368662	3322	3255	6	61	13	55	875	Other	Other	Other
965153615	8196466	8196466	3366	3312	10	44	7	17	956	Other	Other	Other
965153625	10505372	10505372	3364	3306	7	51	8	18	1224	Other	Other	Other
965153635	11553860	11553860	3373	3309	6	58	9	8	941	Other	Other	Other
965153645	8481619	8481619	3345	3289	9	47	15	30	1116	Other	Other	Other
965153655	9077737	9077737	3374	3318	8	48	6	10	982	Other	Other	Other
965153665	5677193	5677193	3370	3316	7	47	12	7	1224	Other	Other	Other
965153675	17178727	17178727	3363	3310	4	49	3	24	959	Other	Other	Other
965153685	14194573	14194573	3384	3326	7	51	4	2	797	Other	Other	Other
965153695	10726560	10726560	3368	3307	11	50	5	17	882	Other	Other	Other
965153705	15986816	15986816	3332	3275	8	49	2	56	762	Other	Other	Other
965153715	7461741	7461741	3361	3303	9	49	12	17	1166	Other	Other	Other
965153725	15770061	15770061	3365	3321	4	40	7	18	1100	Other	Other	Other
965153735	18574750	18574750	3381	3324	8	49	2	6	659	Other	Other	Other
965153745	19936962	19936962	3375	3313	9	53	4	11	988	Other	Other	Other
965153755	14392983	14392983	3384	3323	9	52	3	3	752	Other	Other	Other
965153765	5577149	5577149	3366	3309	6	51	9	15	1307	Other	Other	Other
965153775	4147512	4147512	3332	3294	7	31	27	31	1468	Other	Other	Other
965153785	15277211	15277211	3375	3316	8	51	8	7	887	Other	Other	Other
965153795	14203010	14203010	3379	3319	8	52	6	5	706	Other	Other	Other
965153805	7211589	7211589	3367	3316	9	42	9	14	1345	Other	Other	Other
965153815	16607029	16607029	3368	3311	7	50	5	17	658	Other	Other	Other
965153825	9425741	9425741	3356	3303	4	49	7	27	862	Other	Other	Other
965153835	8635607	8635607	3375	3314	9	52	8	7	982	Other	Other	Other
965153845	11279171	11279171	3366	3315	6	45	6	18	987	Other	Other	Other
965153855	13858817	13858817	3359	3301	9	49	5	26	1035	Other	Other	Other
965153865	14802712	14802712	3361	3300	6	55	4	25	759	Other	Other	Other
965153875	9869254	9869254	3369	3307	9	53	11	10	1083	Other	Other	Other
965153885	9013069	9013069	3367	3308	9	50	7	16	935	Other	Other	Other
965153895	8445170	8445170	3362	3305	8	49	10	18	824	Other	Other	Other
965153905	9815699	9815699	3363	3311	3	49	11	16	826	Other	Other	Other
965153915	14947756	14947756	3362	3302	9	51	8	20	755	Other	Other	Other
965153925	7640669	7640669	3364	3305	7	52	12	14	1371	Other	Other	Other
965153935	8656256	8656256	3372	3316	7	49	5	13	1073	Other	Other	Other
965153945	16908938	16908938	3366	3311	7	48	4	20	861	Other	Other	Other
965153955	14153543	14153543	3367	3312	7	48	7	16	670	Other	Other	Other
965153965	17143893	17143893	3355	3298	8	49	1	34	735	Other	Other	Other
965153975	26204664	26204664	3360	3303	5	52	4	26	478	Other	Other	Other
965153985	5702538	5702538	3356	3301	10	45	11	23	1377	Other	Other	Other
965153995	14038474	14038474	3360	3300	7	53	10	20	753	Other	Other	Other
965154005	6050053	6050053	3370	3315	10	45	8	12	1163	Other	Other	Other
965154015	7603278	7603278	3374	3315	6	53	10	6	927	Other	Other	Other
965154025	11296301	11296301	3325	3262	11	52	5	60	763	Other	Other	Other
965154035	5889953	5889953	3372	3318	5	49	7	11	1282	Other	Other	Other
965154045	16392469	16392469	3360	3304	10	46	7	23	781	Other	Other	Other
965154055	7018397	7018397	3358	3295	9	54	14	18	1173	Other	Other	Other
965154065	17381058	17381058	3341	3292	6	43	3	46	1011	Other	Other	Other
965154075	17178175	17178175	3362	3302	6	54	7	21	887	Other	Other	Other
965154085	14502622	14502622	3332	3270	8	54	13	45	989	Other	Other	Other
965154095	22842535	22842535	3377	3314	10	53	5	8	730	Other	Other	Other
965154105	24612797	24612797	3362	3307	9	46	7	21	940	Other	Other	Other
965154125	44269	18326025	2925	2838	87	0	232	230	131	Other	Other	Illumina
965154145	142843768	142843768	3388	3370	12	6	1	1	44	Other	Other	HiFi
965154155	3452113	3452113	3344	3292	7	45	24	21	1308	Other	Other	Other
965154165	8312812	8312812	3365	3308	8	49	12	12	1085	Other	Other	Other
965154175	914202	914202	3186	3138	12	36	80	123	2116	Other	Other	Other
965154185	9686321	9686321	3346	3291	5	50	15	29	1029	Other	Other	Other
965154195	9965308	9965308	3362	3315	6	41	7	21	1403	Other	Other	Other
965154205	1762262	1762262	3279	3234	6	39	57	54	1944	Other	Other	Other
965154215	1483300	1483300	3306	3263	10	33	47	36	1745	Other	Other	Other
965154225	1016347	1016347	3279	3234	7	38	60	50	1841	Other	Other	Other
965154235	4810037	4810037	3360	3311	7	42	18	11	1475	Other	Other	Other
965154245	7396389	7396389	3357	3300	8	49	13	20	1089	Other	Other	Other
965154255	11616129	11616129	3369	3312	9	48	11	10	1275	Other	Other	Other
965154265	6361187	6361187	3363	3313	8	42	15	12	1305	Other	Other	Other
965154275	7893939	7893939	3369	3317	7	45	10	10	1077	Other	Other	Other
965154285	23195918	23195918	3348	3294	8	46	6	36	945	Other	Other	Other
965154295	6720483	6720483	3375	3316	12	47	8	7	1307	Other	Other	Other
965154305	3564082	3564082	3357	3305	6	46	18	15	1278	Other	Other	Other
965154315	979175	979175	3240	3194	10	36	64	85	2144	Other	Other	Other
965154325	1526312	1526312	3284	3235	10	39	51	54	1788	Other	Other	Other
965154335	35039831	35039831	3334	3282	8	44	5	51	720	Other	Other	Other
965154345	6156947	6156947	3360	3305	8	47	13	17	1082	Other	Other	Other
965154355	2763781	2763781	3343	3294	8	41	30	17	1611	Other	Other	Other
965154365	4141547	4141547	3352	3300	8	44	16	21	1359	Other	Other	Other
965154375	7141734	7141734	3373	3320	6	47	13	4	1153	Other	Other	Other
965154385	3269418	3269418	3355	3308	7	40	22	13	1477	Other	Other	Other
965154395	4809465	4809465	3359	3304	8	47	10	21	1331	Other	Other	Other
965154405	9594750	9594750	3337	3286	6	45	13	40	1099	Other	Other	Other
965154415	2120835	2120835	3312	3258	9	45	36	42	1814	Other	Other	Other
965154425	6780620	6780620	3375	3316	4	55	6	9	1238	Other	Other	Other
965154435	6888616	6888616	3351	3302	11	38	11	28	1279	Other	Other	Other
965154445	10060611	10060611	3361	3298	9	54	16	13	1109	Other	Other	Other
965165685	2128569	24466500	3322	3312	10	0	56	11	55	Other	Other	HiFi
965170635	1626351	20777571	3335	3308	27	0	40	14	74	Other	Other	HiFi
965177315	8929507	8929507	3366	3314	9	43	14	10	1050	Other	Other	Other
965177325	3315564	3315564	3347	3297	7	43	25	17	1494	Other	Other	Other
965177335	905772	905772	3271	3221	13	37	65	54	1928	Other	Other	Other
965177345	7254662	7254662	3332	3280	5	47	14	44	1362	Other	Other	Other
965177355	8201353	8201353	3371	3322	6	43	9	10	1236	Other	Other	Other
965177365	2350653	2350653	3329	3281	5	43	29	30	1686	Other	Other	Other
965177375	6464498	6464498	3366	3310	6	50	13	11	1259	Other	Other	Other
965177385	14320909	14320909	3351	3301	13	37	9	30	1328	Other	Other	Other
965177395	18415319	18415319	3356	3306	7	43	11	23	1121	Other	Other	Other
965177405	4672070	4672070	3344	3293	7	44	22	24	1666	Other	Other	Other
965177415	2618764	2618764	3334	3295	7	32	33	23	1661	Other	Other	Other
965177425	11681266	11681266	3374	3319	9	46	7	9	1351	Other	Other	Other
965177435	4279936	4279936	3338	3287	10	41	30	22	1477	Other	Other	Other
965177445	2679002	2679002	3347	3286	6	55	23	19	1426	Other	Other	Other
965177455	4041679	4041679	3356	3313	6	37	18	16	1273	Other	Other	Other
965177465	3792986	3792986	3363	3309	8	46	17	10	1252	Other	Other	Other
965177475	8012193	8012193	3375	3321	4	50	9	6	1174	Other	Other	Other
965177485	4210875	4210875	3358	3309	7	42	19	13	1572	Other	Other	Other
965177495	27846156	27846156	3375	3312	7	56	3	12	686	Other	Other	Other
965177505	8727179	8727179	3369	3314	5	50	12	8	1150	Other	Other	Other
965177515	5159184	5159184	3364	3318	6	40	13	12	1375	Other	Other	Other
965177525	5353630	5353630	3369	3317	10	42	12	9	1270	Other	Other	Other
965177535	7428054	7428054	3355	3307	7	41	12	23	1354	Other	Other	Other
965177545	2783496	2783496	3340	3294	5	41	27	23	1774	Other	Other	Other
965177555	5090726	5090726	3370	3320	8	42	7	13	1301	Other	Other	Other
965177565	35820289	35820289	3336	3278	6	52	8	46	554	Other	Other	Other
965177575	2186592	2186592	3324	3279	6	39	28	38	1772	Other	Other	Other
965177585	8377162	8377162	3371	3308	7	56	6	13	992	Other	Other	Other
965177595	20638060	146719457	3388	3372	3	13	1	1	53	Other	Other	ONT
965177605	4249362	4249362	3360	3311	9	40	12	17	1476	Other	Other	Other
965177615	5153325	5153325	3362	3308	6	48	16	12	1450	Other	Other	Other
965177625	9360302	9360302	3134	3081	11	42	20	236	758	Other	Other	Other
965177635	3745590	3745590	3356	3304	6	46	21	13	1578	Other	Other	Other
965177645	3255864	3255864	3334	3276	8	50	27	29	1540	Other	Other	Other
965177655	4321351	4321351	3356	3303	5	48	14	20	1378	Other	Other	Other
965177665	6286643	6286643	3366	3312	9	45	13	11	1131	Other	Other	Other
965177675	2437109	2437109	3271	3220	6	45	51	67	1702	Other	Other	Other
965177685	5220529	5220529	3366	3307	7	52	12	12	1374	Other	Other	Other
965177695	13557565	13557565	3355	3310	7	38	7	28	1287	Other	Other	Other
965177705	3459079	3459079	3352	3310	5	37	14	24	1520	Other	Other	Other
965177715	8544922	8544922	3352	3296	7	49	7	31	1054	Other	Other	Other
965177725	7550276	7550276	3366	3316	12	38	10	14	1183	Other	Other	Other
965177735	3809473	3809473	3325	3273	6	46	28	37	1489	Other	Other	Other
965177745	11675228	11675228	3349	3301	4	44	11	30	1095	Other	Other	Other
965177755	6187175	6187175	3355	3304	8	43	14	21	1266	Other	Other	Other
965177765	7426320	7426320	3352	3293	7	52	15	23	1563	Other	Other	Other
965177775	2051324	2051324	3256	3219	8	29	62	71	1948	Other	Other	Other
965177785	3905780	3905780	3328	3288	5	35	30	32	1679	Other	Other	Other
965177795	4166133	4166133	3325	3280	9	36	30	35	1879	Other	Other	Other
965177805	2654361	2654361	3297	3235	9	53	45	48	1742	Other	Other	Other
965177815	514721	514721	2881	2844	11	26	206	300	2179	Other	Other	Other
965177825	2179819	2179819	3275	3226	4	45	41	73	2052	Other	Other	Other
965183825	369401	40114059	3362	3292	59	11	9	19	83	Other	Other	HiFi
965183895	64819875	76036967	3379	3363	13	3	5	6	59	Other	Other	ONT
965194845	3162383	214481692	3326	3306	15	5	13	50	69	Other	Other	HiFi
965196965	13580513	71328442	3382	3377	3	2	1	7	59	Other	Other	ONT
965203405	18707992	92154671	3358	3292	24	42	5	27	73	Other	Other	HiFi
965207765	35897402	95238227	3370	3348	9	13	3	17	59	Other	Other	HiFi
965212715	28351139	127229103	3357	3282	18	57	14	19	72	Other	Other	HiFi
965212765	135546937	135546937	3340	3286	27	27	6	44	63	Other	Other	HiFi
965212795	16496251	50972959	3385	3362	23	0	1	4	65	Other	Other	HiFi
965212805	80969137	133823639	3340	3271	34	35	3	47	59	Other	Other	HiFi
965212835	95590421	132196588	3378	3311	31	36	2	10	56	Other	Other	HiFi
965212885	103312553	135508237	3341	3284	29	28	5	44	58	Other	Other	HiFi
965213465	102145166	134465724	3384	3321	26	37	1	5	46	Other	Other	HiFi
965213475	49317203	105552063	3320	3256	37	27	8	62	71	Other	Other	HiFi
965213485	57191657	57191657	3388	3327	25	36	0	2	48	Other	Other	HiFi
965213495	55467668	55467668	3387	3327	25	35	1	2	47	Other	Other	HiFi
965213515	87282468	87282468	3389	3329	25	35	0	1	50	Other	Other	HiFi
965217545	55577270	55577270	3345	3290	26	29	5	40	60	Other	Other	HiFi
965225075	3567650	93074296	3348	3345	2	1	29	13	60	Other	Other	ONT
965225615	323240	324505	3033	2983	9	41	282	71	421	Other	Other	ONT
965229965	3971000	32081767	3376	3365	11	0	4	10	91	Other	Other	HiFi
965243705	26522000	34487660	3388	3376	12	0	1	1	62	Other	Other	HiFi
965246665	60824067	60824067	3385	3327	7	51	2	3	58	Other	Other	HiFi
965246675	17714167	25032925	3383	3373	10	0	3	4	96	Other	Other	ONT
965250365	4112000	86795660	3371	3364	7	0	7	12	56	Other	Other	HiFi
965250375	3440717	72549161	3378	3374	4	0	8	4	50	Other	Other	HiFi
965250395	2200672	78817196	3386	3378	8	0	2	2	58	Other	Other	HiFi
965250575	46705925	46705925	3380	3319	27	34	2	8	51	Other	Other	HiFi
965250585	56409273	56409273	3342	3285	29	28	4	44	63	Other	Other	HiFi
965251305	45458831	45458831	3307	3248	26	33	7	76	60	Other	Other	HiFi
965251505	78460862	78460862	3337	3283	27	27	6	47	57	Other	Other	HiFi
965253265	43425844	43425844	3378	3316	27	35	1	11	50	Other	Other	HiFi
965260555	43018426	43018426	3309	3243	31	35	6	75	57	Other	Other	HiFi
965260895	1717611	20332259	3335	3309	25	1	21	34	136	Other	Other	HiFi
965263715	8192736	21946309	3310	3298	10	2	21	59	119	Other	Other	HiFi
965274325	15794238	36980150	3348	3331	14	3	14	28	79	Other	Other	HiFi
965276375	14259656	37552910	3317	3307	9	1	24	49	101	Other	Other	HiFi
965276695	2381320	26015219	3362	3345	16	1	12	16	101	Other	Other	HiFi
965277985	2382381	80247187	3385	3368	17	0	4	1	63	Other	Other	HiFi
965278175	4748427	79723726	3383	3368	14	1	4	3	57	Other	Other	HiFi
965278345	29485388	34904278	3366	3357	8	1	8	16	86	Other	Other	HiFi
965278355	302355	117773236	3225	3188	37	0	85	80	79	Other	Other	ONT
965278395	6015568	31715373	3368	3352	16	0	9	13	100	Other	Other	HiFi
965278775	2482267	65831537	3384	3364	20	0	4	2	65	Other	Other	HiFi
965278785	2097805	66097916	3381	3363	18	0	4	5	62	Other	Other	HiFi
965278835	43679502	97991491	3379	3375	4	0	1	10	51	Other	Other	HiFi
965279225	409172	44263183	3337	3306	28	3	35	18	80	Other	Other	HiFi
965280105	98374635	215845204	3364	3352	9	3	4	22	52	Other	Other	HiFi
965282415	15918108	29628722	3375	3361	14	0	4	11	78	Other	Other	HiFi
965282525	5500399	93426718	3382	3368	14	0	2	6	35	Other	Other	HiFi
965285925	27615808	76810945	3377	3357	17	3	3	10	59	Other	Other	ONT
965286855	22783031	87105696	3389	3385	4	0	1	0	44	Other	Other	HiFi
965287015	32937796	71343807	3381	3375	5	1	2	7	56	Other	Other	ONT
965287025	7452025	62560071	3367	3361	6	0	7	16	65	Other	Other	ONT
965287035	8414000	70769131	3369	3358	11	0	3	18	68	Other	Other	ONT
965295165	18656498	18656498	3383	3326	7	50	3	4	855	Other	Other	Other
965295175	25751300	43223242	3379	3354	25	0	2	9	59	Other	Other	HiFi
965358205	9703000	34173648	3370	3357	13	0	9	11	44	Other	Other	HiFi
965363395	29817248	91393785	3385	3312	11	62	3	2	129	Other	Other	Other
965363435	22502704	100805136	3387	3273	13	101	1	2	304	Other	Other	Other
965363445	11764114	101116994	3388	3291	13	84	0	2	284	Other	Other	Other
965363515	61919991	95130028	3388	3318	12	58	0	2	69	Other	Other	Other
965363615	13136129	94820913	3371	3258	29	84	6	13	171	Other	Other	Other
965363705	27076389	100908164	3388	3281	16	91	0	2	108	Other	Other	Other
965363845	21413685	89882274	3387	3327	9	51	2	1	262	Other	Other	Other
965364675	77725785	94408239	3333	3223	16	94	2	55	69	Other	Other	Other
965364685	12853060	32570917	3376	3352	21	3	6	8	79	Other	Other	HiFi
965364855	36955596	100917375	3388	3282	14	92	0	2	111	Other	Other	Other
965365845	28191196	91559386	3388	3316	8	64	1	1	133	Other	Other	Other
965365915	4171537	101528116	3374	3266	15	93	9	7	557	Other	Other	Other
965366085	22779384	40862349	3363	3351	12	0	11	16	76	Other	Other	HiFi
965542115	20711000	38704038	3341	3316	22	3	14	35	79	Other	Other	HiFi
965601325	90035114	99640797	3377	1677	1695	5	6	7	104	Other	Other	HiFi
003287225	11399805	428240489	3382	3356	6	20	2	6	194	VGP	VGP	Other
005190385	22031227	108465051	3382	3332	18	32	1	7	146	VGP	VGP	CLR
008658365	18221265	84526827	3381	3377	4	0	3	6	105	VGP	VGP	CLR
009764595	3247339	72541719	3279	3249	30	0	27	84	203	VGP	VGP	CLR
009769465	11927027	85562082	3379	3369	10	0	4	7	159	VGP	VGP	CLR
009769525	12131577	43262132	3368	3362	6	0	8	14	225	VGP	VGP	CLR
009769605	12039478	40274051	3369	3359	10	0	1	20	139	VGP	VGP	CLR
009819595	12372304	49132790	3376	3339	37	0	3	11	205	VGP	VGP	CLR
009819605	22002498	85487239	3387	3373	14	0	1	2	74	VGP	VGP	CLR
009819775	14700712	85472901	3385	3372	13	0	0	5	157	VGP	VGP	CLR
009819825	13514148	30176635	3378	3364	13	1	6	6	117	VGP	VGP	CLR
009914755	150617247	150617247	3389	3325	29	35	0	1	48	VGP	VGP	Other
011004875	23326060	82577926	3386	3375	11	0	0	4	64	VGP	VGP	CLR
011762505	11143170	82689117	3373	3303	41	29	6	11	66	VGP	VGP	CLR
013358685	10114706	22928215	3338	3317	18	3	16	36	94	VGP	VGP	CLR
014706295	7380351	74168823	3355	3343	11	1	12	23	76	VGP	VGP	CLR
014839685	17460000	39321252	3376	3366	10	0	4	10	108	VGP	VGP	CLR
014839755	31914676	72750092	3365	3357	6	2	3	22	62	VGP	VGP	CLR
014839995	2195850	28679447	3346	3334	12	0	14	30	81	VGP	VGP	CLR
016904835	16681756	40827287	3357	3343	14	0	10	23	160	VGP	VGP	CLR
017639485	15203797	87527607	3380	3373	7	0	2	8	101	VGP	VGP	CLR
017639555	23757428	85554746	3378	3372	6	0	5	7	163	VGP	VGP	CLR
017639675	956540	20392628	2987	2958	28	1	51	352	100	VGP	VGP	CLR
019677235	5969793	37181689	3377	3301	75	1	5	8	138	VGP	VGP	PacBio
020510985	5867598	435632707	3373	3329	26	18	5	12	96	VGP	VGP	CLR
020745685	7919333	31691308	3375	3362	13	0	6	9	120	VGP	VGP	CLR
020745705	20531774	91346199	3374	3369	5	0	4	12	136	VGP	VGP	CLR
020745775	37098842	101368359	3383	3379	4	0	2	5	94	VGP	VGP	CLR
020746105	16237294	82617956	3384	3371	11	2	3	3	100	VGP	VGP	CLR
020800305	13461271	71566193	3361	3352	8	1	6	23	64	VGP	VGP	HiFi
021292165	3338364	296945371	3366	3114	242	10	9	15	214	VGP	VGP	CLR
022682495	6739964	160127860	3366	3334	18	14	6	18	62	VGP	VGP	HiFi
023333525	41557363	115489130	3326	3315	7	4	8	56	59	VGP	VGP	HiFi
023637945	35194150	72671965	3364	3362	2	0	2	24	52	VGP	VGP	CLR
023851605	9869167	174634624	3377	3167	33	177	6	7	91	VGP	VGP	CLR
024256435	32098287	34021760	3345	3322	22	1	10	35	58	VGP	VGP	HiFi
024294585	44839567	222489854	3334	3316	13	5	10	46	75	VGP	VGP	HiFi
026018925	7301848	112954644	3380	3236	32	112	6	4	111	VGP	VGP	CLR
026229955	10714300	43824230	3337	3212	70	55	5	48	61	VGP	VGP	HiFi
026230055	23382908	174690156	3371	3259	11	101	4	15	83	VGP	VGP	HiFi
026652325	45590032	1237754594	3319	3280	27	12	29	42	22	VGP	VGP	HiFi
027410445	3043591	453717995	3297	3265	29	3	40	53	62	VGP	VGP	CLR
027474245	13936613	89079306	3385	3369	16	0	0	5	50	VGP	VGP	HiFi
027559615	7308823	75254055	3369	3359	10	0	7	14	79	VGP	VGP	HiFi
027563665	41887785	114648712	3371	3223	22	126	4	15	96	VGP	VGP	CLR
027574665	10485863	63592491	3386	3377	9	0	4	0	69	VGP	VGP	HiFi
027917425	4962642	489283037	3281	3262	18	1	37	72	64	VGP	VGP	HiFi
027942865	9831534	39252737	3376	3367	9	0	5	9	65	VGP	VGP	HiFi
028020825	11637970	58393285	3378	3333	44	1	2	10	57	VGP	VGP	HiFi
028022725	4715471	27720618	3354	3330	22	2	15	21	88	VGP	VGP	HiFi
028022735	18064636	52189775	3387	3375	12	0	1	2	55	VGP	VGP	HiFi
028451465	19239546	127995937	3378	3303	26	49	7	5	61	VGP	VGP	CLR
028571685	78495281	139648372	3382	3367	6	9	4	4	47	VGP	VGP	HiFi
028858755	38811057	110438430	3368	3355	13	0	5	17	60	VGP	VGP	HiFi
029215775	120109455	275917861	3371	3358	7	6	1	18	36	VGP	VGP	HiFi
030020295	84235120	257319116	3377	3369	7	1	2	11	40	VGP	VGP	HiFi
030035585	57632671	140670990	3388	3374	5	9	1	1	57	VGP	VGP	HiFi
030412105	112814430	291724653	3361	3344	15	2	7	22	50	VGP	VGP	HiFi
030440675	158731830	184669281	3355	3351	1	3	6	29	44	VGP	VGP	HiFi
030463565	9666746	86807213	3388	3373	14	1	1	1	54	VGP	VGP	HiFi
030848825	86333355	111098925	3383	3328	19	36	3	4	65	VGP	VGP	HiFi
030867105	65226870	203662644	3351	3344	6	1	7	32	58	VGP	VGP	HiFi
030867145	14274197	80946297	3381	3359	22	0	1	8	55	VGP	VGP	HiFi
031216445	27954791	27954791	3389	3382	7	0	1	0	48	VGP	VGP	CLR
031468815	10178591	85624757	3385	3377	8	0	2	3	44	VGP	VGP	HiFi
031876335	34562834	185549907	3386	3321	8	57	3	1	82	VGP	VGP	HiFi
031877795	11872084	89389700	3384	3367	17	0	4	2	48	VGP	VGP	HiFi
031878675	5921125	64418693	3355	3278	36	41	9	26	69	VGP	VGP	HiFi
031878705	56553937	129754520	3381	3365	11	5	2	7	51	VGP	VGP	HiFi
031885435	19816254	64395891	3379	3371	5	3	2	9	71	VGP	VGP	HiFi
031893055	5334240	226021100	3239	3222	13	4	32	119	51	VGP	VGP	HiFi
032164245	17031157	108345705	3270	3250	17	3	13	107	48	VGP	VGP	HiFi
033349115	28400779	133157836	3073	3061	11	1	19	298	40	VGP	VGP	HiFi
033958435	126464372	130115908	3381	3376	4	1	2	7	41	VGP	VGP	HiFi
034619465	8826436	82124922	3380	3375	5	0	3	7	58	VGP	VGP	HiFi
035046505	33113817	242160784	3262	3244	13	5	16	112	48	VGP	VGP	HiFi
035084275	1059761	42627691	3002	2983	19	0	61	327	99	VGP	VGP	HiFi
036010785	8735889	67791739	3381	3367	9	5	3	6	61	VGP	VGP	HiFi
036172795	19137354	222280400	3324	3312	10	2	26	40	43	VGP	VGP	HiFi
036417435	40892022	117431308	3384	3330	20	34	2	4	67	VGP	VGP	HiFi
036417535	25335467	84623986	3387	3380	7	0	1	2	52	VGP	VGP	HiFi
036426135	43557573	90406661	3381	3356	16	9	2	7	60	VGP	VGP	HiFi
036784965	1203068	58852000	3047	1911	1132	4	33	310	103	VGP	VGP	HiFi
036873955	10800487	83836255	3373	3353	16	4	5	12	62	VGP	VGP	HiFi
036971685	63448456	70857732	3190	3180	10	0	7	193	51	VGP	VGP	HiFi
037038515	47175454	125308425	3378	3296	21	61	3	9	47	VGP	VGP	HiFi
037038545	86271459	286991050	3377	3339	13	25	2	11	57	VGP	VGP	HiFi
037039145	11036555	57717734	3354	3338	16	0	6	30	72	VGP	VGP	HiFi
037157525	63410948	112651663	3382	3321	14	47	5	3	69	VGP	VGP	HiFi
037306005	12994863	565843407	3291	3276	14	1	46	53	69	VGP	VGP	HiFi
037893015	1227456	343853051	3362	3208	53	101	12	16	96	VGP	VGP	PacBio
037962945	40899883	96420541	3384	3359	25	0	2	4	48	VGP	VGP	HiFi
038024135	1550857	35217774	3352	3326	26	0	11	27	64	VGP	VGP	HiFi
038048845	4050021	346624570	3292	3262	25	5	22	76	57	VGP	VGP	HiFi
038355195	607895	18699972	3313	3269	43	1	34	43	134	VGP	VGP	HiFi
038363095	65515378	160301290	3378	3292	70	16	4	8	55	VGP	VGP	HiFi
038363145	60026580	160430197	3374	3298	67	9	5	11	53	VGP	VGP	HiFi
038501925	15294995	160347489	3345	1855	1486	4	15	30	71	VGP	VGP	HiFi
039655065	77027013	169732090	3383	3357	8	18	3	4	65	VGP	VGP	HiFi
039720435	14879228	92674118	3378	3340	34	4	3	9	57	VGP	VGP	HiFi
039878825	7816141	86361526	3350	3344	6	0	3	37	57	VGP	VGP	HiFi
039880945	74731956	114338547	3382	3330	22	30	5	3	62	VGP	VGP	HiFi
039906565	9620782	46898397	3368	3348	19	1	7	15	51	VGP	VGP	HiFi
040206685	981472	424004025	3203	3176	27	0	74	112	108	VGP	VGP	HiFi
040805955	103395564	103395564	3389	3275	17	97	0	1	64	VGP	VGP	HiFi
040894355	56181416	123447689	3385	3380	2	3	3	2	38	VGP	VGP	HiFi
040955705	39426608	64477381	3386	3302	13	71	3	1	56	VGP	VGP	HiFi
041735815	100793790	100793790	3389	3308	14	67	0	1	58	VGP	VGP	HiFi
041753875	31795397	31795397	3388	3379	8	1	1	1	54	VGP	VGP	HiFi
041834305	36344089	107416641	3385	3290	17	78	4	1	69	VGP	VGP	HiFi
041902795	22449376	30383234	3371	3310	60	1	6	13	62	VGP	VGP	HiFi
041903045	44383456	45765254	3388	3374	14	0	1	1	55	VGP	VGP	ONT
042242135	15715076	28384748	3388	3359	28	1	1	1	46	VGP	VGP	HiFi
043250625	7769413	36314571	3368	3348	20	0	14	8	73	VGP	VGP	HiFi
043290085	13617243	521973465	3377	3282	24	71	4	9	68	VGP	VGP	HiFi
043727835	61181192	162130651	3384	3309	10	65	2	4	63	VGP	VGP	HiFi
043728065	65534120	85365043	3386	3358	17	11	2	2	61	VGP	VGP	HiFi
043728145	11115074	184920896	3368	3286	32	50	6	16	78	VGP	VGP	HiFi
043748575	53323821	154900566	3383	3317	29	37	4	3	72	VGP	VGP	HiFi
043748645	56964224	105478936	3348	3280	14	54	6	36	72	VGP	VGP	HiFi
043880285	14255823	154073572	3382	3323	21	38	5	3	78	VGP	VGP	PacBio
043880425	28095277	181652838	3381	3342	12	27	5	4	67	VGP	VGP	HiFi
043880545	32895649	146810189	3386	3360	8	18	2	2	46	VGP	VGP	HiFi
043880595	22627155	120949103	3381	3341	12	28	4	5	91	VGP	VGP	ONT
044231665	19762325	23008753	3327	3317	9	1	18	45	102	VGP	VGP	HiFi
044231675	17238139	23137118	3335	3324	10	1	20	35	123	VGP	VGP	HiFi
045345405	33341676	109727540	3380	3353	27	0	4	6	65	VGP	VGP	HiFi
045345515	26372894	61450600	3369	3341	28	0	1	20	41	VGP	VGP	HiFi
045362495	21706182	48261062	3380	3373	7	0	4	6	66	VGP	VGP	HiFi
045363895	20615779	49091459	3385	3375	10	0	4	1	58	VGP	VGP	HiFi
045364795	4357226	68492996	3375	3363	12	0	6	9	63	VGP	VGP	PacBio
045364815	24087131	300517188	3388	3377	7	4	1	1	38	VGP	VGP	PacBio
045781085	58728674	135935731	3373	3367	1	5	5	12	41	VGP	VGP	HiFi
045843805	23164455	184159334	3338	3206	51	81	8	44	59	VGP	VGP	HiFi
046126795	18158878	146217707	3355	3230	122	3	10	25	48	VGP	VGP	HiFi
046129655	6932545	76484566	3377	3363	12	2	4	9	58	VGP	VGP	HiFi
046129695	29140630	73424396	3321	3306	14	1	6	63	62	VGP	VGP	HiFi
046255685	4008197	32241792	3267	3232	34	1	29	94	82	VGP	VGP	HiFi
046562885	45599555	148304554	3311	3289	9	13	7	72	55	VGP	VGP	HiFi
046562895	25109643	123530250	3385	3357	16	12	4	1	56	VGP	VGP	PacBio
047301625	37536982	38173469	3380	3365	14	1	6	4	67	VGP	VGP	HiFi
047511565	1684680	28554946	3374	3331	43	0	11	5	71	VGP	VGP	HiFi
047511655	59379167	158968201	3386	3312	31	43	0	4	50	VGP	VGP	HiFi
047715975	44366450	387402510	3347	3331	9	7	9	34	61	VGP	VGP	HiFi
047830755	17147933	64429512	3373	3353	16	4	5	12	64	VGP	VGP	HiFi
047922985	11629215	66803183	3376	3316	60	0	4	10	44	VGP	VGP	HiFi
048126345	88902510	356873583	3374	3110	31	233	7	9	92	VGP	VGP	PacBio
048126635	6606641	19449660	3366	3353	13	0	6	18	86	VGP	VGP	HiFi
048126745	49431082	76496593	3389	3235	25	129	1	0	89	VGP	VGP	HiFi
048128725	40433363	46473589	3386	3374	12	0	1	3	48	VGP	VGP	HiFi
048128805	6370452	32609585	3377	3339	38	0	7	6	67	VGP	VGP	HiFi
048129055	36254855	42904923	3385	3373	12	0	2	3	56	VGP	VGP	HiFi
048129235	36345755	41744182	3388	3371	17	0	1	1	63	VGP	VGP	HiFi
048301445	5638113	15752117	3277	3259	17	1	28	85	144	VGP	VGP	HiFi
048301465	6127553	28137510	3375	3372	3	0	6	9	74	VGP	VGP	HiFi
048301585	38227425	38227425	3368	3331	36	1	12	10	74	VGP	VGP	HiFi
048338725	144930921	144930921	3389	3368	14	7	0	1	54	VGP	VGP	HiFi
048537225	4150567	27609221	3373	3322	51	0	5	12	56	VGP	VGP	HiFi
048544225	1817416	34984248	3333	3291	41	1	19	38	87	VGP	VGP	HiFi
048565345	2265415	333086339	3172	3153	17	2	96	122	69	VGP	VGP	HiFi
048565385	69222429	129414808	3386	3269	25	92	1	3	62	VGP	VGP	HiFi
048569125	542425	41803795	3268	3086	175	7	45	77	66	VGP	VGP	HiFi
048569485	2835192	707508717	3248	3211	31	6	49	93	102	VGP	VGP	HiFi
048593225	4514036	645083750	3276	3169	90	17	21	93	67	VGP	VGP	HiFi
048593235	4359487	656909261	3332	3272	23	37	7	51	109	VGP	VGP	HiFi
048593285	93424779	622380813	3336	3312	8	16	5	49	43	VGP	VGP	HiFi
048628825	4610982	23854799	3304	3289	15	0	43	43	186	VGP	VGP	HiFi
048771875	38834406	108787391	3370	3355	12	3	4	16	53	VGP	VGP	HiFi
048771995	65033001	72089520	3377	3365	11	1	2	11	71	VGP	VGP	HiFi
048772815	6579271	94176142	3365	3235	36	94	8	17	72	VGP	VGP	HiFi
049082185	1816655	26025653	3352	3229	123	0	12	26	100	VGP	VGP	HiFi
049190665	776167	27841354	3336	3125	208	3	20	34	88	VGP	VGP	HiFi
049354715	137132494	141933726	3388	3252	36	100	1	1	55	VGP	VGP	CLR
901001165	1703178	52209666	3351	1692	1653	6	24	15	96	VGP	VGP	CLR
901699155	3790373	81365208	3322	3280	42	0	11	57	167	VGP	VGP	CLR
901765095	3661507	376147139	3344	3225	107	12	11	35	155	VGP	VGP	CLR
902686455	16333633	153872958	3384	3182	52	150	3	3	152	VGP	VGP	CLR
903797595	5585877	60684490	3347	3343	4	0	12	31	82	VGP	VGP	CLR
903992545	4446752	94929986	3184	3126	12	46	51	155	171	VGP	VGP	Other
905171665	6490592	35447499	3375	3359	15	1	3	12	77	VGP	VGP	CLR
905319855	34375412	65778685	3386	3312	11	63	3	1	67	VGP	VGP	HiFi
907165065	30622946	82614289	3386	3371	15	0	1	3	42	VGP	VGP	CLR
910589615	13037006	29138660	3367	3349	18	0	9	14	72	VGP	VGP	HiFi
910591455	3519450	25364761	3374	3363	11	0	6	10	83	VGP	VGP	HiFi
933228915	1254875	41523244	3340	3333	7	0	28	22	83	VGP	VGP	HiFi
936440315	22843665	31505967	3368	670	2691	7	8	14	87	VGP	VGP	HiFi
944039275	6927137	58626443	3346	3323	19	4	12	32	65	VGP	VGP	HiFi
946808225	4577990	30578072	3315	3284	28	3	23	52	72	VGP	VGP	HiFi
947034865	2654543	24423978	3307	3278	29	0	23	60	80	VGP	VGP	HiFi
947247035	2137891	212821320	3302	3284	14	4	24	64	69	VGP	VGP	HiFi
947650265	1186940	27641414	3294	3277	17	0	42	54	94	VGP	VGP	HiFi
949152265	1988965	36753459	3344	3319	24	1	15	31	72	VGP	VGP	HiFi
949316315	39533248	132150484	3379	3269	15	95	1	10	76	VGP	VGP	HiFi
949319135	3040692	41795634	3354	3319	33	2	13	23	72	VGP	VGP	HiFi
949357685	2576923	58069932	3335	3307	27	1	21	34	67	VGP	VGP	HiFi
949357725	1486508	31412174	3276	3256	19	1	59	54	72	VGP	VGP	HiFi
949606895	383412	89684120	3211	3195	15	1	101	78	121	VGP	VGP	HiFi
949628215	11420000	78889319	3381	3373	8	0	1	8	48	VGP	VGP	HiFi
949748355	1934223	27978033	3357	3328	29	0	14	19	86	VGP	VGP	HiFi
949752795	3126546	117448692	3371	3286	23	62	9	10	65	VGP	VGP	HiFi
949987555	959230	27266006	3291	3225	64	2	48	50	103	VGP	VGP	HiFi
949987585	54047000	89507134	3379	3349	6	24	3	8	59	VGP	VGP	HiFi
949987615	606672	27399917	3339	3324	14	1	17	34	116	VGP	VGP	HiFi
949987685	2041615	31846471	3332	3312	19	1	21	37	71	VGP	VGP	HiFi
951216825	1002537	53633514	3334	3088	80	166	27	29	99	VGP	VGP	HiFi
951394365	1909808	71401156	3374	3368	6	0	5	11	60	VGP	VGP	HiFi
951394435	3590204	105253534	3373	3327	13	33	6	10	65	VGP	VGP	HiFi
951640355	2474537	98018206	3381	3337	12	32	3	6	62	VGP	VGP	HiFi
951799395	858168	24540466	3339	3272	66	1	22	29	88	VGP	VGP	HiFi
951799975	3365000	36708673	3346	3331	13	2	20	24	94	VGP	VGP	HiFi
951802725	3932511	43935812	3352	3322	29	1	11	27	63	VGP	VGP	HiFi
951804945	65743000	94621998	3375	3354	11	10	3	12	48	VGP	VGP	HiFi
960531495	1449431	34476449	3369	3341	21	7	6	15	82	VGP	VGP	HiFi
963082525	4840756	78184682	3380	3376	4	0	5	5	70	VGP	VGP	HiFi
963210335	4755657	92385878	3388	3381	7	0	1	1	51	VGP	VGP	HiFi
963264785	5922112	106987384	3383	3378	5	0	3	4	60	VGP	VGP	HiFi
963280865	901999	55139090	3356	3046	81	229	15	19	106	VGP	VGP	HiFi
963383615	3299550	31905247	3376	3365	11	0	4	10	96	VGP	VGP	HiFi
963383645	2432660	119481734	3384	3317	13	54	2	4	77	VGP	VGP	HiFi
963422515	1116256	29635927	3315	3303	10	2	31	44	174	VGP	VGP	HiFi
963454915	1741000	55298648	3370	3092	54	224	7	13	70	VGP	VGP	HiFi
963455305	2948753	186501726	3381	3328	8	45	4	5	61	VGP	VGP	HiFi
963455335	1599794	146289188	3372	3353	5	14	13	5	51	VGP	VGP	HiFi
963457635	2444644	29835075	3360	3345	12	3	9	21	69	VGP	VGP	HiFi
963457725	1216682	33839184	3342	3290	49	3	18	30	86	VGP	VGP	HiFi
963513975	3733973	73246393	3371	3362	7	2	7	12	56	VGP	VGP	HiFi
963514005	2048057	68366687	3284	3268	12	4	43	63	49	VGP	VGP	HiFi
963514085	2544200	30303911	3378	3362	15	1	5	7	72	VGP	VGP	HiFi
963514095	2351664	29198404	3378	3371	5	2	5	7	83	VGP	VGP	HiFi
963691815	2579157	33039917	3375	3361	14	0	6	9	82	VGP	VGP	HiFi
963854745	1410686	26138615	3365	3358	7	0	7	18	85	VGP	VGP	HiFi
963921795	1305851	66219085	3361	3062	77	222	11	18	78	VGP	VGP	HiFi
963924005	1267060	45973806	3341	3162	49	130	19	30	94	VGP	VGP	HiFi
963924515	3319810	186292382	3374	3328	6	40	4	12	64	VGP	VGP	HiFi
963924665	1835000	59776753	3295	3193	20	82	16	79	95	VGP	VGP	HiFi
963932225	3570916	86500895	3390	3388	1	1	0	0	45	VGP	VGP	HiFi
963969265	4163600	39959964	3374	3347	21	6	4	12	72	VGP	VGP	HiFi
963971535	444000	155911686	3254	3132	90	32	69	67	156	VGP	VGP	HiFi
963989245	750607	66745282	3318	3165	151	2	38	34	145	VGP	VGP	HiFi
963989345	3738964	78069974	3387	3381	5	1	1	2	50	VGP	VGP	HiFi
963993115	3478172	42794514	3353	3309	41	3	8	29	71	VGP	VGP	HiFi
964030765	238748	19932791	3005	2923	82	0	94	291	145	VGP	VGP	HiFi
964034855	2049950	79251119	3376	3370	6	0	2	12	58	VGP	VGP	HiFi
964035555	3347974	77261329	3384	3376	8	0	4	2	71	VGP	VGP	HiFi
964059595	4272793	66356865	3384	3377	6	1	5	1	57	VGP	VGP	HiFi
964094495	2201046	99827109	3374	3251	19	104	7	9	63	VGP	VGP	HiFi
964106545	1439238	221119109	3384	3271	69	44	3	3	66	VGP	VGP	HiFi
964106645	1611619	91584625	3362	3332	19	11	5	23	46	VGP	VGP	HiFi
964106825	2040520	139235879	3377	3290	23	64	8	5	73	VGP	VGP	HiFi
964106855	3365458	83713171	3389	3384	5	0	0	1	50	VGP	VGP	HiFi
964106895	2605715	63363742	3371	3356	15	0	2	17	45	VGP	VGP	HiFi
964106915	2858450	91932266	3374	3355	14	5	4	12	54	VGP	VGP	HiFi
964146895	28014000	87795433	3386	3365	10	11	1	3	49	VGP	VGP	HiFi
964165515	3140665	107252728	3379	3256	35	88	4	7	60	VGP	VGP	HiFi
964188175	3060007	94541350	3375	3354	16	5	3	12	54	VGP	VGP	HiFi
964188305	2681335	94948854	3323	3302	16	5	8	59	44	VGP	VGP	HiFi
964188315	3229453	91987695	3377	3354	16	7	1	12	52	VGP	VGP	HiFi
964188345	3518761	69288905	3384	3361	22	1	3	3	44	VGP	VGP	HiFi
964188355	4249591	46961128	3387	3384	3	0	1	2	42	VGP	VGP	HiFi
964188405	1024588	53459825	3327	3122	65	140	21	42	90	VGP	VGP	HiFi
964194105	3445081	155990855	3383	3258	46	79	3	4	65	VGP	VGP	HiFi
964194135	3421604	136888642	3374	3326	16	32	7	9	69	VGP	VGP	HiFi
964194155	1961965	126028485	3329	3302	9	18	33	28	41	VGP	VGP	HiFi
964194185	2014157	88364482	3383	3301	14	68	4	3	82	VGP	VGP	HiFi
964194415	4688414	218396773	3321	3276	40	5	11	58	63	VGP	VGP	HiFi
964195595	4142416	86023716	3388	3353	35	0	1	1	55	VGP	VGP	HiFi
964197995	2291051	44954600	3347	3283	63	1	15	28	75	VGP	VGP	HiFi
964199755	4216312	87713602	3389	3379	8	2	1	0	43	VGP	VGP	HiFi
964204655	8497210	1248769876	3290	3218	34	38	44	56	36	VGP	VGP	HiFi
964205295	1741680	1114117749	3194	3101	59	34	106	88	55	VGP	VGP	HiFi
964211825	4150808	79844515	3384	3364	19	1	4	2	63	VGP	VGP	HiFi
964211835	2674135	78965412	3384	3369	14	1	3	3	56	VGP	VGP	HiFi
964212035	44226636	99996439	3383	3308	18	57	2	5	53	VGP	VGP	HiFi
964213995	1197343	109010392	3299	3274	14	11	48	43	46	VGP	VGP	HiFi
964234715	3027832	91073809	3370	3348	13	9	8	12	61	VGP	VGP	HiFi
964237585	3673000	90336355	3379	3368	11	0	1	10	47	VGP	VGP	HiFi
964252035	3226442	93518625	3291	3267	15	9	14	85	60	VGP	VGP	HiFi
964261635	7795245	2132484007	3289	3194	37	58	42	59	32	VGP	VGP	HiFi
964263255	6568731	1925992481	3252	3122	75	55	80	58	52	VGP	VGP	HiFi
964263955	476628	47422375	3322	1468	1845	9	33	34	103	VGP	VGP	HiFi
964264875	26125689	95320580	3371	3320	7	44	5	14	57	VGP	VGP	HiFi
964266715	2288625	25769083	3376	3355	14	7	4	10	64	VGP	VGP	HiFi
964270895	3042058	91563485	3373	3355	14	4	3	14	51	VGP	VGP	HiFi
964270905	3493168	109653882	3380	3314	18	48	4	6	68	VGP	VGP	HiFi
964271855	29281624	122851966	3374	3340	16	18	5	11	48	VGP	VGP	HiFi
964273445	2425281	78754139	3375	3370	4	1	2	13	57	VGP	VGP	HiFi
964273705	1870695	172830377	3308	3284	21	3	24	58	64	VGP	VGP	HiFi
964276395	2544530	21933526	3368	3288	80	0	8	14	107	VGP	VGP	HiFi
964289735	2122569	85546101	3327	3295	32	0	14	49	56	VGP	VGP	HiFi
964339955	48700701	89115682	3373	3335	7	31	8	9	83	VGP	VGP	HiFi
964341445	3298322	115717908	3383	3291	21	71	2	5	71	VGP	VGP	HiFi
964374135	3106000	107608252	3383	3320	20	43	4	3	71	VGP	VGP	HiFi
964374335	28161480	39779922	3380	3348	23	9	4	6	57	VGP	VGP	HiFi
964417175	3525167	88668981	3386	3368	17	1	2	2	47	VGP	VGP	HiFi
964638095	841497	53864884	3352	3100	150	102	14	24	84	VGP	VGP	HiFi
964656225	1635117	90095264	3358	3310	18	30	10	22	70	VGP	VGP	HiFi
964656455	3750431	156124300	3382	3324	4	54	3	5	63	VGP	VGP	HiFi
964662115	1161649	115392379	3363	3277	19	67	17	10	55	VGP	VGP	HiFi
965112155	2883979	95422932	3361	3335	19	7	8	21	50	VGP	VGP	HiFi
965113295	1661817	43730789	3363	3302	60	1	8	19	66	VGP	VGP	HiFi
965113315	2971493	99219926	3371	3343	18	10	7	12	49	VGP	VGP	HiFi
965115925	2127843	96276321	3364	3252	24	88	11	15	77	VGP	VGP	HiFi
965119305	3786355	677924506	3295	3253	17	25	26	69	44	VGP	VGP	HiFi
965140235	124322749	137541926	3385	3380	4	1	0	5	38	VGP	VGP	HiFi
965140245	4050372	86326089	3387	3381	6	0	3	0	54	VGP	VGP	HiFi
965140285	52784435	136730895	3378	3368	8	2	2	10	32	VGP	VGP	HiFi
965140295	91320439	137258246	3385	3377	6	2	0	5	34	VGP	VGP	HiFi
965140915	3182246	77037309	3377	3360	15	2	5	8	56	VGP	VGP	HiFi
965151615	3838603	78162771	3387	3370	16	1	1	2	61	VGP	VGP	HiFi
965152235	80323000	136542973	3379	3371	5	3	3	8	32	VGP	VGP	HiFi
965152275	77014821	134157645	3386	3380	3	3	2	2	39	VGP	VGP	HiFi
965153285	2556791	89160134	3371	3353	11	7	6	13	57	VGP	VGP	HiFi
965178545	3289653	75391489	3381	3367	13	1	3	6	63	VGP	VGP	HiFi
965183815	3299000	94714899	3386	3346	40	0	3	1	48	VGP	VGP	HiFi
965194805	2585625	118917181	3374	3294	16	64	8	8	62	VGP	VGP	HiFi
965194825	2079521	110866263	3378	3285	24	69	7	5	72	VGP	VGP	HiFi
965226115	37447771	40335072	3385	3349	27	9	2	3	65	VGP	VGP	ONT
965226575	2517928	32080377	3384	3367	16	1	4	2	61	VGP	VGP	HiFi
965231255	1930563	82789932	3368	3347	21	0	2	20	53	VGP	VGP	HiFi
965231275	3151134	73228557	3370	3343	25	2	6	14	46	VGP	VGP	HiFi
965231335	3892771	78989891	3388	3385	3	0	1	1	62	VGP	VGP	HiFi
003369695	26764281	104466507	3381	3313	14	54	0	9	80	VGP	VGP	CLR
003957555	14522327	74081004	3323	3316	7	0	17	50	129	VGP	VGP	CLR
004027225	9454087	83240647	3380	3358	21	1	4	6	68	VGP	VGP	CLR
004115215	15146802	83338043	3337	3320	14	3	22	31	144	VGP	VGP	CLR
004115265	31900497	88025743	3385	3316	13	56	3	2	116	VGP	VGP	CLR
004126475	6892556	171742863	3366	3336	11	19	7	17	137	VGP	VGP	CLR
007364275	2146538	35590001	3373	3310	60	3	5	12	133	VGP	VGP	CLR
007399415	13026736	147425149	3378	3350	23	5	5	7	117	VGP	VGP	CLR
007474595	7503561	147275701	3363	3345	8	10	14	13	148	VGP	VGP	CLR
008692025	20218762	115469292	3381	3341	14	26	2	7	125	VGP	VGP	CLR
009650955	11524098	74699841	3361	3355	5	1	12	17	83	VGP	VGP	CLR
009762305	32626160	147124152	3387	3250	16	121	0	3	104	VGP	VGP	CLR
009762535	3748462	37090664	3245	3233	10	2	35	110	143	VGP	VGP	CLR
009764475	17009522	101699621	3305	3292	13	0	21	64	183	VGP	VGP	CLR
009764565	7029801	137568771	3355	3351	2	2	8	27	116	VGP	VGP	CLR
009769535	4620601	100851885	3270	3199	67	4	35	85	238	VGP	VGP	CLR
009769545	4950682	23863342	3327	3312	15	0	15	48	139	VGP	VGP	CLR
009769625	8308965	81481363	3379	3373	5	1	2	9	121	VGP	VGP	CLR
009819535	6613248	86565987	3362	3318	26	18	6	22	147	VGP	VGP	CLR
009819655	7345957	72978054	3341	3311	28	2	7	42	121	VGP	VGP	CLR
009819705	7020318	26312018	3363	3342	20	1	9	18	105	VGP	VGP	CLR
009819795	17816505	85905639	3382	3375	5	2	3	5	85	VGP	VGP	CLR
009819885	4908935	68462074	3377	3295	81	1	4	9	96	VGP	VGP	CLR
009829125	2301275	32865169	3319	3297	21	1	19	52	108	VGP	VGP	CLR
009829145	18496167	75608808	3369	3358	11	0	6	15	147	VGP	VGP	CLR
009829155	36329944	130149454	3375	3329	7	39	2	13	63	VGP	VGP	CLR
009873245	6315640	110314666	3383	3285	15	83	3	4	128	VGP	VGP	CLR
010909765	1462921	62052929	3282	3260	20	2	33	75	70	VGP	VGP	PacBio
011004845	22630263	37473588	3380	3344	35	1	3	7	69	VGP	VGP	CLR
011100635	4314688	442560073	3360	3237	18	105	17	13	72	VGP	VGP	CLR
011100685	14840767	64299765	3386	3300	19	67	2	2	103	VGP	VGP	CLR
011762595	9729386	108430135	3378	3317	18	43	6	6	73	VGP	VGP	CLR
012275295	16636420	104092594	3377	3343	34	0	4	9	82	VGP	VGP	CLR
013347855	5114673	57205429	3361	3155	204	2	9	20	79	VGP	VGP	CLR
013368585	26850664	38251172	3381	3087	290	4	2	7	61	VGP	VGP	CLR
013368605	23231768	92359233	3385	3372	12	1	3	2	89	VGP	VGP	CLR
014108235	12511134	94448911	3382	3286	17	79	4	4	64	VGP	VGP	CLR
014108245	10591995	80237350	3374	3326	14	34	5	11	72	VGP	VGP	CLR
014108415	22174888	110665204	3379	3344	7	28	7	4	56	VGP	VGP	CLR
014176215	21999313	113811795	3377	3370	7	0	4	9	66	VGP	VGP	CLR
014839835	19150283	38715865	3360	3350	7	3	5	25	56	VGP	VGP	CLR
015220075	15323486	91094845	3382	3375	7	0	3	5	89	VGP	VGP	CLR
015220235	20994632	146178362	3359	3110	46	203	14	17	117	VGP	VGP	CLR
015220715	12898870	42283192	3376	3345	29	2	7	7	51	VGP	VGP	CLR
015220745	11445908	34912176	3339	3319	19	1	19	32	116	VGP	VGP	CLR
015220805	16792259	33994490	3362	3355	6	1	7	21	68	VGP	VGP	CLR
015227675	29198295	135012528	3379	3299	13	67	2	9	60	VGP	VGP	CLR
015227805	2794774	76187387	3344	3334	8	2	12	33	80	VGP	VGP	CLR
015237465	39415510	134428053	3387	3381	5	1	1	2	45	VGP	VGP	CLR
015852505	19859057	63379719	3316	3303	8	5	28	46	150	VGP	VGP	CLR
016700215	17744542	90563926	3381	3376	5	0	1	8	70	VGP	VGP	CLR
017639515	6544962	169918123	3352	3340	9	3	16	22	33	VGP	VGP	CLR
017639655	13754753	91761059	3384	3367	17	0	2	4	63	VGP	VGP	CLR
017639745	9299978	37878235	3379	3369	10	0	3	8	62	VGP	VGP	CLR
017976325	16959746	27778429	3385	3375	10	0	3	2	61	VGP	VGP	CLR
017976375	20797936	78325852	3374	3368	6	0	8	8	65	VGP	VGP	CLR
017976425	15555772	26859436	3381	3372	9	0	2	7	61	VGP	VGP	CLR
018492685	1565278	38440066	3349	3308	38	3	19	22	104	VGP	VGP	HiFi
019393635	38230856	670775900	3383	3280	15	88	2	5	209	VGP	VGP	CLR
020382885	17189422	24451451	3387	3382	5	0	0	3	56	VGP	VGP	CLR
020740605	32529614	102162704	3367	3320	12	35	3	20	68	VGP	VGP	HiFi
020740685	22104564	158244790	3363	3192	29	142	12	15	94	VGP	VGP	CLR
020740725	23064755	76278832	3375	3368	6	1	6	9	72	VGP	VGP	HiFi
020740795	25561769	115508478	3355	3348	7	0	5	30	56	VGP	VGP	CLR
020745735	8845575	83580160	3345	3334	9	2	13	32	39	VGP	VGP	CLR
020745825	22833505	36435137	3375	3367	6	2	6	9	77	VGP	VGP	CLR
020826845	28468213	65026825	3386	3367	9	10	3	1	60	VGP	VGP	HiFi
021462225	13818222	47419401	3373	3234	137	2	2	15	75	VGP	VGP	CLR
023053635	85762895	121985326	3368	3358	9	1	5	17	42	VGP	VGP	HiFi
023343835	17905263	71229700	3377	3373	3	1	3	10	48	VGP	VGP	HiFi
023375975	47087582	51923808	3376	3343	32	1	7	7	50	VGP	VGP	HiFi
023634085	21245687	92426045	3383	3376	7	0	0	7	60	VGP	VGP	HiFi
023634155	15744644	93682670	3386	3377	9	0	0	4	64	VGP	VGP	HiFi
023638135	24892811	91472507	3368	3360	8	0	1	21	58	VGP	VGP	HiFi
024139225	5042816	131952995	3353	3241	20	92	11	26	175	VGP	VGP	CLR
024166365	87987108	127432672	3383	3368	7	8	4	3	48	VGP	VGP	HiFi
025201925	6917139	162938067	3365	3349	12	4	14	11	53	VGP	VGP	CLR
025265405	48253041	125805690	3382	3271	24	87	1	7	66	VGP	VGP	Other
026419915	16799191	58111031	3386	3373	13	0	2	2	53	VGP	VGP	HiFi
026419965	42780423	122394096	3378	3334	13	31	3	9	68	VGP	VGP	Other
026979565	15819291	72553174	3374	3366	8	0	6	10	64	VGP	VGP	HiFi
027172205	61439401	93623253	3378	3361	8	9	1	11	47	VGP	VGP	HiFi
027358585	13007371	26128932	3349	3330	19	0	5	36	74	VGP	VGP	HiFi
027358695	21170366	114150385	3314	3303	9	2	24	52	54	VGP	VGP	HiFi
027406575	41197715	135917784	3384	3187	32	165	3	3	88	VGP	VGP	HiFi
027409185	69195939	165781880	3386	3308	20	58	1	3	65	VGP	VGP	HiFi
027409825	4898551	34636535	3337	3326	9	2	28	25	77	VGP	VGP	HiFi
027477595	16787335	77212160	3370	3363	3	4	3	17	51	VGP	VGP	HiFi
027574615	49033427	102817582	3382	3346	9	27	3	5	76	VGP	VGP	CLR
027579445	12036358	74723840	3366	3356	5	5	4	20	60	VGP	VGP	HiFi
027579695	14859289	83992109	3330	3288	37	5	13	47	63	VGP	VGP	HiFi
027579735	3759931	1241340601	3243	3146	53	44	78	69	114	VGP	VGP	CLR
027595985	4024507	374364821	3348	3290	11	47	19	23	74	VGP	VGP	HiFi
027789765	8808153	153439414	3309	3261	43	5	27	54	60	VGP	VGP	CLR
027887145	8252193	78443464	3376	3365	7	4	4	10	65	VGP	VGP	HiFi
027887155	75591180	144565223	3386	3369	11	6	2	2	40	VGP	VGP	HiFi
027887165	3910714	538302405	3354	3275	16	63	8	28	53	VGP	VGP	HiFi
028017835	91255289	146456333	3385	3373	8	4	3	2	41	VGP	VGP	HiFi
028018385	51579577	150204169	3387	3345	7	35	2	1	59	VGP	VGP	HiFi
028018845	10446106	74254230	3357	3347	7	3	5	28	68	VGP	VGP	HiFi
028021215	39209000	126538682	3386	3291	23	72	2	2	80	VGP	VGP	HiFi
028023285	36541936	122071569	3386	3292	19	75	2	2	57	VGP	VGP	HiFi
028372415	15255043	489668034	3383	3291	16	76	2	5	46	VGP	VGP	HiFi
028389875	19335416	82467789	3387	3384	3	0	1	2	43	VGP	VGP	HiFi
028390025	6819095	846894890	3283	3265	14	4	38	69	46	VGP	VGP	HiFi
028500815	15653959	88208671	3386	3370	16	0	0	4	44	VGP	VGP	HiFi
028564815	37467374	129620717	3387	3268	29	90	2	1	69	VGP	VGP	HiFi
028583425	80105973	145573841	3369	3343	16	10	8	13	47	VGP	VGP	HiFi
028858705	28324902	82903739	3388	3371	17	0	0	2	50	VGP	VGP	CLR
028858725	21931325	89023854	3343	3311	32	0	2	45	44	VGP	VGP	HiFi
028858775	146288486	146288486	3388	3313	30	45	1	1	48	VGP	VGP	PacBio
028878055	146713733	146713733	3388	3323	24	41	0	2	45	VGP	VGP	PacBio
028885625	140592248	143261986	3390	3326	27	37	0	0	49	VGP	VGP	PacBio
028885655	146197178	146197178	3390	3332	23	35	0	0	48	VGP	VGP	PacBio
029281585	150804130	150804130	3385	3309	38	38	1	4	52	VGP	VGP	PacBio
029289425	147028407	147028407	3389	3321	26	42	0	1	51	VGP	VGP	PacBio
029499605	3809262	384967061	3223	3209	12	2	66	101	72	VGP	VGP	HiFi
029582105	7795761	69618406	3353	3346	7	0	19	18	64	VGP	VGP	CLR
029633855	3626585	53138383	3314	3002	311	1	15	61	39	VGP	VGP	HiFi
029633865	917127	62607046	3328	3299	24	5	17	45	72	VGP	VGP	HiFi
029931775	26991305	102317683	3373	3348	20	5	4	13	59	VGP	VGP	HiFi
030014295	82653632	119600562	3383	3365	12	6	4	3	44	VGP	VGP	HiFi
030014385	13074164	40419146	3339	3311	26	2	13	38	56	VGP	VGP	HiFi
030020395	25547713	149551276	3383	3330	20	33	2	5	65	VGP	VGP	HiFi
030028045	50348260	149218186	3386	3235	24	127	2	2	77	VGP	VGP	HiFi
030028105	7300797	148671352	3323	3301	18	4	22	45	39	VGP	VGP	HiFi
030035675	18156940	188683971	3365	3328	22	15	6	19	47	VGP	VGP	HiFi
030144855	4266932	112262883	3318	3296	22	0	23	49	45	VGP	VGP	HiFi
030435755	12191025	73962893	3366	3297	31	38	7	17	64	VGP	VGP	HiFi
030435805	83356672	154078643	3388	3320	10	58	1	1	50	VGP	VGP	HiFi
030445035	13963394	127081865	3367	3268	21	78	6	17	108	VGP	VGP	HiFi
030463535	5834861	40765202	3320	3296	23	1	16	54	74	VGP	VGP	HiFi
030490865	8462732	107919339	3374	3181	193	0	3	13	52	VGP	VGP	HiFi
030684315	6162596	79021053	3285	3274	10	1	28	77	45	VGP	VGP	HiFi
030867095	38556409	255078640	3366	3359	7	0	3	21	45	VGP	VGP	HiFi
030936135	13765203	50637386	3385	3380	5	0	2	3	42	VGP	VGP	HiFi
031021105	3064756	259117534	3282	3215	64	3	28	80	99	VGP	VGP	HiFi
032444005	13907627	725832262	3312	3275	31	6	18	60	45	VGP	VGP	HiFi
035084215	4905566	66821466	3292	3268	21	3	46	52	55	VGP	VGP	HiFi
035149785	55640180	209480725	3347	3339	7	1	8	35	43	VGP	VGP	HiFi
035609145	10388966	277440397	3287	3255	26	6	24	79	52	VGP	VGP	HiFi
035770615	19453098	77460261	3380	3362	15	3	3	7	66	VGP	VGP	HiFi
036013445	25101800	79699707	3389	3385	3	1	0	1	55	VGP	VGP	HiFi
036013475	14042120	68980706	3370	3357	13	0	5	15	49	VGP	VGP	HiFi
036169615	8413062	73898144	3347	3339	8	0	8	35	68	VGP	VGP	HiFi
036172605	29412599	387735018	3324	3297	14	13	17	49	40	VGP	VGP	HiFi
036250125	10447158	75011098	3365	3346	19	0	8	17	53	VGP	VGP	HiFi
036321535	31216184	72991593	3347	3327	15	5	8	35	55	VGP	VGP	HiFi
036365525	3418954	90140832	3325	3298	21	6	26	39	49	VGP	VGP	HiFi
036370855	24239989	77929039	3376	3235	141	0	1	13	40	VGP	VGP	HiFi
036373705	17465777	44181238	3371	3360	11	0	7	12	60	VGP	VGP	HiFi
036417665	20590000	83066519	3359	3337	18	4	6	25	66	VGP	VGP	HiFi
036417845	19797665	88095958	3386	3383	3	0	2	2	52	VGP	VGP	HiFi
036850765	20156883	300074216	3382	3312	21	49	3	5	69	VGP	VGP	CLR
036850995	17812205	224759591	3379	3317	26	36	5	6	67	VGP	VGP	CLR
036971445	5195315	257710454	3275	3244	23	8	39	76	65	VGP	VGP	HiFi
037157495	19972387	126105786	3377	3354	23	0	4	9	63	VGP	VGP	HiFi
037176765	43146625	249210491	3353	3246	96	11	9	28	60	VGP	VGP	HiFi
037993035	162126771	162126771	3389	3321	9	59	0	1	55	VGP	VGP	PacBio
039877785	21327470	29139200	3383	3369	14	0	3	4	72	VGP	VGP	HiFi
039906515	58817648	110095734	3385	3324	19	42	2	3	64	VGP	VGP	HiFi
040182565	39655246	81007908	3382	3372	9	1	1	7	63	VGP	VGP	HiFi
040807025	28829471	84633522	3383	3263	120	0	2	5	41	VGP	VGP	HiFi
040894005	21805561	214838416	3263	3227	35	1	40	87	56	VGP	VGP	HiFi
040937935	2674826	451034413	3244	3195	47	2	44	102	70	VGP	VGP	HiFi
040938575	23068610	1489131749	3151	3114	19	18	183	56	45	VGP	VGP	HiFi
040954835	20019514	47769348	3381	3377	3	1	4	5	57	VGP	VGP	HiFi
042242105	12920725	27715216	3387	3362	24	1	2	1	54	VGP	VGP	HiFi
042477335	105224494	105224494	3389	3273	17	99	0	1	77	VGP	VGP	Other
043159975	40835442	154799650	3342	3266	11	65	7	41	64	VGP	VGP	HiFi
043641665	17101116	25576037	3389	3369	20	0	1	0	49	VGP	VGP	HiFi
044704955	1893048	225854410	3253	3233	16	4	77	60	67	VGP	VGP	HiFi
047511675	52587502	136846803	3377	3258	38	81	2	11	61	VGP	VGP	HiFi
048164855	31962680	65569260	3374	3288	20	66	6	10	64	VGP	VGP	HiFi
900324465	7055436	25063394	3380	3346	34	0	4	6	87	VGP	VGP	PacBio
900324485	8014513	25090313	3365	3354	10	1	5	20	65	VGP	VGP	PacBio
900496995	21924221	46934974	3385	3373	12	0	1	4	67	VGP	VGP	PacBio
900634415	6330900	25156145	3114	3070	44	0	61	215	226	VGP	VGP	PacBio
900634625	5080925	22993012	3372	3285	85	2	7	11	77	VGP	VGP	PacBio
900634775	1838341	38978045	3291	3210	78	3	27	72	134	VGP	VGP	PacBio
900634795	2574972	19821211	3366	3343	23	0	8	16	106	VGP	VGP	PacBio
900700375	3059612	22793177	3330	3047	281	2	19	41	117	VGP	VGP	PacBio
900747795	6772339	217689105	3357	3342	13	2	10	23	83	VGP	VGP	Other
900880675	2862625	35791275	3360	3329	31	0	10	20	68	VGP	VGP	PacBio
900963305	12371513	23287306	3381	3334	47	0	4	5	67	VGP	VGP	PacBio
900964775	9102216	31084684	3363	3203	158	2	6	21	61	VGP	VGP	PacBio
901000725	3136617	16705553	3326	3190	134	2	17	47	132	VGP	VGP	PacBio
901001135	3216284	486875112	3349	3271	70	8	13	28	134	VGP	VGP	PacBio
901709675	11959915	14974571	3300	3273	26	1	26	64	149	VGP	VGP	PacBio
902148845	2597836	32729575	3353	3151	200	2	13	24	192	VGP	VGP	PacBio
902148855	2360121	57165184	3361	3253	108	0	16	13	152	VGP	VGP	PacBio
902150065	14475636	34950760	3384	3360	24	0	2	4	61	VGP	VGP	PacBio
902167405	1015663	28732775	3299	3278	21	0	27	64	156	VGP	VGP	PacBio
902362185	23134051	50300218	3381	3336	45	0	4	5	59	VGP	VGP	PacBio
902459505	20656571	272612222	3337	3292	21	24	13	40	75	VGP	VGP	PacBio
902500255	2329598	118421481	3321	3286	32	3	35	34	218	VGP	VGP	PacBio
902655055	30403456	149004807	3387	3276	10	101	0	3	114	VGP	VGP	PacBio
902686445	13975867	148229995	3385	3297	18	70	3	2	177	VGP	VGP	PacBio
902713425	8776027	42723358	3368	985	2380	3	11	11	86	VGP	VGP	Other
902713615	1862211	198790641	3270	3234	16	20	49	71	121	VGP	VGP	PacBio
903992535	5392280	158924400	3374	3286	17	71	4	12	142	VGP	VGP	PacBio
903995425	2276141	112723509	3331	3298	16	17	30	29	87	VGP	VGP	PacBio
903995435	4450755	66475698	3372	3330	15	27	6	12	75	VGP	VGP	CLR
904848185	14880455	30717905	3388	3379	8	1	1	1	61	VGP	VGP	PacBio
905171765	3959750	635713434	3297	3272	14	11	26	67	96	VGP	VGP	PacBio
905171775	6264810	481763206	3259	3217	20	22	40	91	83	VGP	VGP	PacBio
910594005	68741660	83473711	3389	3232	25	132	0	1	72	VGP	VGP	PacBio
910596095	26803536	33761101	3385	3377	8	0	4	1	50	VGP	VGP	PacBio
914725855	26795544	34622995	3384	3375	9	0	5	1	50	VGP	VGP	HiFi
922984935	75210923	132955750	3388	3318	16	54	0	2	66	VGP	VGP	HiFi
929443795	17712854	35025567	3386	3382	4	0	0	4	47	VGP	VGP	PacBio
937001465	45583382	114219206	3384	3321	14	49	3	3	67	VGP	VGP	HiFi
947179515	4449850	120938251	3381	3345	10	26	3	6	75	VGP	VGP	PacBio
947347685	1477112	26648505	3353	3332	20	1	18	19	88	VGP	VGP	HiFi
947461875	4576000	44398590	3369	3363	6	0	3	18	51	VGP	VGP	PacBio
949316205	2078972	26770804	3371	3363	8	0	5	14	73	VGP	VGP	PacBio
949316345	1362288	21005440	3357	3341	16	0	19	14	88	VGP	VGP	PacBio
949774975	3398034	110721866	3375	3312	9	54	7	8	70	VGP	VGP	PacBio
949987515	3627551	107080983	3380	3333	17	30	5	5	69	VGP	VGP	PacBio
949987535	3015723	116513105	3377	3301	15	61	8	5	68	VGP	VGP	PacBio
950005125	30960136	88844950	3376	3254	33	89	4	10	56	VGP	VGP	PacBio
950295315	999919	126757761	3333	3297	6	30	34	23	78	VGP	VGP	HiFi
958295425	2587297	29068826	3378	3363	10	5	5	7	72	VGP	VGP	PacBio
963082965	3822391	32663704	3354	1520	1827	7	8	28	85	VGP	VGP	PacBio
963259705	3062752	102234773	3378	3282	11	85	5	7	67	VGP	VGP	PacBio
963455315	3290841	105087932	3376	3311	20	45	5	9	68	VGP	VGP	PacBio
963506605	3447840	96056580	3370	3344	12	14	6	14	67	VGP	VGP	PacBio
963514075	3090688	64882367	3342	3173	168	1	24	24	84	VGP	VGP	PacBio
963576545	3420448	28632645	3375	3335	22	18	4	11	70	VGP	VGP	PacBio
963584025	2678957	30403003	3378	3365	13	0	6	6	75	VGP	VGP	PacBio
963662255	3563180	74357285	3374	3366	8	0	6	10	58	VGP	VGP	PacBio
963691925	1496448	31095048	3334	3324	9	1	25	31	76	VGP	VGP	PacBio
963692335	396237	18633437	3311	3282	27	2	42	37	110	VGP	VGP	PacBio
963854185	1117303	34617450	3338	3286	48	4	18	34	85	VGP	VGP	PacBio
963921805	4631399	84621172	3383	3374	9	0	1	6	46	VGP	VGP	PacBio
963924245	4003687	83755488	3389	3386	3	0	1	0	44	VGP	VGP	PacBio
963924675	3726689	110192646	3380	3340	14	26	3	7	61	VGP	VGP	PacBio
963924715	2956553	34318521	3383	3374	9	0	5	2	46	VGP	VGP	PacBio
963930625	5780196	114544513	3387	3314	13	60	0	3	61	VGP	VGP	PacBio
963930695	2715806	31261685	3360	3347	13	0	10	20	83	VGP	VGP	PacBio
963932015	3416933	76435830	3382	3375	7	0	4	4	58	VGP	VGP	PacBio
964237555	2030165	144279705	3378	3268	23	87	4	8	83	VGP	VGP	PacBio
